claim_id,accident_year,line_of_business,risk_class,exposure,previous_claims,deductible,coverage_limit,development_month,claim_amount,reported_amount,paid_amount,reserve,litigated,status,report_lag_days
VEL-00001,2018,cargo,B,167000.0,0,25000.0,1000000.0,30,7743.0,7455.0,6257.0,1198.0,False,closed,11.0
VEL-00002,2018,auto_liability,D,194000.0,5,5000.0,2000000.0,30,14285.0,14512.0,12278.0,2234.0,False,closed,10.0
VEL-00003,2018,auto_liability,A,227000.0,4,10000.0,2000000.0,30,4142.0,4571.0,3843.0,728.0,False,closed,46.0
VEL-00004,2018,cargo,C,87000.0,1,10000.0,1000000.0,30,8804.0,9468.0,7313.0,2155.0,False,closed,50.0
VEL-00005,2018,auto_liability,B,496000.0,0,5000.0,1000000.0,30,27631.0,25471.0,50015.767271800236,0.0,False,closed,183.0
VEL-00006,2018,cargo,A,325000.0,0,5000.0,2000000.0,30,7035.0,6804.0,7017.0,0.0,False,closed,52.0
VEL-00007,2018,cargo,D,261000.0,1,10000.0,2000000.0,30,13432.0,13531.0,12398.0,1133.0,False,closed,28.0
VEL-00008,2018,physical_damage,B,150000.0,0,5000.0,2000000.0,30,3460.0,3660.0,2801.0,859.0,False,closed,9.0
VEL-00009,2018,auto_liability,A,172000.0,1,5000.0,2000000.0,30,2551.0,2299.0,2133.0,166.0,False,closed,11.0
VEL-00010,2018,auto_liability,D,238000.0,3,10000.0,2000000.0,30,13267.0,14462.0,11969.0,2493.0,True,closed,20.0
VEL-00011,2018,auto_liability,A,222000.0,0,5000.0,2000000.0,30,6830.0,7412.0,6741.0,671.0,False,closed,18.0
VEL-00012,2018,physical_damage,A,76000.0,0,5000.0,2000000.0,30,6401.0,7107.0,6378.0,729.0,False,closed,38.0
VEL-00013,2018,physical_damage,B,263000.0,2,25000.0,1000000.0,30,4618.0,4362.0,4375.0,0.0,False,closed,17.0
VEL-00014,2018,physical_damage,D,802000.0,3,25000.0,2000000.0,30,19506.0,18470.0,19078.0,0.0,False,closed,4.0
VEL-00015,2018,workers_comp,A,70000.0,0,5000.0,2000000.0,30,2851.0,3088.0,2336.0,752.0,False,closed,39.0
VEL-00016,2018,cargo,D,300000.0,0,25000.0,1000000.0,30,11733.0,11888.0,10577.0,1311.0,False,closed,69.0
VEL-00017,2018,physical_damage,B,218000.0,1,10000.0,2000000.0,30,6471.0,6173.0,5796.0,377.0,False,closed,4.0
VEL-00018,2018,workers_comp,A,170000.0,3,25000.0,1000000.0,30,5431.0,4908.0,4580.0,328.0,False,closed,40.0
VEL-00019,2018,auto_liability,B,364000.0,3,5000.0,1000000.0,30,6144.0,5822.0,5608.0,214.0,False,closed,4.0
VEL-00020,2018,auto_liability,B,98000.0,3,25000.0,1000000.0,30,3320.0,3481.0,3030.0,451.0,False,closed,33.0
VEL-00021,2018,physical_damage,B,196000.0,1,10000.0,1000000.0,30,4286.0,4548.0,4262.0,286.0,False,closed,16.0
VEL-00022,2018,auto_liability,C,381000.0,2,25000.0,2000000.0,30,25899.0,25328.0,21066.0,4262.0,False,closed,7.0
VEL-00023,2018,auto_liability,B,163000.0,0,25000.0,2000000.0,30,9570.0,10545.0,8229.0,2316.0,False,closed,22.0
VEL-00024,2018,physical_damage,D,145000.0,3,5000.0,1000000.0,30,28779.0,29128.0,24008.0,5120.0,False,closed,12.0
VEL-00025,2018,physical_damage,A,191000.0,0,5000.0,2000000.0,30,6677.0,6770.0,5640.0,1130.0,False,closed,59.0
VEL-00026,2018,workers_comp,C,143000.0,3,10000.0,1000000.0,30,31637.0,31220.0,27324.0,3896.0,False,closed,18.0
VEL-00027,2018,physical_damage,B,398000.0,4,10000.0,1000000.0,30,14112.0,13953.0,12331.0,1622.0,False,closed,26.0
VEL-00028,2018,physical_damage,C,113000.0,3,5000.0,2000000.0,30,23849.0,23348.0,23646.0,0.0,False,closed,22.0
VEL-00029,2018,physical_damage,C,282000.0,1,5000.0,1000000.0,30,56754.0,61375.0,49131.0,12244.0,False,closed,37.0
VEL-00030,2018,auto_liability,D,95000.0,3,5000.0,2000000.0,30,6930.0,6908.0,6215.0,693.0,False,closed,12.0
VEL-00031,2018,auto_liability,A,254000.0,1,25000.0,2000000.0,30,5478.0,5209.0,4564.0,645.0,True,closed,70.0
VEL-00032,2018,auto_liability,B,171000.0,1,5000.0,1000000.0,30,5302.0,5280.0,4476.0,804.0,False,closed,25.0
VEL-00033,2018,physical_damage,D,48000.0,1,25000.0,1000000.0,30,841.0,928.0,709.0,219.0,False,closed,25.0
VEL-00034,2018,auto_liability,D,179000.0,1,5000.0,1000000.0,30,2886.0,3003.0,2637.0,366.0,True,closed,22.0
VEL-00035,2018,auto_liability,B,104000.0,1,25000.0,2000000.0,30,5596.0,5166.0,4813.0,353.0,False,closed,25.0
VEL-00036,2018,auto_liability,D,143000.0,2,5000.0,2000000.0,30,13244.0,13141.0,11331.0,1810.0,False,closed,17.0
VEL-00037,2018,cargo,B,397000.0,1,25000.0,2000000.0,30,6658.0,6676.0,6024.0,652.0,False,closed,15.0
VEL-00038,2018,auto_liability,B,101000.0,1,5000.0,2000000.0,30,12947.0,11692.0,10400.0,1292.0,False,closed,17.0
VEL-00039,2018,auto_liability,C,104000.0,3,5000.0,1000000.0,30,17683.0,19655.0,17200.0,2455.0,False,closed,26.0
VEL-00040,2018,cargo,B,377000.0,3,25000.0,1000000.0,30,7531.0,8296.0,6102.0,2194.0,False,closed,41.0
VEL-00041,2018,physical_damage,B,191000.0,2,5000.0,2000000.0,30,22993.0,21207.0,20286.0,921.0,False,closed,27.0
VEL-00042,2018,cargo,B,398000.0,1,5000.0,1000000.0,30,38231.0,39053.0,38144.0,909.0,False,closed,19.0
VEL-00043,2018,physical_damage,B,213000.0,3,10000.0,2000000.0,30,11201.0,10851.0,9337.0,1514.0,False,closed,29.0
VEL-00044,2018,cargo,A,114000.0,0,5000.0,2000000.0,30,4032.0,3817.0,3262.0,555.0,False,closed,40.0
VEL-00045,2018,auto_liability,A,174000.0,3,5000.0,2000000.0,30,13643.0,13102.0,12240.0,862.0,False,closed,31.0
VEL-00046,2018,physical_damage,C,339000.0,1,10000.0,1000000.0,30,8551.0,7797.0,7919.0,0.0,False,closed,61.0
VEL-00047,2018,physical_damage,B,292000.0,2,10000.0,2000000.0,30,5966.0,6273.0,5229.0,1044.0,False,closed,22.0
VEL-00048,2018,cargo,B,180000.0,2,5000.0,1000000.0,30,11238.0,11021.0,9485.0,1536.0,False,closed,23.0
VEL-00049,2018,auto_liability,C,185000.0,2,10000.0,2000000.0,30,4527.0,4771.0,4247.0,524.0,False,closed,14.0
VEL-00050,2018,physical_damage,A,170000.0,0,25000.0,2000000.0,30,14507.0,15658.0,13317.0,2341.0,False,closed,11.0
VEL-00051,2018,auto_liability,A,134000.0,1,10000.0,2000000.0,30,8141.0,8353.0,7078.0,1275.0,True,closed,26.0
VEL-00052,2018,auto_liability,A,486000.0,1,5000.0,2000000.0,30,11343.0,11066.0,10471.0,595.0,False,closed,17.0
VEL-00053,2018,auto_liability,B,181000.0,1,5000.0,1000000.0,30,8588.0,7994.0,8313.0,0.0,False,closed,34.0
VEL-00054,2018,auto_liability,C,101000.0,3,10000.0,1000000.0,30,3740.0,3902.0,3377.0,525.0,False,closed,18.0
VEL-00055,2018,cargo,B,141000.0,0,5000.0,1000000.0,30,9156.0,9599.0,8035.0,1564.0,False,closed,23.0
VEL-00056,2018,auto_liability,B,261000.0,5,5000.0,1000000.0,30,10715.0,11485.0,9891.0,1594.0,False,closed,67.0
VEL-00057,2018,workers_comp,B,250000.0,1,5000.0,2000000.0,30,9361.0,8708.0,8434.0,274.0,False,closed,38.0
VEL-00058,2018,physical_damage,A,168000.0,1,10000.0,2000000.0,30,58078.0,52860.0,47610.0,5250.0,False,closed,42.0
VEL-00059,2018,physical_damage,A,128000.0,0,25000.0,1000000.0,30,5420.0,5926.0,5315.0,611.0,False,closed,12.0
VEL-00060,2018,physical_damage,B,182000.0,1,25000.0,1000000.0,30,5114.0,5285.0,4218.0,1067.0,False,closed,10.0
VEL-00061,2018,physical_damage,C,76000.0,1,10000.0,2000000.0,30,22954.0,21134.0,21772.0,0.0,False,closed,15.0
VEL-00062,2018,auto_liability,A,92000.0,2,5000.0,1000000.0,30,7972.0,8418.0,7068.0,1350.0,False,closed,47.0
VEL-00063,2018,physical_damage,B,271000.0,2,5000.0,2000000.0,30,7775.0,7094.0,7438.0,0.0,False,closed,10.0
VEL-00064,2018,auto_liability,A,141000.0,0,10000.0,2000000.0,30,3828.0,3978.0,3463.0,515.0,False,closed,23.0
VEL-00065,2018,physical_damage,B,218000.0,2,5000.0,2000000.0,30,10932.0,11173.0,10540.0,633.0,False,closed,58.0
VEL-00066,2018,auto_liability,B,337000.0,0,10000.0,2000000.0,30,10400.0,10997.0,9297.0,1700.0,False,closed,16.0
VEL-00067,2018,workers_comp,A,251000.0,3,10000.0,2000000.0,30,18427.0,16966.0,15652.0,1314.0,False,closed,22.0
VEL-00068,2018,auto_liability,B,182000.0,2,5000.0,2000000.0,30,4432.0,4875.0,4228.0,647.0,True,closed,33.0
VEL-00069,2018,physical_damage,B,538000.0,2,5000.0,2000000.0,30,10976.0,12149.0,10597.0,1552.0,False,closed,5.0
VEL-00070,2018,auto_liability,B,254000.0,1,5000.0,1000000.0,30,10466.0,11687.0,9425.0,2262.0,False,closed,49.0
VEL-00071,2018,cargo,A,150000.0,2,25000.0,2000000.0,30,14998.0,16026.0,14785.0,1241.0,False,closed,18.0
VEL-00072,2018,physical_damage,C,262000.0,3,25000.0,1000000.0,30,958.0,928.0,902.0,26.0,False,closed,18.0
VEL-00073,2018,auto_liability,A,222000.0,0,5000.0,2000000.0,30,2334.0,2603.0,2303.0,300.0,False,closed,4.0
VEL-00074,2018,cargo,D,116000.0,4,10000.0,2000000.0,30,8604.0,8906.0,7220.0,1686.0,True,closed,12.0
VEL-00075,2018,workers_comp,A,187000.0,3,10000.0,2000000.0,30,8750.0,9258.0,8651.0,607.0,False,closed,1.0
VEL-00076,2018,workers_comp,A,165000.0,1,25000.0,2000000.0,30,11895.0,12436.0,11342.0,1094.0,False,closed,47.0
VEL-00077,2018,physical_damage,A,66000.0,2,10000.0,1000000.0,30,12973.0,12265.0,12825.0,0.0,False,closed,52.0
VEL-00078,2018,auto_liability,D,165000.0,1,10000.0,2000000.0,30,13176.0,14331.0,11463.0,2868.0,False,closed,11.0
VEL-00079,2018,auto_liability,A,156000.0,0,25000.0,1000000.0,30,4137.0,4312.0,3770.0,542.0,False,closed,43.0
VEL-00080,2018,workers_comp,B,144000.0,1,25000.0,2000000.0,30,12925.0,12261.0,12652.0,0.0,True,closed,30.0
VEL-00081,2018,physical_damage,D,77000.0,0,5000.0,2000000.0,30,44307.0,43561.0,41404.0,2157.0,False,closed,10.0
VEL-00082,2018,auto_liability,D,150000.0,2,5000.0,2000000.0,30,5236.0,4878.0,4491.0,387.0,False,closed,9.0
VEL-00083,2018,cargo,A,176000.0,4,25000.0,1000000.0,30,10618.0,10567.0,9108.0,1459.0,False,closed,4.0
VEL-00084,2018,physical_damage,B,190000.0,0,10000.0,1000000.0,30,25685.0,28708.0,25409.0,3299.0,False,closed,5.0
VEL-00085,2018,physical_damage,B,100000.0,1,5000.0,2000000.0,30,10291.0,10131.0,9615.0,516.0,False,closed,31.0
VEL-00086,2018,auto_liability,C,249000.0,1,10000.0,1000000.0,30,1466.0,1447.0,1188.0,259.0,False,closed,73.0
VEL-00087,2018,physical_damage,B,96000.0,1,5000.0,1000000.0,30,10517.0,11323.0,8958.0,2365.0,False,closed,31.0
VEL-00088,2018,auto_liability,B,160000.0,1,25000.0,2000000.0,30,4156.0,3816.0,3788.0,28.0,False,closed,3.0
VEL-00089,2018,auto_liability,A,352000.0,2,10000.0,2000000.0,30,4180.0,3872.0,3502.0,370.0,False,closed,16.0
VEL-00090,2018,cargo,A,126000.0,0,5000.0,1000000.0,30,18586.0,19777.0,16600.0,3177.0,False,closed,20.0
VEL-00091,2018,physical_damage,B,138000.0,0,25000.0,1000000.0,30,11290.0,10485.0,10540.0,0.0,False,closed,6.0
VEL-00092,2018,physical_damage,A,313000.0,4,10000.0,2000000.0,30,5332.0,5516.0,4355.0,1161.0,False,closed,10.0
VEL-00093,2018,auto_liability,A,148000.0,0,25000.0,2000000.0,30,8883.0,9591.0,7557.0,2034.0,False,closed,27.0
VEL-00094,2018,cargo,B,155000.0,1,10000.0,2000000.0,30,14305.0,14647.0,13964.0,683.0,False,closed,16.0
VEL-00095,2018,auto_liability,A,202000.0,1,5000.0,2000000.0,30,4923.0,4518.0,3979.0,539.0,False,closed,11.0
VEL-00096,2018,auto_liability,A,309000.0,2,10000.0,1000000.0,30,5702.0,5391.0,4689.0,702.0,False,closed,4.0
VEL-00097,2018,auto_liability,D,58000.0,6,5000.0,2000000.0,30,10024.0,10213.0,9663.0,550.0,False,closed,38.0
VEL-00098,2018,auto_liability,B,118000.0,0,5000.0,2000000.0,30,4308.0,4781.0,4029.0,752.0,False,closed,28.0
VEL-00099,2018,workers_comp,A,107000.0,0,25000.0,1000000.0,30,7370.0,7693.0,6591.0,1102.0,False,closed,68.0
VEL-00100,2018,physical_damage,C,103000.0,2,10000.0,1000000.0,30,9882.0,10409.0,9603.0,806.0,True,closed,6.0
VEL-00101,2018,physical_damage,A,116000.0,0,5000.0,1000000.0,30,3178.0,3277.0,2675.0,602.0,False,closed,32.0
VEL-00102,2018,physical_damage,A,117000.0,0,25000.0,1000000.0,30,2529.0,2457.0,2026.0,431.0,False,closed,34.0
VEL-00103,2018,cargo,D,210000.0,0,10000.0,2000000.0,30,40848.0,42224.0,39315.0,2909.0,False,closed,23.0
VEL-00104,2018,auto_liability,C,114000.0,0,25000.0,1000000.0,30,5671.0,5116.0,5260.0,0.0,False,closed,11.0
VEL-00105,2018,physical_damage,B,192000.0,1,10000.0,1000000.0,30,7797.0,7728.0,6763.0,965.0,True,closed,15.0
VEL-00106,2018,physical_damage,A,221000.0,1,5000.0,2000000.0,30,5874.0,6336.0,5380.0,956.0,False,closed,21.0
VEL-00107,2018,auto_liability,B,124000.0,4,10000.0,1000000.0,30,5656.0,5345.0,4617.0,728.0,False,closed,3.0
VEL-00108,2018,physical_damage,A,192000.0,0,10000.0,1000000.0,30,6612.0,6894.0,5703.0,1191.0,False,closed,33.0
VEL-00109,2018,cargo,A,416000.0,1,5000.0,2000000.0,30,8873.0,9392.0,8107.0,1285.0,False,closed,22.0
VEL-00110,2018,workers_comp,A,212000.0,1,5000.0,1000000.0,30,5687.0,5314.0,5510.0,0.0,False,closed,16.0
VEL-00111,2018,auto_liability,A,130000.0,0,10000.0,2000000.0,30,9154.0,9966.0,7903.0,2063.0,False,closed,23.0
VEL-00112,2018,workers_comp,B,174000.0,2,10000.0,2000000.0,30,7559.0,7209.0,6139.0,1070.0,False,closed,23.0
VEL-00113,2018,auto_liability,A,113000.0,1,10000.0,1000000.0,30,9888.0,10993.0,8085.0,2908.0,False,closed,28.0
VEL-00114,2018,cargo,A,207000.0,1,10000.0,2000000.0,30,2004.0,1956.0,1726.0,230.0,False,closed,24.0
VEL-00115,2018,cargo,D,280000.0,1,5000.0,2000000.0,30,6945.0,7185.0,6426.0,759.0,False,closed,10.0
VEL-00116,2018,auto_liability,B,118000.0,1,25000.0,1000000.0,30,11696.0,12967.0,11007.0,1960.0,False,closed,13.0
VEL-00117,2018,physical_damage,B,162000.0,1,25000.0,2000000.0,30,7104.0,7675.0,6670.0,1005.0,False,closed,22.0
VEL-00118,2018,cargo,A,318000.0,0,5000.0,1000000.0,30,5108.0,5143.0,4980.0,163.0,True,closed,20.0
VEL-00119,2018,auto_liability,C,140000.0,0,25000.0,1000000.0,30,8994.0,8479.0,8422.0,57.0,False,closed,53.0
VEL-00120,2018,physical_damage,B,198000.0,2,25000.0,1000000.0,30,3624.0,3752.0,3385.0,367.0,False,closed,12.0
VEL-00121,2018,cargo,B,107000.0,2,25000.0,2000000.0,30,10933.0,11254.0,10045.0,1209.0,False,closed,15.0
VEL-00122,2018,physical_damage,B,118000.0,0,5000.0,1000000.0,30,1507.0,1378.0,1407.0,0.0,False,closed,16.0
VEL-00123,2018,cargo,A,139000.0,1,5000.0,2000000.0,30,6019.0,5924.0,5695.0,229.0,False,closed,6.0
VEL-00124,2018,auto_liability,A,534000.0,2,5000.0,2000000.0,30,2795.0,3082.0,2782.0,300.0,False,closed,23.0
VEL-00125,2018,auto_liability,B,147000.0,0,5000.0,2000000.0,30,8330.0,8460.0,6963.0,1497.0,False,closed,9.0
VEL-00126,2018,auto_liability,D,138000.0,1,5000.0,2000000.0,30,15990.0,15028.0,14849.0,179.0,False,closed,15.0
VEL-00127,2018,auto_liability,C,136000.0,2,25000.0,1000000.0,30,3576.0,3725.0,2950.0,775.0,False,closed,10.0
VEL-00128,2018,auto_liability,B,166000.0,1,5000.0,1000000.0,30,18575.0,18572.0,15626.0,2946.0,False,closed,18.0
VEL-00129,2018,workers_comp,B,250000.0,0,10000.0,2000000.0,30,8148.0,8971.0,8029.0,942.0,False,closed,23.0
VEL-00130,2018,physical_damage,A,198000.0,1,25000.0,1000000.0,30,1391.0,1402.0,1225.0,177.0,False,closed,19.0
VEL-00131,2018,auto_liability,C,504000.0,3,25000.0,2000000.0,30,1139.0,1032.0,2420.2713087255765,0.0,False,closed,167.0
VEL-00132,2018,auto_liability,A,200000.0,0,25000.0,1000000.0,30,14431.0,13500.0,12156.0,1344.0,False,closed,8.0
VEL-00133,2018,workers_comp,A,371000.0,2,5000.0,1000000.0,30,9739.0,9141.0,8785.0,356.0,False,closed,14.0
VEL-00134,2018,physical_damage,B,207000.0,0,25000.0,1000000.0,30,4886.0,5420.0,3933.0,1487.0,False,closed,62.0
VEL-00135,2018,workers_comp,C,244000.0,0,10000.0,2000000.0,30,8854.0,8669.0,8112.0,557.0,False,closed,14.0
VEL-00136,2018,physical_damage,C,87000.0,2,10000.0,1000000.0,30,4274.0,4175.0,4235.0,0.0,False,closed,29.0
VEL-00137,2018,physical_damage,B,169000.0,3,25000.0,1000000.0,30,21889.0,24401.0,20520.0,3881.0,False,closed,40.0
VEL-00138,2018,cargo,A,174000.0,0,5000.0,2000000.0,30,7935.0,7501.0,7404.0,97.0,False,closed,3.0
VEL-00139,2018,cargo,A,159000.0,0,10000.0,2000000.0,30,32357.0,33549.0,29476.0,4073.0,False,closed,23.0
VEL-00140,2018,physical_damage,C,61000.0,0,10000.0,1000000.0,30,8352.0,9258.0,7217.0,2041.0,False,closed,15.0
VEL-00141,2018,physical_damage,D,280000.0,2,5000.0,2000000.0,30,2032.0,2236.0,1940.0,296.0,True,closed,23.0
VEL-00142,2018,cargo,A,148000.0,3,25000.0,1000000.0,30,15919.0,14889.0,13972.0,917.0,False,closed,20.0
VEL-00143,2018,physical_damage,C,145000.0,1,5000.0,2000000.0,30,7357.0,7384.0,6381.0,1003.0,False,closed,29.0
VEL-00144,2018,workers_comp,B,158000.0,4,5000.0,1000000.0,30,10633.0,10159.0,9671.0,488.0,False,closed,7.0
VEL-00145,2018,auto_liability,B,161000.0,1,10000.0,2000000.0,30,18004.0,18976.0,17913.0,1063.0,False,closed,6.0
VEL-00146,2018,physical_damage,B,221000.0,1,25000.0,2000000.0,30,6516.0,6217.0,6169.0,48.0,False,closed,27.0
VEL-00147,2018,physical_damage,A,95000.0,0,10000.0,1000000.0,30,15538.0,14589.0,14527.0,62.0,False,closed,23.0
VEL-00148,2018,workers_comp,B,113000.0,0,5000.0,1000000.0,30,12655.0,12147.0,10448.0,1699.0,False,closed,2.0
VEL-00149,2018,auto_liability,A,208000.0,0,10000.0,1000000.0,30,2589.0,2405.0,2490.0,0.0,False,closed,56.0
VEL-00150,2018,cargo,C,194000.0,2,25000.0,2000000.0,30,18442.0,19505.0,16313.0,3192.0,False,closed,17.0
VEL-00151,2018,physical_damage,B,149000.0,0,10000.0,2000000.0,30,5060.0,4865.0,4684.0,181.0,False,closed,19.0
VEL-00152,2018,cargo,C,135000.0,4,10000.0,1000000.0,30,31671.0,31291.0,28889.0,2402.0,False,closed,4.0
VEL-00153,2018,physical_damage,C,119000.0,2,25000.0,1000000.0,30,19920.0,19135.0,19065.0,70.0,True,closed,22.0
VEL-00154,2018,workers_comp,B,175000.0,0,25000.0,1000000.0,30,13315.0,13097.0,10737.0,2360.0,False,closed,27.0
VEL-00155,2018,auto_liability,A,325000.0,1,10000.0,1000000.0,30,7189.0,6953.0,5892.0,1061.0,False,closed,32.0
VEL-00156,2018,auto_liability,D,106000.0,2,25000.0,2000000.0,30,12662.0,12380.0,10842.0,1538.0,False,closed,8.0
VEL-00157,2018,auto_liability,B,386000.0,2,5000.0,1000000.0,30,4520.0,4773.0,3799.0,974.0,False,closed,116.0
VEL-00158,2018,auto_liability,A,274000.0,0,5000.0,2000000.0,30,8904.0,8354.0,8337.0,17.0,False,closed,35.0
VEL-00159,2018,auto_liability,A,144000.0,2,10000.0,2000000.0,30,3837.0,4033.0,3159.0,874.0,False,closed,38.0
VEL-00160,2018,workers_comp,D,266000.0,8,10000.0,2000000.0,30,30083.0,29373.0,24622.0,4751.0,False,closed,66.0
VEL-00161,2018,cargo,B,86000.0,2,5000.0,1000000.0,30,5060.0,4658.0,4584.0,74.0,False,closed,18.0
VEL-00162,2018,auto_liability,A,76000.0,3,5000.0,1000000.0,30,4912.0,4550.0,7577.157386878216,555.0,True,closed,175.0
VEL-00163,2018,physical_damage,B,94000.0,2,10000.0,2000000.0,30,10847.0,11911.0,10400.0,1511.0,False,closed,2.0
VEL-00164,2018,physical_damage,B,147000.0,2,10000.0,2000000.0,30,4395.0,3996.0,3806.0,190.0,False,closed,3.0
VEL-00165,2018,physical_damage,B,153000.0,1,25000.0,2000000.0,30,5819.0,5591.0,5007.0,584.0,False,closed,18.0
VEL-00166,2018,physical_damage,D,139000.0,1,5000.0,1000000.0,30,7953.0,8669.0,7312.0,1357.0,False,closed,22.0
VEL-00167,2018,auto_liability,D,189000.0,2,5000.0,2000000.0,30,14341.0,13158.0,14273.0,0.0,True,closed,18.0
VEL-00168,2018,workers_comp,A,62000.0,0,10000.0,1000000.0,30,6075.0,5749.0,5204.0,545.0,False,closed,14.0
VEL-00169,2018,physical_damage,A,231000.0,0,25000.0,2000000.0,30,9053.0,8683.0,7651.0,1032.0,False,closed,31.0
VEL-00170,2018,physical_damage,B,89000.0,1,10000.0,1000000.0,30,24988.0,27084.0,21831.0,5253.0,False,closed,32.0
VEL-00171,2018,physical_damage,C,129000.0,2,10000.0,2000000.0,30,12713.0,11765.0,12152.0,0.0,False,closed,15.0
VEL-00172,2018,auto_liability,B,146000.0,0,5000.0,1000000.0,30,1665.0,1845.0,1643.0,202.0,False,closed,21.0
VEL-00173,2018,auto_liability,C,101000.0,1,25000.0,1000000.0,30,7489.0,6938.0,6222.0,716.0,False,closed,28.0
VEL-00174,2018,physical_damage,B,91000.0,2,10000.0,2000000.0,30,17405.0,17830.0,14028.0,3802.0,False,closed,24.0
VEL-00175,2018,cargo,A,109000.0,0,25000.0,1000000.0,30,6849.0,7329.0,5898.0,1431.0,False,closed,5.0
VEL-00176,2018,cargo,C,179000.0,2,25000.0,1000000.0,30,29107.0,29773.0,25153.0,4620.0,False,closed,15.0
VEL-00177,2018,cargo,A,242000.0,0,5000.0,2000000.0,30,13502.0,13659.0,12820.0,839.0,False,closed,14.0
VEL-00178,2018,auto_liability,B,239000.0,2,5000.0,1000000.0,30,7662.0,7633.0,7173.0,460.0,False,closed,49.0
VEL-00179,2018,workers_comp,A,109000.0,2,5000.0,2000000.0,30,8597.0,8215.0,8162.0,53.0,False,closed,10.0
VEL-00180,2018,cargo,B,121000.0,2,25000.0,2000000.0,30,7069.0,7906.0,6210.0,1696.0,True,closed,18.0
VEL-00181,2018,cargo,D,114000.0,2,10000.0,2000000.0,30,12783.0,12640.0,11322.0,1318.0,False,closed,16.0
VEL-00182,2018,physical_damage,B,225000.0,4,10000.0,2000000.0,30,8376.0,8717.0,8279.0,438.0,False,closed,14.0
VEL-00183,2018,workers_comp,A,65000.0,0,5000.0,2000000.0,30,15498.0,15934.0,12548.0,3386.0,False,closed,4.0
VEL-00184,2018,auto_liability,B,334000.0,2,5000.0,1000000.0,30,7671.0,8527.0,6170.0,2357.0,False,closed,61.0
VEL-00185,2018,auto_liability,B,141000.0,2,5000.0,1000000.0,30,4467.0,4260.0,3589.0,671.0,False,closed,19.0
VEL-00186,2018,auto_liability,A,122000.0,0,25000.0,2000000.0,30,4815.0,4498.0,4639.0,0.0,False,closed,28.0
VEL-00187,2018,auto_liability,A,213000.0,0,25000.0,1000000.0,30,6133.0,6733.0,5542.0,1191.0,False,closed,25.0
VEL-00188,2018,auto_liability,A,302000.0,2,10000.0,2000000.0,30,1356.0,1372.0,1273.0,99.0,True,closed,14.0
VEL-00189,2018,auto_liability,B,214000.0,0,10000.0,2000000.0,30,3150.0,3279.0,2932.0,347.0,False,closed,18.0
VEL-00190,2018,physical_damage,B,305000.0,1,10000.0,2000000.0,30,4398.0,4563.0,4233.0,330.0,False,closed,45.0
VEL-00191,2018,auto_liability,B,193000.0,4,5000.0,2000000.0,30,4812.0,5159.0,4360.0,799.0,False,closed,6.0
VEL-00192,2018,physical_damage,A,333000.0,0,10000.0,2000000.0,30,5335.0,5785.0,4619.0,1166.0,False,closed,19.0
VEL-00193,2018,auto_liability,B,335000.0,0,25000.0,1000000.0,30,4623.0,4874.0,3802.0,1072.0,False,closed,24.0
VEL-00194,2018,physical_damage,A,171000.0,2,25000.0,2000000.0,30,3411.0,3074.0,3009.0,65.0,False,closed,15.0
VEL-00195,2018,auto_liability,D,370000.0,2,25000.0,1000000.0,30,13869.0,15037.0,11636.0,3401.0,False,closed,15.0
VEL-00196,2018,auto_liability,D,195000.0,1,5000.0,1000000.0,30,10316.0,9381.0,10164.0,0.0,False,closed,30.0
VEL-00197,2018,workers_comp,B,188000.0,0,25000.0,1000000.0,30,3744.0,4076.0,3567.0,509.0,False,closed,17.0
VEL-00198,2018,physical_damage,B,114000.0,0,5000.0,1000000.0,30,8105.0,7296.0,6945.0,351.0,False,closed,67.0
VEL-00199,2018,cargo,C,156000.0,3,5000.0,1000000.0,30,5475.0,5860.0,4940.0,920.0,False,closed,30.0
VEL-00200,2018,physical_damage,A,266000.0,1,5000.0,2000000.0,30,23560.0,24515.0,21060.0,3455.0,False,closed,51.0
VEL-00201,2018,physical_damage,C,93000.0,4,10000.0,1000000.0,30,6968.0,6311.0,6417.0,0.0,False,closed,32.0
VEL-00202,2018,auto_liability,A,249000.0,0,5000.0,2000000.0,30,3425.0,3650.0,3389.0,261.0,False,closed,9.0
VEL-00203,2018,physical_damage,C,214000.0,1,10000.0,1000000.0,30,10447.0,10734.0,8934.0,1800.0,False,closed,18.0
VEL-00204,2018,auto_liability,B,207000.0,1,25000.0,1000000.0,30,4840.0,4485.0,4467.0,18.0,False,closed,20.0
VEL-00205,2018,cargo,B,60000.0,0,25000.0,1000000.0,30,9997.0,10926.0,9006.0,1920.0,False,closed,20.0
VEL-00206,2018,workers_comp,D,171000.0,4,10000.0,2000000.0,30,61213.0,63053.0,60657.0,2396.0,False,closed,30.0
VEL-00207,2018,cargo,A,249000.0,1,5000.0,1000000.0,30,10134.0,10152.0,8549.0,1603.0,False,closed,28.0
VEL-00208,2018,auto_liability,C,123000.0,3,10000.0,2000000.0,30,12854.0,14242.0,11949.0,2293.0,False,closed,21.0
VEL-00209,2018,auto_liability,B,188000.0,2,5000.0,1000000.0,30,13105.0,12380.0,10722.0,1658.0,False,closed,6.0
VEL-00210,2018,auto_liability,B,55000.0,4,25000.0,1000000.0,30,2709.0,2543.0,2462.0,81.0,False,closed,56.0
VEL-00211,2018,auto_liability,B,252000.0,2,10000.0,1000000.0,30,19980.0,21905.0,19819.0,2086.0,False,closed,15.0
VEL-00212,2018,physical_damage,A,129000.0,1,10000.0,2000000.0,30,11032.0,10318.0,10413.0,0.0,False,closed,13.0
VEL-00213,2018,cargo,A,278000.0,0,10000.0,1000000.0,30,17549.0,18951.0,14149.0,4802.0,False,closed,2.0
VEL-00214,2018,auto_liability,B,72000.0,1,5000.0,1000000.0,30,2947.0,2788.0,2938.0,0.0,False,closed,32.0
VEL-00215,2018,cargo,A,254000.0,0,25000.0,1000000.0,30,15805.0,17055.0,14350.0,2705.0,False,closed,39.0
VEL-00216,2018,cargo,B,160000.0,0,10000.0,1000000.0,30,14261.0,14115.0,13062.0,1053.0,False,closed,38.0
VEL-00217,2018,auto_liability,D,270000.0,3,5000.0,2000000.0,30,5616.0,5817.0,5555.0,262.0,False,closed,2.0
VEL-00218,2018,cargo,D,113000.0,1,10000.0,2000000.0,30,86468.0,89372.0,79287.0,10085.0,False,closed,42.0
VEL-00219,2018,cargo,C,132000.0,1,10000.0,2000000.0,30,19547.0,19290.0,16500.0,2790.0,True,closed,15.0
VEL-00220,2018,auto_liability,C,552000.0,1,5000.0,1000000.0,30,5750.0,5831.0,5094.0,737.0,False,closed,16.0
VEL-00221,2018,physical_damage,A,119000.0,1,5000.0,1000000.0,30,7622.0,7949.0,7240.0,709.0,False,closed,11.0
VEL-00222,2018,physical_damage,D,126000.0,2,5000.0,1000000.0,30,23768.0,22105.0,20899.0,1206.0,False,closed,29.0
VEL-00223,2018,physical_damage,A,157000.0,0,10000.0,1000000.0,30,15386.0,16948.0,12827.0,4121.0,True,closed,39.0
VEL-00224,2018,auto_liability,C,108000.0,1,10000.0,1000000.0,30,10649.0,11513.0,9348.0,2165.0,False,closed,20.0
VEL-00225,2018,physical_damage,C,326000.0,1,10000.0,1000000.0,30,24505.0,23177.0,20109.0,3068.0,False,closed,15.0
VEL-00226,2018,physical_damage,B,426000.0,1,25000.0,2000000.0,30,24256.0,23032.0,19890.0,3142.0,True,closed,42.0
VEL-00227,2018,cargo,B,127000.0,2,10000.0,2000000.0,30,4147.0,4092.0,3418.0,674.0,False,closed,18.0
VEL-00228,2018,cargo,A,76000.0,2,5000.0,2000000.0,30,5956.0,6371.0,5372.0,999.0,False,closed,23.0
VEL-00229,2018,auto_liability,B,323000.0,1,10000.0,1000000.0,30,2787.0,2825.0,2409.0,416.0,False,closed,14.0
VEL-00230,2018,cargo,A,313000.0,1,25000.0,1000000.0,30,9223.0,8940.0,7710.0,1230.0,False,closed,25.0
VEL-00231,2018,cargo,A,271000.0,1,25000.0,2000000.0,30,25312.0,27060.0,23989.0,3071.0,False,closed,28.0
VEL-00232,2018,cargo,A,321000.0,2,5000.0,2000000.0,30,13996.0,13199.0,12909.0,290.0,False,closed,10.0
VEL-00233,2018,auto_liability,C,117000.0,0,25000.0,2000000.0,30,3145.0,3321.0,3032.0,289.0,False,closed,6.0
VEL-00234,2018,auto_liability,D,165000.0,4,5000.0,2000000.0,30,6752.0,7196.0,5619.0,1577.0,False,closed,17.0
VEL-00235,2018,physical_damage,A,90000.0,0,5000.0,2000000.0,30,14270.0,13163.0,13186.0,0.0,False,closed,6.0
VEL-00236,2018,auto_liability,A,89000.0,1,5000.0,2000000.0,30,3100.0,3179.0,2643.0,536.0,False,closed,18.0
VEL-00237,2018,physical_damage,A,294000.0,2,25000.0,2000000.0,30,6137.0,6325.0,5517.0,808.0,True,closed,40.0
VEL-00238,2018,workers_comp,A,129000.0,1,10000.0,1000000.0,30,13265.0,14773.0,11796.0,2977.0,False,closed,16.0
VEL-00239,2018,auto_liability,A,563000.0,0,25000.0,1000000.0,30,1178.0,1138.0,1080.0,58.0,False,closed,1.0
VEL-00240,2018,auto_liability,B,187000.0,1,10000.0,1000000.0,30,10123.0,10135.0,9253.0,882.0,False,closed,9.0
VEL-00241,2018,physical_damage,B,131000.0,0,5000.0,1000000.0,30,10418.0,11521.0,10248.0,1273.0,False,closed,23.0
VEL-00242,2018,physical_damage,B,268000.0,2,25000.0,2000000.0,30,12344.0,11464.0,11417.0,47.0,False,closed,23.0
VEL-00243,2018,auto_liability,A,443000.0,2,10000.0,1000000.0,30,2217.0,2433.0,1929.0,504.0,False,closed,10.0
VEL-00244,2018,auto_liability,B,230000.0,3,25000.0,2000000.0,30,3171.0,3109.0,3041.0,68.0,False,closed,29.0
VEL-00245,2018,auto_liability,A,98000.0,1,25000.0,2000000.0,30,2952.0,2880.0,2457.0,423.0,False,closed,10.0
VEL-00246,2018,physical_damage,B,217000.0,1,5000.0,1000000.0,30,9725.0,10881.0,9288.0,1593.0,False,closed,53.0
VEL-00247,2018,cargo,B,358000.0,0,5000.0,2000000.0,30,11044.0,10888.0,10109.0,779.0,False,closed,37.0
VEL-00248,2018,auto_liability,D,141000.0,3,25000.0,1000000.0,30,9263.0,8841.0,7892.0,949.0,False,closed,89.0
VEL-00249,2018,auto_liability,A,122000.0,1,10000.0,1000000.0,30,17706.0,16743.0,16829.0,0.0,False,closed,30.0
VEL-00250,2018,physical_damage,C,299000.0,3,5000.0,1000000.0,30,26204.0,27594.0,21561.0,6033.0,False,closed,24.0
VEL-00251,2018,auto_liability,B,193000.0,1,5000.0,1000000.0,30,3290.0,3421.0,2655.0,766.0,False,closed,7.0
VEL-00252,2018,auto_liability,C,104000.0,0,10000.0,2000000.0,30,4221.0,4021.0,3606.0,415.0,False,closed,21.0
VEL-00253,2018,auto_liability,B,149000.0,1,5000.0,1000000.0,30,20428.0,20610.0,18405.0,2205.0,False,closed,7.0
VEL-00254,2018,physical_damage,B,123000.0,1,5000.0,2000000.0,30,6354.0,6119.0,5885.0,234.0,False,closed,40.0
VEL-00255,2018,auto_liability,C,209000.0,0,5000.0,1000000.0,30,19380.0,21012.0,16722.0,4290.0,False,closed,11.0
VEL-00256,2018,cargo,B,190000.0,2,25000.0,2000000.0,30,34748.0,34008.0,31821.0,2187.0,False,closed,87.0
VEL-00257,2018,physical_damage,A,320000.0,1,5000.0,1000000.0,30,4393.0,4549.0,4376.0,173.0,False,closed,18.0
VEL-00258,2018,auto_liability,A,257000.0,3,10000.0,2000000.0,30,3774.0,4155.0,3773.0,382.0,False,closed,79.0
VEL-00259,2018,auto_liability,D,82000.0,2,10000.0,1000000.0,30,8955.0,8530.0,8455.0,75.0,False,closed,5.0
VEL-00260,2018,cargo,A,221000.0,0,25000.0,1000000.0,30,4488.0,4979.0,3862.0,1117.0,False,closed,14.0
VEL-00261,2018,auto_liability,B,282000.0,2,10000.0,2000000.0,30,2709.0,2727.0,2425.0,302.0,False,closed,6.0
VEL-00262,2018,auto_liability,D,226000.0,0,5000.0,1000000.0,30,6229.0,6484.0,5990.0,494.0,False,closed,7.0
VEL-00263,2018,auto_liability,A,301000.0,1,10000.0,1000000.0,30,8755.0,8403.0,8557.0,0.0,False,closed,20.0
VEL-00264,2018,auto_liability,A,137000.0,1,25000.0,1000000.0,30,3301.0,3475.0,3269.0,206.0,False,closed,3.0
VEL-00265,2018,workers_comp,A,112000.0,2,10000.0,2000000.0,30,9044.0,9580.0,7936.0,1644.0,False,closed,31.0
VEL-00266,2018,auto_liability,A,287000.0,1,5000.0,2000000.0,30,3258.0,3357.0,2827.0,530.0,False,closed,18.0
VEL-00267,2018,auto_liability,B,106000.0,1,25000.0,1000000.0,30,2027.0,2209.0,1758.0,451.0,False,closed,13.0
VEL-00268,2018,cargo,B,61000.0,1,10000.0,1000000.0,30,31895.0,32015.0,30524.0,1491.0,False,closed,15.0
VEL-00269,2018,physical_damage,B,301000.0,2,10000.0,1000000.0,30,1391.0,1256.0,1379.0,0.0,True,closed,14.0
VEL-00270,2018,auto_liability,A,125000.0,0,25000.0,2000000.0,30,2828.0,3113.0,2581.0,532.0,False,closed,97.0
VEL-00271,2018,physical_damage,C,154000.0,1,5000.0,1000000.0,30,14967.0,15340.0,13300.0,2040.0,False,closed,17.0
VEL-00272,2018,cargo,C,89000.0,1,5000.0,1000000.0,30,4492.0,4651.0,4192.0,459.0,False,closed,18.0
VEL-00273,2018,auto_liability,B,93000.0,1,5000.0,1000000.0,30,8879.0,9160.0,7852.0,1308.0,False,closed,14.0
VEL-00274,2018,cargo,A,101000.0,0,10000.0,2000000.0,30,21942.0,19947.0,20055.0,0.0,False,closed,40.0
VEL-00275,2018,auto_liability,B,150000.0,3,10000.0,2000000.0,30,2960.0,2851.0,2479.0,372.0,False,closed,24.0
VEL-00276,2018,cargo,B,217000.0,1,25000.0,1000000.0,30,12250.0,11267.0,10043.0,1224.0,False,closed,23.0
VEL-00277,2018,cargo,B,57000.0,2,25000.0,1000000.0,30,4555.0,4751.0,4013.0,738.0,False,closed,3.0
VEL-00278,2018,cargo,C,262000.0,2,5000.0,2000000.0,30,18713.0,20360.0,15975.0,4385.0,False,closed,18.0
VEL-00279,2018,physical_damage,B,100000.0,3,10000.0,1000000.0,30,8609.0,8999.0,7149.0,1850.0,False,closed,41.0
VEL-00280,2018,auto_liability,B,106000.0,2,10000.0,1000000.0,30,6629.0,7153.0,6582.0,571.0,False,closed,10.0
VEL-00281,2018,auto_liability,A,253000.0,2,5000.0,2000000.0,30,12864.0,12519.0,12083.0,436.0,False,closed,43.0
VEL-00282,2018,physical_damage,B,173000.0,0,5000.0,1000000.0,30,11471.0,10403.0,10067.0,336.0,False,closed,25.0
VEL-00283,2018,cargo,C,83000.0,1,25000.0,2000000.0,30,35101.0,34754.0,35043.0,0.0,False,closed,25.0
VEL-00284,2018,auto_liability,C,453000.0,1,5000.0,1000000.0,30,11082.0,10385.0,9103.0,1282.0,False,closed,31.0
VEL-00285,2018,auto_liability,A,117000.0,3,10000.0,1000000.0,30,1878.0,1816.0,1633.0,183.0,False,closed,13.0
VEL-00286,2018,physical_damage,D,204000.0,2,10000.0,1000000.0,30,14620.0,13926.0,14281.0,0.0,False,closed,18.0
VEL-00287,2018,cargo,C,199000.0,2,25000.0,1000000.0,30,18464.0,17351.0,18346.0,0.0,False,closed,41.0
VEL-00288,2018,cargo,B,365000.0,1,10000.0,2000000.0,30,3541.0,3723.0,3394.0,329.0,False,closed,51.0
VEL-00289,2018,auto_liability,B,143000.0,1,10000.0,2000000.0,30,15330.0,15813.0,12835.0,2978.0,False,closed,44.0
VEL-00290,2018,auto_liability,C,298000.0,2,10000.0,2000000.0,30,7248.0,7835.0,6620.0,1215.0,False,closed,54.0
VEL-00291,2018,cargo,A,124000.0,0,10000.0,1000000.0,30,11299.0,12616.0,9200.0,3416.0,False,closed,45.0
VEL-00292,2018,physical_damage,B,315000.0,0,25000.0,2000000.0,30,4112.0,3916.0,3342.0,574.0,False,closed,5.0
VEL-00293,2018,cargo,C,123000.0,3,10000.0,1000000.0,30,13506.0,14943.0,13136.0,1807.0,False,closed,29.0
VEL-00294,2018,workers_comp,B,150000.0,2,25000.0,2000000.0,30,16138.0,17250.0,12918.0,4332.0,False,closed,5.0
VEL-00295,2018,workers_comp,C,464000.0,2,25000.0,1000000.0,30,12325.0,12619.0,10099.0,2520.0,False,closed,8.0
VEL-00296,2018,cargo,B,211000.0,2,10000.0,2000000.0,30,11124.0,12392.0,9135.0,3257.0,False,closed,6.0
VEL-00297,2018,cargo,B,190000.0,3,25000.0,2000000.0,30,2136.0,2163.0,2013.0,150.0,False,closed,10.0
VEL-00298,2018,auto_liability,A,552000.0,1,10000.0,1000000.0,30,12820.0,11618.0,11867.0,0.0,False,closed,22.0
VEL-00299,2018,physical_damage,D,216000.0,0,10000.0,1000000.0,30,5210.0,4832.0,4393.0,439.0,False,closed,9.0
VEL-00300,2018,auto_liability,B,120000.0,0,25000.0,2000000.0,30,1097.0,1063.0,968.0,95.0,False,closed,23.0
VEL-00301,2018,cargo,B,260000.0,3,5000.0,2000000.0,30,5094.0,5365.0,5045.0,320.0,False,closed,41.0
VEL-00302,2018,cargo,B,100000.0,2,25000.0,1000000.0,30,5597.0,5735.0,4713.0,1022.0,False,closed,27.0
VEL-00303,2018,cargo,D,316000.0,2,25000.0,1000000.0,30,23479.0,24660.0,19102.0,5558.0,False,closed,3.0
VEL-00304,2018,physical_damage,D,329000.0,3,25000.0,2000000.0,30,6053.0,5473.0,5625.0,0.0,False,closed,17.0
VEL-00305,2018,auto_liability,A,135000.0,2,10000.0,1000000.0,30,5711.0,5451.0,4692.0,759.0,False,closed,33.0
VEL-00306,2018,physical_damage,D,131000.0,2,10000.0,1000000.0,30,5848.0,5977.0,5329.0,648.0,False,closed,16.0
VEL-00307,2018,auto_liability,B,197000.0,0,5000.0,1000000.0,30,29498.0,30795.0,25103.0,5692.0,False,closed,27.0
VEL-00308,2018,cargo,A,181000.0,1,5000.0,1000000.0,30,12897.0,12833.0,10402.0,2431.0,False,closed,9.0
VEL-00309,2018,physical_damage,B,110000.0,1,25000.0,2000000.0,30,34909.0,33094.0,32525.0,569.0,False,closed,16.0
VEL-00310,2018,auto_liability,A,239000.0,2,25000.0,1000000.0,30,2155.0,2086.0,2048.0,38.0,False,closed,35.0
VEL-00311,2018,physical_damage,B,65000.0,2,10000.0,2000000.0,30,13239.0,14131.0,11423.0,2708.0,False,closed,7.0
VEL-00312,2018,cargo,A,145000.0,0,5000.0,2000000.0,30,4181.0,4423.0,3477.0,946.0,True,closed,19.0
VEL-00313,2018,auto_liability,B,147000.0,3,25000.0,1000000.0,30,8692.0,8296.0,8651.0,0.0,False,closed,17.0
VEL-00314,2018,cargo,B,157000.0,0,10000.0,2000000.0,30,17391.0,19289.0,14764.0,4525.0,False,closed,14.0
VEL-00315,2018,workers_comp,B,210000.0,2,10000.0,2000000.0,30,3892.0,3540.0,3305.0,235.0,False,closed,26.0
VEL-00316,2018,auto_liability,C,97000.0,0,25000.0,1000000.0,30,2932.0,2790.0,4812.20413244367,230.0,False,closed,207.0
VEL-00317,2018,auto_liability,D,242000.0,2,5000.0,1000000.0,30,3501.0,3488.0,2969.0,519.0,False,closed,17.0
VEL-00318,2018,cargo,B,164000.0,0,5000.0,1000000.0,30,3384.0,3644.0,2874.0,770.0,False,closed,12.0
VEL-00319,2018,workers_comp,B,130000.0,0,25000.0,2000000.0,30,7433.0,7614.0,7321.0,293.0,False,closed,16.0
VEL-00320,2018,auto_liability,A,91000.0,1,25000.0,2000000.0,30,2241.0,2350.0,1830.0,520.0,False,closed,48.0
VEL-00321,2018,cargo,B,100000.0,2,25000.0,1000000.0,30,3533.0,3919.0,3416.0,503.0,False,closed,9.0
VEL-00322,2018,cargo,D,216000.0,3,5000.0,1000000.0,30,16763.0,16440.0,15203.0,1237.0,False,closed,8.0
VEL-00323,2018,workers_comp,A,111000.0,0,25000.0,2000000.0,30,15838.0,14886.0,12782.0,2104.0,False,closed,13.0
VEL-00324,2018,auto_liability,C,186000.0,1,5000.0,1000000.0,30,2561.0,2536.0,2126.0,410.0,False,closed,33.0
VEL-00325,2018,auto_liability,B,306000.0,1,10000.0,1000000.0,30,3700.0,3789.0,3445.0,344.0,False,closed,20.0
VEL-00326,2018,workers_comp,A,302000.0,0,10000.0,1000000.0,30,10575.0,9830.0,9645.0,185.0,False,closed,32.0
VEL-00327,2018,auto_liability,C,393000.0,0,25000.0,2000000.0,30,5765.0,5237.0,4891.0,346.0,False,closed,7.0
VEL-00328,2018,auto_liability,A,155000.0,1,25000.0,2000000.0,30,2718.0,2880.0,2333.0,547.0,False,closed,17.0
VEL-00329,2018,physical_damage,C,105000.0,0,5000.0,1000000.0,30,17986.0,20100.0,17724.0,2376.0,False,closed,8.0
VEL-00330,2018,physical_damage,A,300000.0,0,10000.0,1000000.0,30,12390.0,13690.0,11739.0,1951.0,False,closed,8.0
VEL-00331,2018,cargo,A,210000.0,1,5000.0,2000000.0,30,14205.0,13960.0,13245.0,715.0,False,closed,26.0
VEL-00332,2018,auto_liability,C,316000.0,4,25000.0,1000000.0,30,5861.0,5860.0,5772.0,88.0,False,closed,17.0
VEL-00333,2018,workers_comp,B,181000.0,0,5000.0,1000000.0,30,56878.0,61562.0,48138.0,13424.0,True,closed,70.0
VEL-00334,2018,auto_liability,A,327000.0,2,10000.0,1000000.0,30,16940.0,18917.0,14669.0,4248.0,False,closed,44.0
VEL-00335,2018,cargo,B,275000.0,2,10000.0,2000000.0,30,7704.0,7537.0,17310.4404287951,82.0,False,closed,366.0
VEL-00336,2018,auto_liability,A,258000.0,0,25000.0,2000000.0,30,4195.0,4654.0,3725.0,929.0,False,closed,16.0
VEL-00337,2018,physical_damage,B,232000.0,0,25000.0,2000000.0,30,19526.0,20575.0,17365.0,3210.0,False,closed,5.0
VEL-00338,2018,auto_liability,C,220000.0,1,5000.0,2000000.0,30,3759.0,3505.0,3616.0,0.0,False,closed,4.0
VEL-00339,2018,auto_liability,C,202000.0,0,5000.0,2000000.0,30,9230.0,9222.0,9229.0,0.0,False,closed,42.0
VEL-00340,2018,auto_liability,A,202000.0,1,5000.0,2000000.0,30,4749.0,4277.0,4642.0,0.0,False,closed,12.0
VEL-00341,2018,cargo,B,295000.0,0,5000.0,1000000.0,30,6140.0,6076.0,5859.0,217.0,False,closed,24.0
VEL-00342,2018,physical_damage,D,139000.0,5,5000.0,2000000.0,30,10035.0,10186.0,8924.0,1262.0,False,closed,21.0
VEL-00343,2018,auto_liability,B,429000.0,1,25000.0,1000000.0,30,1723.0,1853.0,1622.0,231.0,False,closed,33.0
VEL-00344,2018,workers_comp,C,171000.0,2,25000.0,2000000.0,30,10404.0,10120.0,21194.991215411243,1327.0,False,closed,257.0
VEL-00345,2018,cargo,A,295000.0,0,10000.0,2000000.0,30,1906.0,1988.0,1622.0,366.0,False,closed,36.0
VEL-00346,2018,workers_comp,C,172000.0,2,10000.0,2000000.0,30,86422.0,90389.0,72669.0,17720.0,False,closed,18.0
VEL-00347,2018,auto_liability,B,159000.0,1,25000.0,1000000.0,30,17316.0,17581.0,16214.0,1367.0,False,closed,50.0
VEL-00348,2018,auto_liability,C,497000.0,2,10000.0,1000000.0,30,17178.0,17778.0,16999.0,779.0,False,closed,29.0
VEL-00349,2018,auto_liability,C,154000.0,2,5000.0,1000000.0,30,8572.0,8582.0,8153.0,429.0,False,closed,18.0
VEL-00350,2018,auto_liability,C,95000.0,3,5000.0,1000000.0,30,14450.0,14946.0,12331.0,2615.0,False,closed,23.0
VEL-00351,2018,auto_liability,A,126000.0,0,10000.0,1000000.0,30,11890.0,11906.0,11082.0,824.0,False,closed,38.0
VEL-00352,2018,physical_damage,C,154000.0,2,25000.0,1000000.0,30,20904.0,23007.0,18189.0,4818.0,False,closed,49.0
VEL-00353,2018,auto_liability,A,529000.0,0,25000.0,2000000.0,30,9114.0,8429.0,8793.0,0.0,False,closed,12.0
VEL-00354,2018,auto_liability,A,200000.0,0,25000.0,1000000.0,30,2309.0,2517.0,2071.0,446.0,False,closed,16.0
VEL-00355,2018,cargo,B,287000.0,0,10000.0,2000000.0,30,14312.0,15227.0,12164.0,3063.0,False,closed,6.0
VEL-00356,2018,physical_damage,B,109000.0,1,5000.0,2000000.0,30,5345.0,4824.0,4587.0,237.0,False,closed,37.0
VEL-00357,2018,auto_liability,B,215000.0,1,10000.0,1000000.0,30,2304.0,2438.0,4915.175353333816,555.0,False,closed,204.0
VEL-00358,2018,physical_damage,D,252000.0,1,5000.0,2000000.0,30,5056.0,4954.0,4410.0,544.0,False,closed,56.0
VEL-00359,2018,auto_liability,A,443000.0,0,5000.0,1000000.0,30,6300.0,6373.0,5468.0,905.0,False,closed,51.0
VEL-00360,2018,physical_damage,A,127000.0,0,25000.0,2000000.0,30,14381.0,14581.0,12822.0,1759.0,False,closed,24.0
VEL-00361,2018,auto_liability,B,243000.0,2,25000.0,1000000.0,30,2000.0,2123.0,1863.0,260.0,False,closed,25.0
VEL-00362,2018,physical_damage,C,209000.0,4,25000.0,2000000.0,30,36047.0,36299.0,35531.0,768.0,False,closed,11.0
VEL-00363,2018,physical_damage,B,108000.0,1,5000.0,1000000.0,30,23984.0,24940.0,23108.0,1832.0,False,closed,11.0
VEL-00364,2018,physical_damage,B,178000.0,4,25000.0,1000000.0,30,5988.0,5678.0,5477.0,201.0,False,closed,21.0
VEL-00365,2018,auto_liability,C,158000.0,2,25000.0,1000000.0,30,4812.0,4406.0,4197.0,209.0,False,closed,17.0
VEL-00366,2018,cargo,B,56000.0,0,5000.0,1000000.0,30,9800.0,10261.0,8174.0,2087.0,False,closed,60.0
VEL-00367,2018,cargo,A,243000.0,4,10000.0,1000000.0,30,17689.0,19767.0,16242.0,3525.0,False,closed,12.0
VEL-00368,2018,auto_liability,A,236000.0,0,10000.0,2000000.0,30,3423.0,3139.0,2782.0,357.0,False,closed,32.0
VEL-00369,2018,auto_liability,B,145000.0,1,10000.0,1000000.0,30,2430.0,2674.0,1970.0,704.0,False,closed,17.0
VEL-00370,2018,auto_liability,C,92000.0,1,5000.0,1000000.0,30,8801.0,8665.0,8171.0,494.0,False,closed,22.0
VEL-00371,2018,workers_comp,B,377000.0,2,5000.0,2000000.0,30,2704.0,2822.0,2252.0,570.0,False,closed,27.0
VEL-00372,2018,workers_comp,A,206000.0,2,10000.0,2000000.0,30,11577.0,11097.0,11226.0,0.0,False,closed,7.0
VEL-00373,2018,auto_liability,B,299000.0,1,5000.0,1000000.0,30,13273.0,13964.0,12396.0,1568.0,False,closed,35.0
VEL-00374,2018,workers_comp,B,364000.0,3,10000.0,1000000.0,30,15992.0,15926.0,14471.0,1455.0,False,closed,47.0
VEL-00375,2018,auto_liability,B,139000.0,2,10000.0,2000000.0,30,9987.0,10735.0,9860.0,875.0,False,closed,43.0
VEL-00376,2018,physical_damage,B,270000.0,0,5000.0,1000000.0,30,11505.0,11056.0,9507.0,1549.0,False,closed,18.0
VEL-00377,2018,physical_damage,D,160000.0,1,10000.0,1000000.0,30,20456.0,19909.0,17633.0,2276.0,False,closed,10.0
VEL-00378,2018,workers_comp,B,174000.0,0,10000.0,2000000.0,30,14169.0,14702.0,12774.0,1928.0,False,closed,37.0
VEL-00379,2018,auto_liability,B,172000.0,3,25000.0,1000000.0,30,2984.0,2755.0,2963.0,0.0,False,closed,13.0
VEL-00380,2018,auto_liability,B,180000.0,3,10000.0,2000000.0,30,4697.0,5235.0,3832.0,1403.0,False,closed,24.0
VEL-00381,2018,physical_damage,C,314000.0,1,10000.0,2000000.0,30,9178.0,9487.0,8447.0,1040.0,False,closed,3.0
VEL-00382,2018,auto_liability,C,191000.0,1,5000.0,1000000.0,30,17449.0,19437.0,17168.0,2269.0,False,closed,5.0
VEL-00383,2018,auto_liability,B,167000.0,2,10000.0,1000000.0,30,18817.0,17673.0,15599.0,2074.0,False,closed,18.0
VEL-00384,2018,physical_damage,C,157000.0,4,5000.0,1000000.0,30,13293.0,14037.0,12506.0,1531.0,False,closed,17.0
VEL-00385,2018,cargo,B,213000.0,0,5000.0,1000000.0,30,5869.0,5542.0,11240.500421349114,36.0,False,closed,396.0
VEL-00386,2018,cargo,D,115000.0,3,25000.0,1000000.0,30,8908.0,8180.0,7768.0,412.0,False,closed,4.0
VEL-00387,2018,cargo,A,140000.0,0,5000.0,2000000.0,30,7341.0,7322.0,6659.0,663.0,False,closed,26.0
VEL-00388,2018,cargo,A,175000.0,1,5000.0,2000000.0,30,23945.0,24033.0,23635.0,398.0,False,closed,4.0
VEL-00389,2018,cargo,C,136000.0,1,25000.0,1000000.0,30,16201.0,16570.0,14477.0,2093.0,False,closed,11.0
VEL-00390,2018,cargo,A,170000.0,2,25000.0,2000000.0,30,8107.0,8128.0,18236.523304752627,902.0,False,closed,167.0
VEL-00391,2018,physical_damage,C,133000.0,4,5000.0,1000000.0,30,5463.0,5152.0,4987.0,165.0,False,closed,20.0
VEL-00392,2018,cargo,B,490000.0,0,25000.0,2000000.0,30,20004.0,21006.0,16131.0,4875.0,False,closed,26.0
VEL-00393,2018,auto_liability,B,350000.0,1,25000.0,2000000.0,30,6904.0,6618.0,6641.0,0.0,False,closed,22.0
VEL-00394,2018,auto_liability,A,225000.0,0,25000.0,1000000.0,30,4380.0,4222.0,3549.0,673.0,False,closed,23.0
VEL-00395,2018,cargo,C,175000.0,1,10000.0,1000000.0,30,13623.0,14602.0,13565.0,1037.0,False,closed,17.0
VEL-00396,2018,auto_liability,A,538000.0,0,25000.0,2000000.0,30,16119.0,16925.0,16024.0,901.0,False,closed,9.0
VEL-00397,2018,workers_comp,D,212000.0,4,5000.0,2000000.0,30,16802.0,17809.0,16192.0,1617.0,True,closed,42.0
VEL-00398,2018,physical_damage,C,172000.0,2,5000.0,1000000.0,30,34403.0,37940.0,33683.0,4257.0,False,closed,23.0
VEL-00399,2018,auto_liability,B,209000.0,2,5000.0,1000000.0,30,14109.0,15344.0,13024.0,2320.0,False,closed,22.0
VEL-00400,2018,workers_comp,A,210000.0,2,5000.0,2000000.0,30,10816.0,10257.0,9314.0,943.0,False,closed,108.0
VEL-00401,2018,auto_liability,C,364000.0,1,25000.0,2000000.0,30,13171.0,14682.0,12127.0,2555.0,False,closed,8.0
VEL-00402,2018,physical_damage,B,178000.0,1,5000.0,2000000.0,30,7235.0,7339.0,6770.0,569.0,False,closed,42.0
VEL-00403,2018,auto_liability,A,514000.0,1,10000.0,1000000.0,30,2445.0,2501.0,2025.0,476.0,False,closed,24.0
VEL-00404,2018,workers_comp,B,116000.0,2,5000.0,2000000.0,30,10390.0,9988.0,9922.0,66.0,True,closed,6.0
VEL-00405,2018,physical_damage,A,255000.0,0,10000.0,1000000.0,30,3292.0,3243.0,2834.0,409.0,False,closed,13.0
VEL-00406,2018,cargo,B,109000.0,2,5000.0,1000000.0,30,15146.0,15488.0,13669.0,1819.0,False,closed,15.0
VEL-00407,2018,auto_liability,B,447000.0,2,5000.0,2000000.0,30,5619.0,5099.0,4795.0,304.0,False,closed,5.0
VEL-00408,2018,cargo,D,153000.0,1,25000.0,1000000.0,30,23572.0,24950.0,20188.0,4762.0,False,closed,13.0
VEL-00409,2018,cargo,C,175000.0,1,25000.0,2000000.0,30,23434.0,22889.0,22855.0,34.0,False,closed,36.0
VEL-00410,2018,physical_damage,A,286000.0,2,25000.0,1000000.0,30,626.0,659.0,597.0,62.0,True,closed,48.0
VEL-00411,2018,workers_comp,B,337000.0,0,10000.0,1000000.0,30,16046.0,17026.0,13038.0,3988.0,False,closed,25.0
VEL-00412,2018,physical_damage,B,103000.0,1,25000.0,2000000.0,30,2056.0,2130.0,1962.0,168.0,False,closed,22.0
VEL-00413,2018,physical_damage,D,151000.0,3,5000.0,2000000.0,30,13420.0,12299.0,13219.0,0.0,False,closed,18.0
VEL-00414,2018,physical_damage,A,90000.0,0,5000.0,1000000.0,30,3366.0,3446.0,3167.0,279.0,False,closed,11.0
VEL-00415,2018,cargo,B,193000.0,0,5000.0,1000000.0,30,11160.0,10914.0,10473.0,441.0,False,closed,15.0
VEL-00416,2018,auto_liability,D,171000.0,1,25000.0,1000000.0,30,23086.0,24407.0,19688.0,4719.0,False,closed,26.0
VEL-00417,2018,physical_damage,B,151000.0,1,25000.0,1000000.0,30,2205.0,2329.0,2072.0,257.0,False,closed,5.0
VEL-00418,2018,auto_liability,A,128000.0,2,25000.0,1000000.0,30,5249.0,5304.0,4597.0,707.0,False,closed,17.0
VEL-00419,2018,physical_damage,B,148000.0,3,10000.0,1000000.0,30,7486.0,7942.0,7370.0,572.0,False,closed,22.0
VEL-00420,2018,cargo,B,124000.0,1,5000.0,1000000.0,30,2497.0,2326.0,2349.0,0.0,False,closed,24.0
VEL-00421,2018,auto_liability,D,234000.0,3,25000.0,2000000.0,30,13479.0,14551.0,11653.0,2898.0,False,closed,5.0
VEL-00422,2018,cargo,A,384000.0,0,5000.0,1000000.0,30,8670.0,9652.0,8468.0,1184.0,False,closed,54.0
VEL-00423,2018,auto_liability,A,69000.0,1,10000.0,2000000.0,30,3107.0,3412.0,2967.0,445.0,False,closed,30.0
VEL-00424,2018,workers_comp,A,170000.0,3,5000.0,2000000.0,30,6052.0,6528.0,5085.0,1443.0,True,closed,10.0
VEL-00425,2018,physical_damage,C,146000.0,2,10000.0,2000000.0,30,107901.0,106728.0,90956.0,15772.0,False,closed,14.0
VEL-00426,2018,physical_damage,A,230000.0,1,10000.0,1000000.0,30,4838.0,5347.0,3883.0,1464.0,False,closed,35.0
VEL-00427,2018,cargo,D,112000.0,3,25000.0,2000000.0,30,3991.0,4086.0,3807.0,279.0,False,closed,39.0
VEL-00428,2018,physical_damage,C,167000.0,4,25000.0,2000000.0,30,4824.0,4570.0,3942.0,628.0,True,closed,11.0
VEL-00429,2018,cargo,D,107000.0,2,5000.0,1000000.0,30,11696.0,11922.0,10001.0,1921.0,False,closed,9.0
VEL-00430,2018,auto_liability,A,255000.0,3,5000.0,2000000.0,30,3410.0,3707.0,3230.0,477.0,False,closed,46.0
VEL-00431,2018,physical_damage,A,189000.0,2,5000.0,1000000.0,30,6127.0,6428.0,5276.0,1152.0,False,closed,29.0
VEL-00432,2018,physical_damage,B,166000.0,2,10000.0,2000000.0,30,3620.0,3921.0,3103.0,818.0,False,closed,19.0
VEL-00433,2018,workers_comp,D,217000.0,7,25000.0,1000000.0,30,28445.0,25820.0,23133.0,2687.0,False,closed,14.0
VEL-00434,2018,auto_liability,C,159000.0,3,10000.0,2000000.0,30,4722.0,5257.0,3825.0,1432.0,False,closed,18.0
VEL-00435,2018,physical_damage,A,83000.0,0,25000.0,1000000.0,30,2343.0,2584.0,2142.0,442.0,False,closed,9.0
VEL-00436,2018,physical_damage,C,242000.0,3,25000.0,1000000.0,30,5260.0,5316.0,4354.0,962.0,False,closed,39.0
VEL-00437,2018,physical_damage,D,208000.0,2,25000.0,2000000.0,30,8876.0,9791.0,8812.0,979.0,False,closed,24.0
VEL-00438,2018,auto_liability,D,167000.0,0,5000.0,2000000.0,30,15668.0,14728.0,12616.0,2112.0,True,closed,26.0
VEL-00439,2018,physical_damage,C,295000.0,3,10000.0,1000000.0,30,13946.0,13672.0,12038.0,1634.0,False,closed,86.0
VEL-00440,2018,auto_liability,C,331000.0,2,10000.0,1000000.0,30,5268.0,4937.0,4408.0,529.0,False,closed,27.0
VEL-00441,2018,auto_liability,C,104000.0,1,10000.0,2000000.0,30,6889.0,7215.0,6750.0,465.0,False,closed,8.0
VEL-00442,2018,cargo,B,122000.0,3,5000.0,2000000.0,30,12128.0,13363.0,11523.0,1840.0,False,closed,12.0
VEL-00443,2018,auto_liability,A,390000.0,1,10000.0,2000000.0,30,20993.0,23196.0,17262.0,5934.0,False,closed,41.0
VEL-00444,2018,physical_damage,C,366000.0,2,10000.0,1000000.0,30,6102.0,5599.0,4949.0,650.0,False,closed,47.0
VEL-00445,2018,cargo,A,124000.0,1,10000.0,2000000.0,30,11995.0,12823.0,9795.0,3028.0,False,closed,24.0
VEL-00446,2018,cargo,B,100000.0,0,25000.0,1000000.0,30,17795.0,18203.0,16868.0,1335.0,False,closed,16.0
VEL-00447,2018,physical_damage,D,131000.0,0,5000.0,2000000.0,30,5795.0,5497.0,5502.0,0.0,False,closed,37.0
VEL-00448,2018,cargo,B,140000.0,2,25000.0,1000000.0,30,11895.0,13047.0,11021.0,2026.0,False,closed,8.0
VEL-00449,2018,physical_damage,B,82000.0,1,10000.0,2000000.0,30,8974.0,9120.0,8057.0,1063.0,False,closed,9.0
VEL-00450,2018,physical_damage,D,183000.0,5,25000.0,2000000.0,30,8327.0,7571.0,7433.0,138.0,False,closed,18.0
VEL-00451,2018,cargo,A,95000.0,1,5000.0,1000000.0,30,12934.0,12710.0,11888.0,822.0,False,closed,28.0
VEL-00452,2018,physical_damage,D,98000.0,5,5000.0,2000000.0,30,25615.0,26899.0,21048.0,5851.0,False,closed,23.0
VEL-00453,2018,physical_damage,D,285000.0,2,25000.0,2000000.0,30,27646.0,30057.0,26510.0,3547.0,False,closed,25.0
VEL-00454,2018,physical_damage,B,128000.0,3,5000.0,1000000.0,30,6875.0,6488.0,6569.0,0.0,False,closed,7.0
VEL-00455,2018,physical_damage,B,174000.0,0,10000.0,1000000.0,30,9154.0,9431.0,8570.0,861.0,False,closed,15.0
VEL-00456,2018,auto_liability,A,247000.0,2,5000.0,1000000.0,30,26526.0,24379.0,22471.0,1908.0,False,closed,19.0
VEL-00457,2018,cargo,D,270000.0,1,25000.0,2000000.0,30,6729.0,7406.0,5672.0,1734.0,False,closed,15.0
VEL-00458,2018,auto_liability,A,152000.0,0,5000.0,2000000.0,30,5374.0,4848.0,5353.0,0.0,False,closed,13.0
VEL-00459,2018,physical_damage,A,184000.0,1,25000.0,1000000.0,30,12671.0,14110.0,12541.0,1569.0,False,closed,30.0
VEL-00460,2018,cargo,C,119000.0,2,5000.0,2000000.0,30,14108.0,14452.0,13397.0,1055.0,False,closed,16.0
VEL-00461,2018,physical_damage,B,431000.0,1,25000.0,2000000.0,30,12985.0,13835.0,12427.0,1408.0,False,closed,10.0
VEL-00462,2018,auto_liability,B,249000.0,0,25000.0,1000000.0,30,6326.0,6625.0,5640.0,985.0,False,closed,42.0
VEL-00463,2018,cargo,C,104000.0,2,5000.0,1000000.0,30,22185.0,22435.0,21639.0,796.0,False,closed,22.0
VEL-00464,2018,auto_liability,A,180000.0,1,5000.0,2000000.0,30,11906.0,11863.0,11169.0,694.0,False,closed,4.0
VEL-00465,2018,cargo,A,257000.0,0,10000.0,2000000.0,30,7157.0,6769.0,6352.0,417.0,False,closed,28.0
VEL-00466,2018,cargo,B,229000.0,3,5000.0,1000000.0,30,11969.0,11527.0,11206.0,321.0,False,closed,69.0
VEL-00467,2018,physical_damage,A,449000.0,2,25000.0,2000000.0,30,6236.0,5742.0,5088.0,654.0,False,closed,38.0
VEL-00468,2018,cargo,B,357000.0,0,25000.0,2000000.0,30,7625.0,7312.0,6702.0,610.0,False,closed,44.0
VEL-00469,2018,auto_liability,C,137000.0,2,10000.0,1000000.0,30,6689.0,6983.0,6480.0,503.0,False,closed,49.0
VEL-00470,2018,auto_liability,B,172000.0,2,25000.0,2000000.0,30,2378.0,2429.0,2131.0,298.0,False,closed,28.0
VEL-00471,2018,cargo,B,95000.0,1,5000.0,2000000.0,30,18039.0,18487.0,16438.0,2049.0,False,closed,12.0
VEL-00472,2018,physical_damage,A,204000.0,2,25000.0,2000000.0,30,23304.0,23685.0,21256.0,2429.0,False,closed,41.0
VEL-00473,2018,physical_damage,A,194000.0,1,25000.0,2000000.0,30,23340.0,25862.0,23074.0,2788.0,False,closed,7.0
VEL-00474,2018,physical_damage,C,696000.0,0,10000.0,1000000.0,30,25247.0,27445.0,21212.0,6233.0,False,closed,22.0
VEL-00475,2018,physical_damage,A,189000.0,1,25000.0,2000000.0,30,3154.0,3022.0,2953.0,69.0,False,closed,32.0
VEL-00476,2018,physical_damage,B,63000.0,0,5000.0,2000000.0,30,24820.0,25378.0,22086.0,3292.0,False,closed,26.0
VEL-00477,2018,physical_damage,A,129000.0,1,5000.0,1000000.0,30,3801.0,4231.0,3220.0,1011.0,False,closed,15.0
VEL-00478,2018,auto_liability,D,190000.0,2,25000.0,2000000.0,30,7967.0,7639.0,6451.0,1188.0,False,closed,7.0
VEL-00479,2018,auto_liability,A,96000.0,0,5000.0,1000000.0,30,18170.0,19156.0,16754.0,2402.0,False,closed,67.0
VEL-00480,2018,auto_liability,B,117000.0,1,5000.0,2000000.0,30,2487.0,2593.0,2081.0,512.0,False,closed,34.0
VEL-00481,2018,physical_damage,B,150000.0,4,10000.0,1000000.0,30,14921.0,15627.0,13675.0,1952.0,False,closed,13.0
VEL-00482,2018,workers_comp,C,214000.0,2,25000.0,1000000.0,30,19159.0,19588.0,16975.0,2613.0,False,closed,8.0
VEL-00483,2018,auto_liability,D,166000.0,1,25000.0,1000000.0,30,7397.0,7863.0,6518.0,1345.0,False,closed,23.0
VEL-00484,2018,physical_damage,C,115000.0,1,5000.0,2000000.0,30,5027.0,4939.0,4914.0,25.0,False,closed,22.0
VEL-00485,2018,auto_liability,B,267000.0,0,10000.0,2000000.0,30,7629.0,8439.0,6240.0,2199.0,True,closed,24.0
VEL-00486,2018,physical_damage,A,137000.0,0,5000.0,2000000.0,30,4590.0,4704.0,4187.0,517.0,False,closed,51.0
VEL-00487,2018,workers_comp,C,140000.0,1,10000.0,2000000.0,30,33979.0,33109.0,73541.35002579456,3109.0,False,closed,335.0
VEL-00488,2018,cargo,D,90000.0,2,10000.0,1000000.0,30,38566.0,40130.0,32021.0,8109.0,False,closed,28.0
VEL-00489,2018,auto_liability,A,122000.0,0,5000.0,2000000.0,30,1617.0,1699.0,1421.0,278.0,False,closed,4.0
VEL-00490,2018,auto_liability,C,249000.0,1,25000.0,1000000.0,30,4647.0,5122.0,4523.0,599.0,False,closed,17.0
VEL-00491,2018,cargo,A,80000.0,1,5000.0,1000000.0,30,6652.0,6918.0,5585.0,1333.0,False,closed,53.0
VEL-00492,2018,physical_damage,B,174000.0,2,10000.0,1000000.0,30,3272.0,3321.0,3062.0,259.0,False,closed,6.0
VEL-00493,2018,physical_damage,B,258000.0,1,10000.0,1000000.0,30,3433.0,3356.0,2931.0,425.0,False,closed,36.0
VEL-00494,2018,auto_liability,B,149000.0,1,10000.0,1000000.0,30,5940.0,5902.0,5369.0,533.0,False,closed,15.0
VEL-00495,2018,cargo,D,203000.0,3,5000.0,2000000.0,30,13172.0,12685.0,11989.0,696.0,False,closed,18.0
VEL-00496,2018,auto_liability,B,103000.0,1,10000.0,1000000.0,30,1610.0,1669.0,1311.0,358.0,False,closed,13.0
VEL-00497,2018,physical_damage,B,347000.0,1,10000.0,2000000.0,30,5303.0,5777.0,5099.0,678.0,False,closed,29.0
VEL-00498,2018,auto_liability,C,312000.0,1,5000.0,1000000.0,30,10017.0,10322.0,19018.40041751519,1550.0,False,closed,217.0
VEL-00499,2018,physical_damage,B,202000.0,1,10000.0,1000000.0,30,3213.0,3035.0,2705.0,330.0,False,closed,39.0
VEL-00500,2018,cargo,B,75000.0,0,5000.0,2000000.0,30,5163.0,4688.0,4345.0,343.0,False,closed,15.0
VEL-00501,2018,cargo,B,107000.0,1,5000.0,1000000.0,30,33951.0,37114.0,33850.0,3264.0,False,closed,11.0
VEL-00502,2018,physical_damage,B,293000.0,1,10000.0,1000000.0,30,21321.0,20574.0,21078.0,0.0,False,closed,45.0
VEL-00503,2018,cargo,A,424000.0,0,5000.0,1000000.0,30,2505.0,2634.0,2239.0,395.0,False,closed,13.0
VEL-00504,2018,physical_damage,A,209000.0,1,10000.0,2000000.0,30,2360.0,2615.0,2016.0,599.0,False,closed,31.0
VEL-00505,2018,auto_liability,A,336000.0,0,25000.0,2000000.0,30,6038.0,6683.0,5686.0,997.0,False,closed,12.0
VEL-00506,2018,physical_damage,B,133000.0,1,5000.0,2000000.0,30,3248.0,3320.0,2633.0,687.0,False,closed,30.0
VEL-00507,2018,auto_liability,A,164000.0,1,25000.0,1000000.0,30,3764.0,4144.0,3658.0,486.0,False,closed,107.0
VEL-00508,2018,auto_liability,C,180000.0,2,5000.0,2000000.0,30,4839.0,4784.0,3877.0,907.0,False,closed,36.0
VEL-00509,2018,cargo,C,222000.0,3,25000.0,2000000.0,30,19188.0,21240.0,15540.0,5700.0,False,closed,11.0
VEL-00510,2018,cargo,B,84000.0,0,10000.0,1000000.0,30,1549.0,1625.0,1343.0,282.0,False,closed,22.0
VEL-00511,2018,auto_liability,B,288000.0,1,25000.0,2000000.0,30,1065.0,977.0,949.0,28.0,False,closed,25.0
VEL-00512,2018,cargo,D,349000.0,1,10000.0,1000000.0,30,6138.0,6621.0,4917.0,1704.0,False,closed,20.0
VEL-00513,2018,cargo,B,101000.0,4,25000.0,1000000.0,30,22078.0,20651.0,18924.0,1727.0,False,closed,36.0
VEL-00514,2018,physical_damage,B,91000.0,5,5000.0,1000000.0,30,7071.0,7915.0,7048.0,867.0,False,closed,36.0
VEL-00515,2018,auto_liability,B,214000.0,0,5000.0,2000000.0,30,1543.0,1405.0,1473.0,0.0,False,closed,25.0
VEL-00516,2018,physical_damage,B,130000.0,0,25000.0,1000000.0,30,11491.0,12256.0,9327.0,2929.0,False,closed,59.0
VEL-00517,2018,auto_liability,D,55000.0,0,10000.0,1000000.0,30,14096.0,13159.0,13748.0,0.0,False,closed,10.0
VEL-00518,2018,physical_damage,A,270000.0,3,25000.0,1000000.0,30,5405.0,5507.0,4827.0,680.0,False,closed,13.0
VEL-00519,2018,auto_liability,D,195000.0,1,5000.0,2000000.0,30,6470.0,6353.0,6456.0,0.0,False,closed,2.0
VEL-00520,2018,physical_damage,B,142000.0,1,5000.0,1000000.0,30,11024.0,12044.0,9527.0,2517.0,False,closed,24.0
VEL-00521,2018,auto_liability,C,518000.0,0,10000.0,1000000.0,30,16814.0,16146.0,14492.0,1654.0,False,closed,17.0
VEL-00522,2018,physical_damage,B,193000.0,2,10000.0,1000000.0,30,8901.0,9421.0,8330.0,1091.0,False,closed,28.0
VEL-00523,2018,physical_damage,C,124000.0,1,10000.0,2000000.0,30,14463.0,16009.0,28713.38624300174,3027.0,False,closed,298.0
VEL-00524,2018,physical_damage,B,189000.0,2,5000.0,1000000.0,30,7657.0,6999.0,6549.0,450.0,False,closed,10.0
VEL-00525,2018,auto_liability,C,107000.0,2,25000.0,1000000.0,30,5100.0,5391.0,4615.0,776.0,False,closed,22.0
VEL-00526,2018,workers_comp,A,123000.0,3,10000.0,2000000.0,30,5232.0,4805.0,4852.0,0.0,False,closed,12.0
VEL-00527,2018,auto_liability,B,218000.0,0,10000.0,2000000.0,30,6735.0,7215.0,5809.0,1406.0,False,closed,26.0
VEL-00528,2018,auto_liability,B,136000.0,3,5000.0,2000000.0,30,4437.0,4830.0,4281.0,549.0,True,closed,26.0
VEL-00529,2018,auto_liability,A,144000.0,0,10000.0,2000000.0,30,3790.0,3527.0,5726.301244619512,0.0,False,closed,172.0
VEL-00530,2018,auto_liability,A,415000.0,1,5000.0,2000000.0,30,9138.0,10002.0,8687.0,1315.0,False,closed,35.0
VEL-00531,2018,physical_damage,C,277000.0,4,10000.0,1000000.0,30,13982.0,13932.0,13032.0,900.0,False,closed,23.0
VEL-00532,2018,cargo,C,269000.0,2,5000.0,2000000.0,30,24209.0,23431.0,20481.0,2950.0,False,closed,15.0
VEL-00533,2018,cargo,B,234000.0,1,5000.0,2000000.0,30,3166.0,3522.0,2980.0,542.0,False,closed,10.0
VEL-00534,2018,auto_liability,B,229000.0,3,5000.0,2000000.0,30,8448.0,8317.0,7054.0,1263.0,False,closed,28.0
VEL-00535,2018,auto_liability,B,373000.0,4,5000.0,1000000.0,30,3571.0,3379.0,2958.0,421.0,False,closed,11.0
VEL-00536,2018,auto_liability,A,178000.0,1,10000.0,2000000.0,30,2482.0,2414.0,4228.740170867777,178.0,False,closed,325.0
VEL-00537,2018,cargo,B,455000.0,0,25000.0,2000000.0,30,5447.0,5987.0,4545.0,1442.0,False,closed,27.0
VEL-00538,2018,physical_damage,B,112000.0,3,5000.0,2000000.0,30,19695.0,21990.0,16258.0,5732.0,False,closed,14.0
VEL-00539,2018,workers_comp,B,158000.0,0,10000.0,2000000.0,30,23634.0,23637.0,21706.0,1931.0,False,closed,8.0
VEL-00540,2018,physical_damage,B,90000.0,2,25000.0,1000000.0,30,4637.0,4677.0,4614.0,63.0,False,closed,7.0
VEL-00541,2018,physical_damage,A,152000.0,1,25000.0,2000000.0,30,2769.0,2856.0,2246.0,610.0,False,closed,51.0
VEL-00542,2018,cargo,C,233000.0,2,25000.0,1000000.0,30,12736.0,13815.0,11320.0,2495.0,False,closed,2.0
VEL-00543,2018,cargo,B,372000.0,1,5000.0,2000000.0,30,7312.0,6595.0,5982.0,613.0,False,closed,11.0
VEL-00544,2018,auto_liability,C,129000.0,1,5000.0,1000000.0,30,23566.0,25335.0,21392.0,3943.0,False,closed,99.0
VEL-00545,2018,auto_liability,B,180000.0,1,5000.0,2000000.0,30,1857.0,2069.0,1699.0,370.0,False,closed,39.0
VEL-00546,2018,physical_damage,A,150000.0,0,25000.0,2000000.0,30,1648.0,1630.0,1480.0,150.0,False,closed,61.0
VEL-00547,2018,physical_damage,B,124000.0,1,10000.0,2000000.0,30,6553.0,6529.0,5294.0,1235.0,True,closed,32.0
VEL-00548,2018,auto_liability,B,99000.0,3,25000.0,1000000.0,30,5602.0,6222.0,5267.0,955.0,False,closed,23.0
VEL-00549,2018,physical_damage,D,186000.0,2,5000.0,1000000.0,30,13082.0,12945.0,11794.0,1151.0,False,closed,30.0
VEL-00550,2018,physical_damage,C,76000.0,2,5000.0,2000000.0,30,17062.0,16770.0,15606.0,1164.0,False,closed,6.0
VEL-00551,2018,auto_liability,A,190000.0,0,10000.0,2000000.0,30,21545.0,23463.0,20115.0,3348.0,False,closed,11.0
VEL-00552,2018,auto_liability,C,182000.0,2,10000.0,1000000.0,30,5251.0,5273.0,5152.0,121.0,False,closed,9.0
VEL-00553,2018,auto_liability,A,130000.0,0,10000.0,2000000.0,30,3025.0,3153.0,2683.0,470.0,False,closed,7.0
VEL-00554,2018,auto_liability,B,109000.0,1,10000.0,1000000.0,30,1485.0,1430.0,1459.0,0.0,False,closed,95.0
VEL-00555,2018,workers_comp,B,90000.0,2,10000.0,2000000.0,30,15247.0,16004.0,12734.0,3270.0,False,closed,10.0
VEL-00556,2018,auto_liability,B,459000.0,3,5000.0,2000000.0,30,10540.0,10339.0,9389.0,950.0,False,closed,40.0
VEL-00557,2018,auto_liability,B,92000.0,1,5000.0,1000000.0,30,4571.0,4902.0,3819.0,1083.0,False,closed,3.0
VEL-00558,2018,auto_liability,B,392000.0,2,5000.0,2000000.0,30,13472.0,13585.0,11781.0,1804.0,False,closed,2.0
VEL-00559,2018,physical_damage,B,243000.0,4,10000.0,2000000.0,30,8122.0,8953.0,7965.0,988.0,False,closed,22.0
VEL-00560,2018,auto_liability,B,150000.0,2,5000.0,1000000.0,30,17310.0,17664.0,17224.0,440.0,False,closed,33.0
VEL-00561,2018,physical_damage,B,101000.0,2,10000.0,1000000.0,30,10193.0,11097.0,9118.0,1979.0,False,closed,7.0
VEL-00562,2018,auto_liability,B,303000.0,0,10000.0,1000000.0,30,2515.0,2507.0,2151.0,356.0,False,closed,17.0
VEL-00563,2018,auto_liability,B,427000.0,1,5000.0,1000000.0,30,3447.0,3610.0,2980.0,630.0,False,closed,51.0
VEL-00564,2018,cargo,B,113000.0,1,5000.0,2000000.0,30,3267.0,3132.0,3203.0,0.0,False,closed,47.0
VEL-00565,2018,auto_liability,B,155000.0,2,25000.0,1000000.0,30,1510.0,1554.0,1340.0,214.0,False,closed,10.0
VEL-00566,2018,physical_damage,B,305000.0,0,10000.0,1000000.0,30,9699.0,10144.0,8144.0,2000.0,False,closed,66.0
VEL-00567,2018,physical_damage,B,213000.0,0,5000.0,2000000.0,30,15241.0,14357.0,14738.0,0.0,False,closed,57.0
VEL-00568,2018,physical_damage,A,489000.0,1,25000.0,2000000.0,30,28149.0,28702.0,25390.0,3312.0,False,closed,41.0
VEL-00569,2018,cargo,B,135000.0,2,5000.0,1000000.0,30,9902.0,10920.0,8768.0,2152.0,False,closed,5.0
VEL-00570,2018,auto_liability,A,236000.0,1,10000.0,1000000.0,30,3809.0,3597.0,3735.0,0.0,False,closed,11.0
VEL-00571,2018,workers_comp,B,96000.0,0,25000.0,2000000.0,30,5529.0,5570.0,5248.0,322.0,False,closed,29.0
VEL-00572,2018,cargo,A,513000.0,0,5000.0,1000000.0,30,17719.0,19211.0,14226.0,4985.0,False,closed,20.0
VEL-00573,2018,physical_damage,B,125000.0,0,5000.0,1000000.0,30,10630.0,10563.0,10559.0,4.0,False,closed,22.0
VEL-00574,2018,auto_liability,C,60000.0,1,25000.0,2000000.0,30,4344.0,3938.0,3870.0,68.0,False,closed,30.0
VEL-00575,2018,physical_damage,B,169000.0,1,25000.0,1000000.0,30,13306.0,13514.0,11124.0,2390.0,False,closed,25.0
VEL-00576,2018,physical_damage,A,168000.0,0,10000.0,2000000.0,30,9903.0,9920.0,9725.0,195.0,False,closed,36.0
VEL-00577,2018,cargo,B,469000.0,1,5000.0,2000000.0,30,2539.0,2803.0,2244.0,559.0,False,closed,59.0
VEL-00578,2018,auto_liability,A,152000.0,1,10000.0,2000000.0,30,7942.0,8308.0,7441.0,867.0,False,closed,25.0
VEL-00579,2018,workers_comp,C,179000.0,3,5000.0,1000000.0,30,17182.0,18399.0,16326.0,2073.0,False,closed,16.0
VEL-00580,2018,cargo,A,242000.0,0,5000.0,2000000.0,30,6300.0,6180.0,5285.0,895.0,False,closed,21.0
VEL-00581,2018,auto_liability,B,398000.0,0,25000.0,1000000.0,30,4065.0,4460.0,4052.0,408.0,False,closed,7.0
VEL-00582,2018,auto_liability,B,174000.0,3,10000.0,1000000.0,30,20623.0,22319.0,18820.0,3499.0,False,closed,23.0
VEL-00583,2018,auto_liability,A,303000.0,0,10000.0,2000000.0,30,14398.0,13247.0,11682.0,1565.0,False,closed,47.0
VEL-00584,2018,cargo,B,233000.0,1,10000.0,1000000.0,30,40594.0,42436.0,36833.0,5603.0,False,closed,3.0
VEL-00585,2018,workers_comp,A,155000.0,1,10000.0,1000000.0,30,4394.0,4829.0,3531.0,1298.0,False,closed,3.0
VEL-00586,2018,workers_comp,C,187000.0,0,10000.0,2000000.0,30,9497.0,9906.0,9458.0,448.0,False,closed,42.0
VEL-00587,2018,physical_damage,D,183000.0,4,5000.0,2000000.0,30,23357.0,26012.0,21797.0,4215.0,False,closed,12.0
VEL-00588,2018,physical_damage,B,114000.0,2,10000.0,2000000.0,30,3207.0,3070.0,2809.0,261.0,False,closed,19.0
VEL-00589,2018,physical_damage,C,330000.0,1,10000.0,1000000.0,30,5650.0,5816.0,5423.0,393.0,False,closed,29.0
VEL-00590,2018,physical_damage,A,90000.0,2,5000.0,2000000.0,30,1680.0,1709.0,1611.0,98.0,False,closed,66.0
VEL-00591,2018,workers_comp,B,323000.0,2,25000.0,2000000.0,30,50990.0,49204.0,47935.0,1269.0,False,closed,41.0
VEL-00592,2018,physical_damage,B,290000.0,1,25000.0,2000000.0,30,17616.0,18882.0,14921.0,3961.0,False,closed,42.0
VEL-00593,2018,auto_liability,A,172000.0,1,25000.0,1000000.0,30,6417.0,6384.0,5253.0,1131.0,True,closed,35.0
VEL-00594,2018,physical_damage,C,123000.0,1,25000.0,2000000.0,30,11430.0,11920.0,11101.0,819.0,False,closed,10.0
VEL-00595,2018,auto_liability,C,161000.0,4,25000.0,2000000.0,30,4964.0,5322.0,4853.0,469.0,False,closed,29.0
VEL-00596,2018,cargo,A,228000.0,0,25000.0,1000000.0,30,6270.0,6646.0,5449.0,1197.0,False,closed,57.0
VEL-00597,2018,physical_damage,A,261000.0,1,5000.0,1000000.0,30,10315.0,9511.0,9049.0,462.0,False,closed,1.0
VEL-00598,2018,physical_damage,C,208000.0,1,5000.0,2000000.0,30,5686.0,5187.0,5007.0,180.0,False,closed,3.0
VEL-00599,2018,cargo,D,296000.0,7,10000.0,2000000.0,30,38656.0,41766.0,33064.0,8702.0,False,closed,32.0
VEL-00600,2018,cargo,B,136000.0,1,5000.0,1000000.0,30,7133.0,7440.0,7045.0,395.0,False,closed,7.0
VEL-00601,2018,auto_liability,C,202000.0,5,25000.0,1000000.0,30,3525.0,3287.0,3195.0,92.0,True,closed,17.0
VEL-00602,2018,auto_liability,D,82000.0,0,5000.0,2000000.0,30,21947.0,20380.0,20672.0,0.0,False,closed,26.0
VEL-00603,2018,auto_liability,C,264000.0,1,5000.0,1000000.0,30,6093.0,6151.0,5612.0,539.0,False,closed,63.0
VEL-00604,2018,auto_liability,B,194000.0,1,5000.0,1000000.0,30,8426.0,7913.0,6892.0,1021.0,False,closed,21.0
VEL-00605,2018,auto_liability,A,146000.0,0,25000.0,2000000.0,30,3333.0,3682.0,2715.0,967.0,True,closed,25.0
VEL-00606,2018,physical_damage,B,322000.0,1,5000.0,1000000.0,30,1468.0,1394.0,1218.0,176.0,False,closed,51.0
VEL-00607,2018,workers_comp,B,254000.0,3,10000.0,2000000.0,30,19148.0,21209.0,17221.0,3988.0,False,closed,12.0
VEL-00608,2018,auto_liability,D,44000.0,2,5000.0,1000000.0,30,3020.0,3194.0,2795.0,399.0,False,closed,6.0
VEL-00609,2018,cargo,B,184000.0,1,10000.0,2000000.0,30,23239.0,23757.0,23219.0,538.0,False,closed,51.0
VEL-00610,2018,physical_damage,B,87000.0,1,5000.0,1000000.0,30,2481.0,2599.0,2432.0,167.0,False,closed,2.0
VEL-00611,2018,cargo,A,307000.0,1,5000.0,2000000.0,30,2087.0,2196.0,1978.0,218.0,False,closed,4.0
VEL-00612,2018,physical_damage,B,625000.0,2,5000.0,1000000.0,30,9999.0,9627.0,8766.0,861.0,False,closed,7.0
VEL-00613,2018,auto_liability,B,139000.0,1,5000.0,1000000.0,30,7645.0,7701.0,6643.0,1058.0,False,closed,36.0
VEL-00614,2018,cargo,C,187000.0,0,25000.0,2000000.0,30,13656.0,12490.0,12829.0,0.0,False,closed,37.0
VEL-00615,2018,auto_liability,A,159000.0,1,10000.0,1000000.0,30,1831.0,1667.0,1591.0,76.0,False,closed,31.0
VEL-00616,2018,auto_liability,B,215000.0,0,10000.0,2000000.0,30,10821.0,11985.0,23912.482140923494,1671.0,False,closed,180.0
VEL-00617,2018,cargo,B,248000.0,2,25000.0,2000000.0,30,3441.0,3741.0,3254.0,487.0,False,closed,11.0
VEL-00618,2018,physical_damage,B,343000.0,1,25000.0,1000000.0,30,5605.0,5974.0,4618.0,1356.0,False,closed,18.0
VEL-00619,2018,auto_liability,A,110000.0,0,5000.0,2000000.0,30,2519.0,2325.0,2420.0,0.0,False,closed,13.0
VEL-00620,2018,auto_liability,B,395000.0,1,5000.0,1000000.0,30,4187.0,4343.0,3428.0,915.0,False,closed,22.0
VEL-00621,2018,workers_comp,C,113000.0,2,5000.0,2000000.0,30,29412.0,31099.0,51907.484681531576,5700.0,True,closed,190.0
VEL-00622,2018,auto_liability,A,207000.0,0,5000.0,1000000.0,30,2828.0,2813.0,2814.0,0.0,False,closed,7.0
VEL-00623,2018,cargo,A,321000.0,0,5000.0,1000000.0,30,12903.0,12685.0,12003.0,682.0,False,closed,27.0
VEL-00624,2018,auto_liability,B,257000.0,3,25000.0,1000000.0,30,9353.0,9912.0,9084.0,828.0,False,closed,32.0
VEL-00625,2018,cargo,A,113000.0,2,5000.0,2000000.0,30,2342.0,2113.0,2308.0,0.0,False,closed,35.0
VEL-00626,2018,auto_liability,C,127000.0,3,5000.0,2000000.0,30,2830.0,2840.0,2414.0,426.0,False,closed,18.0
VEL-00627,2018,physical_damage,C,143000.0,1,5000.0,1000000.0,30,7274.0,6957.0,6977.0,0.0,False,closed,25.0
VEL-00628,2018,auto_liability,D,175000.0,3,5000.0,2000000.0,30,5318.0,5305.0,8917.066098949535,655.0,False,closed,249.0
VEL-00629,2018,physical_damage,C,319000.0,0,25000.0,2000000.0,30,12214.0,12477.0,9930.0,2547.0,False,closed,3.0
VEL-00630,2018,cargo,B,94000.0,2,10000.0,1000000.0,30,2424.0,2406.0,1991.0,415.0,False,closed,47.0
VEL-00631,2018,auto_liability,A,227000.0,1,10000.0,1000000.0,30,7811.0,8537.0,6446.0,2091.0,False,closed,48.0
VEL-00632,2018,auto_liability,C,244000.0,1,5000.0,2000000.0,30,11865.0,12981.0,10990.0,1991.0,False,closed,9.0
VEL-00633,2018,cargo,C,238000.0,2,25000.0,2000000.0,30,11112.0,11858.0,10316.0,1542.0,False,closed,17.0
VEL-00634,2018,physical_damage,C,227000.0,1,5000.0,1000000.0,30,3437.0,3694.0,3332.0,362.0,False,closed,25.0
VEL-00635,2018,auto_liability,B,385000.0,0,25000.0,2000000.0,30,5581.0,5638.0,4794.0,844.0,False,closed,29.0
VEL-00636,2018,physical_damage,C,230000.0,1,10000.0,2000000.0,30,6480.0,6218.0,6172.0,46.0,False,closed,23.0
VEL-00637,2018,physical_damage,A,276000.0,0,25000.0,1000000.0,30,9942.0,10732.0,8484.0,2248.0,False,closed,21.0
VEL-00638,2018,cargo,B,239000.0,1,10000.0,1000000.0,30,9680.0,8960.0,8351.0,609.0,False,closed,26.0
VEL-00639,2018,auto_liability,B,441000.0,2,10000.0,2000000.0,30,9596.0,9891.0,8935.0,956.0,False,closed,5.0
VEL-00640,2018,cargo,B,70000.0,3,5000.0,1000000.0,30,7457.0,7750.0,6551.0,1199.0,False,closed,25.0
VEL-00641,2018,physical_damage,B,342000.0,1,5000.0,1000000.0,30,23424.0,21644.0,23415.0,0.0,True,closed,18.0
VEL-00642,2018,cargo,A,158000.0,1,10000.0,2000000.0,30,1500.0,1417.0,1295.0,122.0,False,closed,74.0
VEL-00643,2018,auto_liability,B,156000.0,1,5000.0,1000000.0,30,2593.0,2717.0,2198.0,519.0,False,closed,63.0
VEL-00644,2018,cargo,B,111000.0,1,10000.0,1000000.0,30,14914.0,16237.0,14554.0,1683.0,False,closed,29.0
VEL-00645,2018,physical_damage,B,71000.0,2,10000.0,1000000.0,30,2556.0,2520.0,2491.0,29.0,False,closed,16.0
VEL-00646,2018,auto_liability,C,149000.0,2,25000.0,1000000.0,30,11788.0,11987.0,20459.729531405254,2172.0,False,closed,328.0
VEL-00647,2018,auto_liability,B,128000.0,0,25000.0,2000000.0,30,2231.0,2356.0,1935.0,421.0,False,closed,10.0
VEL-00648,2018,workers_comp,B,230000.0,0,5000.0,2000000.0,30,13622.0,14003.0,12287.0,1716.0,False,closed,53.0
VEL-00649,2018,cargo,D,86000.0,1,25000.0,1000000.0,30,7753.0,7767.0,6305.0,1462.0,False,closed,17.0
VEL-00650,2018,auto_liability,A,368000.0,0,5000.0,1000000.0,30,3268.0,3400.0,2857.0,543.0,False,closed,23.0
VEL-00651,2018,cargo,B,206000.0,0,5000.0,2000000.0,30,11765.0,12426.0,11224.0,1202.0,False,closed,9.0
VEL-00652,2018,auto_liability,A,159000.0,1,10000.0,1000000.0,30,4206.0,4527.0,4011.0,516.0,False,closed,11.0
VEL-00653,2018,physical_damage,B,126000.0,2,10000.0,1000000.0,30,5964.0,6104.0,4949.0,1155.0,False,closed,66.0
VEL-00654,2018,cargo,D,121000.0,3,5000.0,1000000.0,30,77401.0,80915.0,66619.0,14296.0,False,closed,31.0
VEL-00655,2018,physical_damage,A,102000.0,2,5000.0,1000000.0,30,6541.0,6168.0,5584.0,584.0,False,closed,17.0
VEL-00656,2018,auto_liability,C,137000.0,1,25000.0,1000000.0,30,3279.0,3068.0,3072.0,0.0,False,closed,43.0
VEL-00657,2018,auto_liability,C,181000.0,0,25000.0,1000000.0,30,13610.0,14674.0,11247.0,3427.0,False,closed,18.0
VEL-00658,2018,auto_liability,B,165000.0,2,25000.0,1000000.0,30,10284.0,9762.0,23224.42882956107,0.0,False,closed,181.0
VEL-00659,2018,auto_liability,C,89000.0,0,10000.0,1000000.0,30,16985.0,16919.0,13982.0,2937.0,False,closed,28.0
VEL-00660,2018,auto_liability,B,158000.0,0,5000.0,2000000.0,30,21233.0,23243.0,19232.0,4011.0,False,closed,12.0
VEL-00661,2018,auto_liability,B,115000.0,1,25000.0,1000000.0,30,2747.0,2561.0,2584.0,0.0,False,closed,21.0
VEL-00662,2018,auto_liability,B,195000.0,2,25000.0,1000000.0,30,12302.0,12909.0,12175.0,734.0,False,closed,39.0
VEL-00663,2018,physical_damage,A,457000.0,1,10000.0,1000000.0,30,15279.0,14586.0,14100.0,486.0,False,closed,29.0
VEL-00664,2018,auto_liability,B,246000.0,1,5000.0,2000000.0,30,5559.0,5769.0,5398.0,371.0,False,closed,6.0
VEL-00665,2018,cargo,B,154000.0,1,5000.0,1000000.0,30,12404.0,13392.0,11240.0,2152.0,False,closed,17.0
VEL-00666,2018,workers_comp,D,80000.0,0,25000.0,1000000.0,30,1993.0,2153.0,1682.0,471.0,False,closed,89.0
VEL-00667,2018,auto_liability,B,89000.0,1,25000.0,1000000.0,30,3613.0,3870.0,3195.0,675.0,True,closed,9.0
VEL-00668,2018,physical_damage,A,77000.0,0,5000.0,2000000.0,30,24848.0,25194.0,22895.0,2299.0,False,closed,12.0
VEL-00669,2018,physical_damage,D,259000.0,1,5000.0,2000000.0,30,3101.0,3162.0,2810.0,352.0,False,closed,22.0
VEL-00670,2018,auto_liability,A,123000.0,2,5000.0,2000000.0,30,3045.0,2856.0,2913.0,0.0,False,closed,7.0
VEL-00671,2018,auto_liability,D,186000.0,2,25000.0,1000000.0,30,10289.0,9524.0,9341.0,183.0,False,closed,3.0
VEL-00672,2018,cargo,C,132000.0,0,5000.0,2000000.0,30,19411.0,20664.0,17017.0,3647.0,False,closed,51.0
VEL-00673,2018,physical_damage,B,188000.0,1,5000.0,2000000.0,30,26990.0,24601.0,24373.0,228.0,False,closed,4.0
VEL-00674,2018,cargo,B,363000.0,0,10000.0,2000000.0,30,2751.0,3040.0,2487.0,553.0,False,closed,45.0
VEL-00675,2018,auto_liability,A,128000.0,2,5000.0,1000000.0,30,4698.0,4420.0,3768.0,652.0,False,closed,25.0
VEL-00676,2018,physical_damage,A,152000.0,1,5000.0,1000000.0,30,12386.0,13110.0,10722.0,2388.0,False,closed,27.0
VEL-00677,2018,cargo,A,120000.0,0,5000.0,1000000.0,30,3155.0,3150.0,2886.0,264.0,False,closed,70.0
VEL-00678,2018,cargo,B,279000.0,0,25000.0,2000000.0,30,10018.0,10367.0,9442.0,925.0,False,closed,8.0
VEL-00679,2018,auto_liability,B,108000.0,2,5000.0,1000000.0,30,22845.0,24363.0,20229.0,4134.0,False,closed,5.0
VEL-00680,2018,physical_damage,D,102000.0,2,10000.0,2000000.0,30,31791.0,30683.0,30177.0,506.0,False,closed,45.0
VEL-00681,2018,auto_liability,B,90000.0,2,10000.0,1000000.0,30,8329.0,9008.0,20716.868410225878,1506.0,False,closed,294.0
VEL-00682,2018,cargo,D,89000.0,5,10000.0,2000000.0,30,2168.0,2311.0,4620.42112279085,416.0,False,closed,243.0
VEL-00683,2018,auto_liability,C,228000.0,1,25000.0,2000000.0,30,6156.0,6326.0,5223.0,1103.0,False,closed,10.0
VEL-00684,2018,auto_liability,A,650000.0,0,10000.0,2000000.0,30,6080.0,6240.0,5834.0,406.0,False,closed,7.0
VEL-00685,2018,cargo,B,109000.0,2,10000.0,1000000.0,30,8189.0,8062.0,8061.0,1.0,True,closed,18.0
VEL-00686,2018,physical_damage,A,290000.0,1,10000.0,2000000.0,30,6189.0,6890.0,5854.0,1036.0,False,closed,28.0
VEL-00687,2018,physical_damage,A,204000.0,1,5000.0,1000000.0,30,65652.0,64685.0,55417.0,9268.0,False,closed,7.0
VEL-00688,2018,workers_comp,D,104000.0,2,25000.0,2000000.0,30,16134.0,15376.0,15185.0,191.0,False,closed,44.0
VEL-00689,2018,auto_liability,B,157000.0,1,25000.0,1000000.0,30,2686.0,2747.0,2420.0,327.0,False,closed,13.0
VEL-00690,2018,auto_liability,A,160000.0,1,25000.0,1000000.0,30,5459.0,6019.0,5377.0,642.0,False,closed,16.0
VEL-00691,2018,auto_liability,A,127000.0,0,10000.0,2000000.0,30,3591.0,3963.0,2877.0,1086.0,False,closed,44.0
VEL-00692,2018,auto_liability,B,473000.0,1,10000.0,1000000.0,30,4405.0,4525.0,4205.0,320.0,False,closed,15.0
VEL-00693,2018,auto_liability,B,69000.0,0,25000.0,2000000.0,30,5206.0,5135.0,4650.0,485.0,False,closed,42.0
VEL-00694,2018,physical_damage,A,218000.0,0,5000.0,1000000.0,30,11615.0,12363.0,11280.0,1083.0,False,closed,25.0
VEL-00695,2018,workers_comp,C,212000.0,1,25000.0,2000000.0,30,18540.0,18966.0,17078.0,1888.0,False,closed,11.0
VEL-00696,2018,physical_damage,A,135000.0,2,5000.0,2000000.0,30,2640.0,2854.0,6673.719905898414,738.0,False,closed,320.0
VEL-00697,2018,physical_damage,C,194000.0,2,5000.0,2000000.0,30,8778.0,9509.0,8237.0,1272.0,False,closed,30.0
VEL-00698,2018,auto_liability,B,279000.0,1,5000.0,2000000.0,30,7932.0,8364.0,7192.0,1172.0,False,closed,36.0
VEL-00699,2018,physical_damage,B,194000.0,1,10000.0,1000000.0,30,5590.0,6227.0,4739.0,1488.0,False,closed,36.0
VEL-00700,2018,cargo,B,222000.0,1,10000.0,2000000.0,30,24432.0,25475.0,20141.0,5334.0,False,closed,49.0
VEL-00701,2018,physical_damage,B,255000.0,2,10000.0,2000000.0,30,14220.0,15847.0,12509.0,3338.0,False,closed,35.0
VEL-00702,2018,cargo,D,65000.0,3,5000.0,1000000.0,30,7324.0,7642.0,6681.0,961.0,False,closed,32.0
VEL-00703,2018,physical_damage,C,377000.0,2,5000.0,1000000.0,30,12325.0,11685.0,11039.0,646.0,False,closed,18.0
VEL-00704,2018,auto_liability,A,562000.0,0,25000.0,2000000.0,30,20145.0,20912.0,16185.0,4727.0,False,closed,21.0
VEL-00705,2018,physical_damage,B,294000.0,2,10000.0,2000000.0,30,25583.0,27346.0,21223.0,6123.0,False,closed,8.0
VEL-00706,2018,physical_damage,A,299000.0,0,5000.0,1000000.0,30,6231.0,6188.0,5833.0,355.0,True,closed,13.0
VEL-00707,2018,auto_liability,A,89000.0,0,5000.0,1000000.0,30,8920.0,8357.0,8110.0,247.0,False,closed,21.0
VEL-00708,2018,physical_damage,A,170000.0,1,10000.0,2000000.0,30,3921.0,3832.0,3719.0,113.0,False,closed,16.0
VEL-00709,2018,cargo,A,120000.0,0,10000.0,2000000.0,30,2852.0,3057.0,2518.0,539.0,False,closed,3.0
VEL-00710,2018,auto_liability,D,134000.0,2,5000.0,2000000.0,30,12564.0,11882.0,10697.0,1185.0,False,closed,7.0
VEL-00711,2018,physical_damage,C,292000.0,5,10000.0,1000000.0,30,11666.0,10529.0,21247.972247215872,0.0,False,closed,165.0
VEL-00712,2018,cargo,C,120000.0,2,10000.0,1000000.0,30,18537.0,20268.0,15638.0,4630.0,True,closed,7.0
VEL-00713,2018,physical_damage,B,169000.0,0,10000.0,1000000.0,30,7793.0,8680.0,6329.0,2351.0,False,closed,49.0
VEL-00714,2018,auto_liability,B,69000.0,1,10000.0,2000000.0,30,7097.0,7744.0,6201.0,1543.0,False,closed,27.0
VEL-00715,2018,auto_liability,B,166000.0,2,5000.0,2000000.0,30,3783.0,4072.0,3368.0,704.0,False,closed,32.0
VEL-00716,2018,physical_damage,B,188000.0,2,5000.0,1000000.0,30,11322.0,12007.0,9531.0,2476.0,False,closed,33.0
VEL-00717,2018,physical_damage,A,127000.0,0,5000.0,2000000.0,30,12141.0,12400.0,12033.0,367.0,False,closed,15.0
VEL-00718,2018,physical_damage,B,126000.0,2,25000.0,1000000.0,30,7599.0,7929.0,6431.0,1498.0,False,closed,11.0
VEL-00719,2018,auto_liability,C,462000.0,2,5000.0,1000000.0,30,12500.0,13303.0,10305.0,2998.0,False,closed,14.0
VEL-00720,2018,cargo,A,98000.0,1,5000.0,2000000.0,30,2239.0,2177.0,2087.0,90.0,True,closed,35.0
VEL-00721,2018,workers_comp,A,106000.0,0,5000.0,1000000.0,30,5767.0,5451.0,4779.0,672.0,False,closed,8.0
VEL-00722,2018,auto_liability,B,120000.0,0,5000.0,1000000.0,30,16420.0,17285.0,14055.0,3230.0,False,closed,22.0
VEL-00723,2018,auto_liability,B,328000.0,1,10000.0,1000000.0,30,20830.0,21512.0,18388.0,3124.0,False,closed,26.0
VEL-00724,2018,auto_liability,B,515000.0,0,25000.0,2000000.0,30,6706.0,7497.0,5732.0,1765.0,False,closed,31.0
VEL-00725,2018,cargo,C,213000.0,3,10000.0,2000000.0,30,11666.0,11563.0,10858.0,705.0,False,closed,28.0
VEL-00726,2018,workers_comp,A,126000.0,0,10000.0,1000000.0,30,4018.0,3982.0,3327.0,655.0,False,closed,6.0
VEL-00727,2018,auto_liability,A,145000.0,0,10000.0,2000000.0,30,5976.0,5539.0,5551.0,0.0,False,closed,66.0
VEL-00728,2018,auto_liability,B,307000.0,1,25000.0,2000000.0,30,9964.0,9000.0,8202.0,798.0,False,closed,13.0
VEL-00729,2018,auto_liability,A,114000.0,1,5000.0,1000000.0,30,1497.0,1393.0,1371.0,22.0,False,closed,34.0
VEL-00730,2018,physical_damage,C,372000.0,2,5000.0,2000000.0,30,14746.0,15192.0,14683.0,509.0,False,closed,20.0
VEL-00731,2018,workers_comp,D,365000.0,5,10000.0,1000000.0,30,27380.0,30448.0,26213.0,4235.0,True,closed,18.0
VEL-00732,2018,auto_liability,B,186000.0,1,5000.0,1000000.0,30,7735.0,7154.0,7652.0,0.0,False,closed,13.0
VEL-00733,2018,auto_liability,A,249000.0,1,25000.0,1000000.0,30,1953.0,1826.0,1776.0,50.0,False,closed,55.0
VEL-00734,2018,physical_damage,A,262000.0,0,25000.0,1000000.0,30,9759.0,10247.0,8117.0,2130.0,False,closed,16.0
VEL-00735,2018,physical_damage,C,392000.0,0,25000.0,2000000.0,30,3153.0,3047.0,2756.0,291.0,False,closed,7.0
VEL-00736,2018,cargo,D,106000.0,3,25000.0,1000000.0,30,47022.0,42792.0,44919.0,0.0,False,closed,6.0
VEL-00737,2018,physical_damage,B,325000.0,1,5000.0,1000000.0,30,8786.0,9623.0,7261.0,2362.0,False,closed,13.0
VEL-00738,2018,auto_liability,B,149000.0,1,25000.0,2000000.0,30,2322.0,2166.0,4741.865910904532,0.0,False,closed,234.0
VEL-00739,2018,auto_liability,B,123000.0,0,25000.0,1000000.0,30,15241.0,15180.0,13176.0,2004.0,False,closed,16.0
VEL-00740,2018,workers_comp,B,189000.0,0,5000.0,2000000.0,30,30184.0,32176.0,29686.0,2490.0,False,closed,22.0
VEL-00741,2018,cargo,C,162000.0,2,10000.0,2000000.0,30,7740.0,8294.0,6735.0,1559.0,False,closed,44.0
VEL-00742,2018,auto_liability,B,110000.0,1,10000.0,1000000.0,30,29026.0,32227.0,25093.0,7134.0,False,closed,37.0
VEL-00743,2018,cargo,A,81000.0,0,10000.0,2000000.0,30,3979.0,4100.0,3400.0,700.0,False,closed,39.0
VEL-00744,2018,auto_liability,A,112000.0,0,10000.0,2000000.0,30,5756.0,5368.0,5226.0,142.0,False,closed,33.0
VEL-00745,2018,cargo,A,372000.0,0,25000.0,2000000.0,30,20512.0,18824.0,20318.0,0.0,False,closed,22.0
VEL-00746,2018,auto_liability,C,480000.0,1,25000.0,2000000.0,30,1236.0,1287.0,1122.0,165.0,False,closed,25.0
VEL-00747,2018,cargo,B,249000.0,2,25000.0,1000000.0,30,21873.0,22262.0,20742.0,1520.0,True,closed,31.0
VEL-00748,2018,auto_liability,D,326000.0,2,5000.0,2000000.0,30,7898.0,7541.0,7141.0,400.0,False,closed,25.0
VEL-00749,2018,physical_damage,A,139000.0,0,5000.0,1000000.0,30,6424.0,6015.0,5246.0,769.0,False,closed,23.0
VEL-00750,2018,physical_damage,B,173000.0,1,25000.0,2000000.0,30,3540.0,3459.0,3247.0,212.0,False,closed,14.0
VEL-00751,2018,physical_damage,C,207000.0,0,10000.0,2000000.0,30,12434.0,11978.0,11425.0,553.0,False,closed,10.0
VEL-00752,2018,auto_liability,B,105000.0,2,25000.0,2000000.0,30,2418.0,2365.0,2223.0,142.0,False,closed,18.0
VEL-00753,2018,auto_liability,A,110000.0,0,5000.0,2000000.0,30,2201.0,2151.0,1892.0,259.0,False,closed,11.0
VEL-00754,2018,auto_liability,B,189000.0,0,5000.0,1000000.0,30,3972.0,4232.0,3390.0,842.0,False,closed,5.0
VEL-00755,2018,auto_liability,B,153000.0,1,10000.0,2000000.0,30,2214.0,2217.0,1917.0,300.0,False,closed,40.0
VEL-00756,2018,auto_liability,B,106000.0,1,5000.0,1000000.0,30,18078.0,19642.0,14574.0,5068.0,False,closed,9.0
VEL-00757,2018,auto_liability,B,218000.0,2,5000.0,1000000.0,30,2052.0,2073.0,1708.0,365.0,False,closed,39.0
VEL-00758,2018,physical_damage,A,158000.0,1,10000.0,2000000.0,30,3690.0,3557.0,3164.0,393.0,False,closed,32.0
VEL-00759,2018,auto_liability,D,300000.0,2,10000.0,1000000.0,30,6539.0,7215.0,5901.0,1314.0,False,closed,21.0
VEL-00760,2018,physical_damage,B,180000.0,2,25000.0,2000000.0,30,7960.0,8305.0,7819.0,486.0,False,closed,58.0
VEL-00761,2018,auto_liability,C,155000.0,2,25000.0,2000000.0,30,12297.0,13348.0,11561.0,1787.0,True,closed,6.0
VEL-00762,2018,auto_liability,B,192000.0,2,10000.0,2000000.0,30,10266.0,9766.0,19290.664299074913,494.0,False,closed,142.0
VEL-00763,2018,auto_liability,A,165000.0,3,25000.0,2000000.0,30,3625.0,4039.0,3420.0,619.0,False,closed,51.0
VEL-00764,2018,cargo,A,129000.0,0,10000.0,2000000.0,30,6335.0,6587.0,5631.0,956.0,False,closed,27.0
VEL-00765,2018,auto_liability,A,147000.0,0,25000.0,2000000.0,30,4671.0,4589.0,3781.0,808.0,False,closed,11.0
VEL-00766,2018,physical_damage,A,262000.0,0,25000.0,2000000.0,30,12041.0,11502.0,11286.0,216.0,False,closed,7.0
VEL-00767,2018,cargo,A,249000.0,0,25000.0,2000000.0,30,14257.0,13141.0,13417.0,0.0,False,closed,23.0
VEL-00768,2018,physical_damage,B,342000.0,0,10000.0,2000000.0,30,5390.0,4890.0,5018.0,0.0,False,closed,5.0
VEL-00769,2018,cargo,B,77000.0,3,5000.0,2000000.0,30,2203.0,2078.0,2138.0,0.0,False,closed,37.0
VEL-00770,2018,workers_comp,B,148000.0,1,25000.0,1000000.0,30,63377.0,61360.0,60610.0,750.0,False,closed,33.0
VEL-00771,2018,auto_liability,C,146000.0,1,25000.0,2000000.0,30,13856.0,14088.0,13382.0,706.0,False,closed,2.0
VEL-00772,2018,cargo,A,196000.0,0,5000.0,2000000.0,30,10295.0,10167.0,8331.0,1836.0,False,closed,14.0
VEL-00773,2018,auto_liability,A,144000.0,1,10000.0,2000000.0,30,5874.0,5345.0,5874.0,0.0,False,closed,52.0
VEL-00774,2018,auto_liability,C,139000.0,2,5000.0,1000000.0,30,4590.0,4277.0,4212.0,65.0,False,closed,35.0
VEL-00775,2018,physical_damage,B,266000.0,0,25000.0,1000000.0,30,3747.0,3387.0,3442.0,0.0,False,closed,8.0
VEL-00776,2019,physical_damage,B,140000.0,2,25000.0,2000000.0,30,4626.0,4878.0,4269.0,609.0,False,closed,6.0
VEL-00777,2019,cargo,D,133000.0,1,5000.0,2000000.0,30,13403.0,14761.0,13092.0,1669.0,False,closed,9.0
VEL-00778,2019,cargo,A,226000.0,0,10000.0,2000000.0,30,6434.0,6885.0,5273.0,1612.0,False,closed,13.0
VEL-00779,2019,physical_damage,A,368000.0,0,25000.0,1000000.0,30,6732.0,6178.0,6171.0,7.0,False,closed,4.0
VEL-00780,2019,physical_damage,C,185000.0,3,25000.0,2000000.0,30,18118.0,19760.0,17237.0,2523.0,False,closed,33.0
VEL-00781,2019,physical_damage,B,348000.0,0,10000.0,1000000.0,30,7268.0,8096.0,6460.0,1636.0,False,closed,35.0
VEL-00782,2019,auto_liability,B,156000.0,4,10000.0,2000000.0,30,5291.0,4805.0,4757.0,48.0,False,closed,13.0
VEL-00783,2019,cargo,B,330000.0,2,25000.0,1000000.0,30,21927.0,21163.0,17769.0,3394.0,False,closed,21.0
VEL-00784,2019,physical_damage,B,110000.0,1,10000.0,2000000.0,30,9836.0,10763.0,8289.0,2474.0,False,closed,15.0
VEL-00785,2019,auto_liability,B,199000.0,0,5000.0,1000000.0,30,11256.0,11446.0,9582.0,1864.0,False,closed,23.0
VEL-00786,2019,physical_damage,C,106000.0,1,5000.0,2000000.0,30,10714.0,9664.0,9519.0,145.0,False,closed,28.0
VEL-00787,2019,physical_damage,A,252000.0,1,25000.0,2000000.0,30,2464.0,2634.0,1979.0,655.0,False,closed,23.0
VEL-00788,2019,auto_liability,D,241000.0,0,10000.0,1000000.0,30,3596.0,4017.0,2940.0,1077.0,False,closed,30.0
VEL-00789,2019,cargo,B,113000.0,3,10000.0,1000000.0,30,3002.0,2800.0,2755.0,45.0,False,closed,12.0
VEL-00790,2019,physical_damage,B,125000.0,3,10000.0,2000000.0,30,18514.0,20193.0,18460.0,1733.0,False,closed,10.0
VEL-00791,2019,workers_comp,A,145000.0,2,5000.0,2000000.0,30,14156.0,14672.0,12053.0,2619.0,False,closed,30.0
VEL-00792,2019,cargo,A,86000.0,0,5000.0,2000000.0,30,5933.0,6136.0,5373.0,763.0,False,closed,37.0
VEL-00793,2019,auto_liability,A,114000.0,2,5000.0,1000000.0,30,2177.0,1982.0,1958.0,24.0,False,closed,40.0
VEL-00794,2019,auto_liability,A,118000.0,0,5000.0,1000000.0,30,5950.0,6628.0,5679.0,949.0,False,closed,6.0
VEL-00795,2019,physical_damage,B,268000.0,0,25000.0,2000000.0,30,7191.0,8051.0,6519.0,1532.0,True,closed,51.0
VEL-00796,2019,auto_liability,B,362000.0,2,25000.0,1000000.0,30,7049.0,6545.0,6360.0,185.0,False,closed,10.0
VEL-00797,2019,cargo,C,145000.0,3,10000.0,2000000.0,30,6729.0,7266.0,5439.0,1827.0,False,closed,13.0
VEL-00798,2019,physical_damage,B,157000.0,2,5000.0,1000000.0,30,3479.0,3399.0,2794.0,605.0,False,closed,33.0
VEL-00799,2019,workers_comp,C,202000.0,3,5000.0,1000000.0,30,49870.0,45204.0,44322.0,882.0,False,closed,49.0
VEL-00800,2019,auto_liability,A,140000.0,0,10000.0,2000000.0,30,2240.0,2273.0,1847.0,426.0,False,closed,13.0
VEL-00801,2019,physical_damage,B,158000.0,1,5000.0,2000000.0,30,7802.0,8468.0,6740.0,1728.0,False,closed,17.0
VEL-00802,2019,physical_damage,A,276000.0,0,10000.0,1000000.0,30,17567.0,18060.0,14578.0,3482.0,False,closed,13.0
VEL-00803,2019,physical_damage,C,203000.0,0,25000.0,2000000.0,30,2480.0,2263.0,2377.0,0.0,False,closed,23.0
VEL-00804,2019,workers_comp,B,174000.0,2,5000.0,2000000.0,30,21373.0,23295.0,18350.0,4945.0,False,closed,21.0
VEL-00805,2019,auto_liability,B,136000.0,1,10000.0,1000000.0,30,5848.0,5816.0,5437.0,379.0,False,closed,27.0
VEL-00806,2019,auto_liability,B,378000.0,1,25000.0,1000000.0,30,4993.0,5108.0,4586.0,522.0,False,closed,11.0
VEL-00807,2019,cargo,B,133000.0,0,10000.0,1000000.0,30,12613.0,12480.0,23521.90983298981,625.0,False,closed,196.0
VEL-00808,2019,auto_liability,A,193000.0,2,5000.0,2000000.0,30,1883.0,2095.0,1609.0,486.0,False,closed,24.0
VEL-00809,2019,physical_damage,C,108000.0,0,10000.0,2000000.0,30,1857.0,1892.0,4049.9440323689114,347.0,False,closed,396.0
VEL-00810,2019,workers_comp,B,135000.0,0,25000.0,2000000.0,30,51722.0,55851.0,50380.0,5471.0,False,closed,14.0
VEL-00811,2019,cargo,A,190000.0,2,10000.0,2000000.0,30,6829.0,7570.0,6137.0,1433.0,False,closed,52.0
VEL-00812,2019,physical_damage,A,149000.0,1,5000.0,2000000.0,30,12598.0,12984.0,11884.0,1100.0,False,closed,24.0
VEL-00813,2019,auto_liability,B,237000.0,1,10000.0,2000000.0,30,12654.0,13754.0,11246.0,2508.0,False,closed,39.0
VEL-00814,2019,workers_comp,B,188000.0,0,5000.0,1000000.0,30,15733.0,14888.0,12670.0,2218.0,False,closed,22.0
VEL-00815,2019,physical_damage,A,91000.0,1,10000.0,1000000.0,30,9121.0,8595.0,7521.0,1074.0,False,closed,99.0
VEL-00816,2019,auto_liability,A,57000.0,0,10000.0,2000000.0,30,7725.0,8211.0,6408.0,1803.0,False,closed,16.0
VEL-00817,2019,auto_liability,C,298000.0,0,25000.0,2000000.0,30,21906.0,22977.0,17664.0,5313.0,False,closed,5.0
VEL-00818,2019,auto_liability,B,135000.0,2,10000.0,1000000.0,30,8010.0,8890.0,7555.0,1335.0,False,closed,20.0
VEL-00819,2019,auto_liability,A,380000.0,1,25000.0,1000000.0,30,11618.0,11373.0,11525.0,0.0,False,closed,29.0
VEL-00820,2019,physical_damage,C,183000.0,0,10000.0,1000000.0,30,7812.0,7341.0,6880.0,461.0,False,closed,28.0
VEL-00821,2019,auto_liability,A,124000.0,1,10000.0,2000000.0,30,3324.0,3297.0,3304.0,0.0,False,closed,33.0
VEL-00822,2019,auto_liability,C,240000.0,2,25000.0,1000000.0,30,7230.0,7925.0,5946.0,1979.0,True,closed,53.0
VEL-00823,2019,cargo,C,158000.0,4,10000.0,2000000.0,30,16978.0,17323.0,14767.0,2556.0,False,closed,35.0
VEL-00824,2019,auto_liability,A,182000.0,1,25000.0,1000000.0,30,6780.0,6570.0,6240.0,330.0,False,closed,20.0
VEL-00825,2019,physical_damage,D,114000.0,4,5000.0,1000000.0,30,50309.0,50816.0,46744.0,4072.0,False,closed,27.0
VEL-00826,2019,cargo,D,249000.0,4,25000.0,2000000.0,30,28738.0,30488.0,23155.0,7333.0,False,closed,12.0
VEL-00827,2019,cargo,A,313000.0,0,5000.0,1000000.0,30,8870.0,8188.0,8683.0,0.0,False,closed,14.0
VEL-00828,2019,cargo,B,139000.0,3,25000.0,2000000.0,30,45198.0,47654.0,45151.0,2503.0,False,closed,18.0
VEL-00829,2019,physical_damage,B,442000.0,0,5000.0,2000000.0,30,10147.0,10106.0,8717.0,1389.0,False,closed,66.0
VEL-00830,2019,auto_liability,A,136000.0,0,25000.0,1000000.0,30,5942.0,6494.0,5105.0,1389.0,False,closed,13.0
VEL-00831,2019,auto_liability,A,205000.0,1,10000.0,1000000.0,30,6566.0,7071.0,6082.0,989.0,False,closed,31.0
VEL-00832,2019,cargo,A,80000.0,1,25000.0,1000000.0,30,6612.0,7068.0,5843.0,1225.0,False,closed,39.0
VEL-00833,2019,cargo,B,69000.0,3,10000.0,1000000.0,30,4599.0,4188.0,4158.0,30.0,False,closed,37.0
VEL-00834,2019,physical_damage,B,518000.0,2,25000.0,1000000.0,30,8771.0,8926.0,8532.0,394.0,False,closed,9.0
VEL-00835,2019,cargo,D,369000.0,4,25000.0,1000000.0,30,12251.0,11172.0,11376.0,0.0,False,closed,27.0
VEL-00836,2019,physical_damage,B,322000.0,0,25000.0,2000000.0,30,4187.0,4095.0,3448.0,647.0,False,closed,33.0
VEL-00837,2019,cargo,B,78000.0,1,10000.0,2000000.0,30,11297.0,10594.0,22147.941891604576,811.0,False,closed,195.0
VEL-00838,2019,workers_comp,B,203000.0,4,5000.0,1000000.0,30,10977.0,11064.0,10680.0,384.0,False,closed,3.0
VEL-00839,2019,auto_liability,B,223000.0,2,25000.0,2000000.0,30,3587.0,3398.0,3539.0,0.0,False,closed,5.0
VEL-00840,2019,auto_liability,B,189000.0,1,10000.0,1000000.0,30,1489.0,1444.0,1283.0,161.0,False,closed,17.0
VEL-00841,2019,workers_comp,C,210000.0,0,10000.0,2000000.0,30,13714.0,14610.0,11183.0,3427.0,False,closed,10.0
VEL-00842,2019,auto_liability,B,115000.0,2,25000.0,2000000.0,30,20519.0,21962.0,19625.0,2337.0,True,closed,13.0
VEL-00843,2019,physical_damage,A,167000.0,0,5000.0,2000000.0,30,12583.0,13414.0,10615.0,2799.0,False,closed,22.0
VEL-00844,2019,physical_damage,A,103000.0,2,10000.0,2000000.0,30,14524.0,15409.0,12275.0,3134.0,False,closed,45.0
VEL-00845,2019,cargo,B,152000.0,0,5000.0,2000000.0,30,10176.0,9954.0,8979.0,975.0,True,closed,17.0
VEL-00846,2019,auto_liability,C,218000.0,2,10000.0,1000000.0,30,14882.0,13521.0,12153.0,1368.0,False,closed,12.0
VEL-00847,2019,physical_damage,C,123000.0,1,25000.0,2000000.0,30,5896.0,5386.0,5516.0,0.0,False,closed,26.0
VEL-00848,2019,physical_damage,B,158000.0,0,5000.0,2000000.0,30,5667.0,5823.0,5506.0,317.0,False,closed,45.0
VEL-00849,2019,auto_liability,B,146000.0,1,5000.0,2000000.0,30,8180.0,9099.0,7095.0,2004.0,False,closed,14.0
VEL-00850,2019,physical_damage,A,182000.0,2,5000.0,1000000.0,30,2261.0,2289.0,2113.0,176.0,False,closed,22.0
VEL-00851,2019,cargo,B,287000.0,1,5000.0,2000000.0,30,10786.0,10811.0,8916.0,1895.0,False,closed,37.0
VEL-00852,2019,auto_liability,B,204000.0,1,25000.0,2000000.0,30,6959.0,7581.0,6067.0,1514.0,False,closed,6.0
VEL-00853,2019,auto_liability,B,221000.0,1,5000.0,1000000.0,30,19464.0,19116.0,16176.0,2940.0,False,closed,11.0
VEL-00854,2019,physical_damage,B,88000.0,1,10000.0,2000000.0,30,4735.0,4495.0,3887.0,608.0,False,closed,16.0
VEL-00855,2019,physical_damage,A,151000.0,0,10000.0,1000000.0,30,8901.0,9873.0,7611.0,2262.0,False,closed,22.0
VEL-00856,2019,cargo,A,272000.0,0,5000.0,1000000.0,30,5222.0,4702.0,4562.0,140.0,False,closed,60.0
VEL-00857,2019,auto_liability,C,118000.0,4,25000.0,1000000.0,30,4539.0,4617.0,3652.0,965.0,False,closed,38.0
VEL-00858,2019,auto_liability,C,146000.0,0,10000.0,1000000.0,30,919.0,863.0,853.0,10.0,False,closed,57.0
VEL-00859,2019,auto_liability,D,112000.0,0,5000.0,2000000.0,30,4140.0,3952.0,3845.0,107.0,False,closed,44.0
VEL-00860,2019,cargo,B,352000.0,2,25000.0,1000000.0,30,24285.0,26879.0,20825.0,6054.0,False,closed,15.0
VEL-00861,2019,physical_damage,A,144000.0,2,25000.0,2000000.0,30,9568.0,10027.0,8485.0,1542.0,False,closed,6.0
VEL-00862,2019,auto_liability,A,126000.0,0,5000.0,2000000.0,30,5126.0,5232.0,4380.0,852.0,False,closed,34.0
VEL-00863,2019,cargo,D,246000.0,0,10000.0,1000000.0,30,96068.0,88719.0,78804.0,9915.0,False,closed,3.0
VEL-00864,2019,physical_damage,C,313000.0,0,25000.0,2000000.0,30,14519.0,16025.0,14384.0,1641.0,True,closed,16.0
VEL-00865,2019,auto_liability,A,232000.0,0,25000.0,1000000.0,30,1822.0,1815.0,1797.0,18.0,False,closed,25.0
VEL-00866,2019,auto_liability,B,295000.0,2,5000.0,2000000.0,30,4794.0,4421.0,4276.0,145.0,False,closed,55.0
VEL-00867,2019,workers_comp,A,201000.0,1,10000.0,1000000.0,30,9992.0,10196.0,9632.0,564.0,True,closed,5.0
VEL-00868,2019,auto_liability,C,170000.0,5,5000.0,1000000.0,30,22401.0,20575.0,20194.0,381.0,False,closed,27.0
VEL-00869,2019,cargo,C,145000.0,2,10000.0,1000000.0,30,6487.0,7055.0,6432.0,623.0,False,closed,56.0
VEL-00870,2019,auto_liability,D,140000.0,2,25000.0,1000000.0,30,11380.0,11259.0,10498.0,761.0,False,closed,15.0
VEL-00871,2019,cargo,B,134000.0,1,10000.0,2000000.0,30,21371.0,20602.0,20770.0,0.0,True,closed,4.0
VEL-00872,2019,auto_liability,B,217000.0,1,5000.0,2000000.0,30,3058.0,2922.0,2789.0,133.0,False,closed,21.0
VEL-00873,2019,physical_damage,D,171000.0,2,5000.0,1000000.0,30,12683.0,11995.0,11566.0,429.0,False,closed,33.0
VEL-00874,2019,cargo,B,189000.0,2,25000.0,2000000.0,30,2331.0,2197.0,2157.0,40.0,False,closed,23.0
VEL-00875,2019,auto_liability,C,245000.0,1,5000.0,2000000.0,30,7331.0,7570.0,7096.0,474.0,False,closed,19.0
VEL-00876,2019,workers_comp,A,176000.0,1,5000.0,1000000.0,30,2037.0,1909.0,1680.0,229.0,False,closed,40.0
VEL-00877,2019,auto_liability,A,91000.0,1,25000.0,1000000.0,30,3430.0,3499.0,3235.0,264.0,False,closed,33.0
VEL-00878,2019,auto_liability,B,122000.0,1,10000.0,1000000.0,30,19971.0,21823.0,18831.0,2992.0,False,closed,13.0
VEL-00879,2019,cargo,A,103000.0,2,5000.0,2000000.0,30,11487.0,12204.0,11484.0,720.0,False,closed,17.0
VEL-00880,2019,physical_damage,C,70000.0,3,25000.0,2000000.0,30,10105.0,10295.0,8797.0,1498.0,False,closed,5.0
VEL-00881,2019,auto_liability,B,190000.0,2,5000.0,2000000.0,30,6240.0,6206.0,5851.0,355.0,False,closed,52.0
VEL-00882,2019,physical_damage,D,99000.0,2,5000.0,1000000.0,30,58829.0,57425.0,51417.0,6008.0,False,closed,10.0
VEL-00883,2019,physical_damage,B,95000.0,1,25000.0,1000000.0,30,12014.0,11479.0,11037.0,442.0,False,closed,56.0
VEL-00884,2019,workers_comp,B,106000.0,1,25000.0,2000000.0,30,27590.0,27369.0,22115.0,5254.0,True,closed,29.0
VEL-00885,2019,workers_comp,B,279000.0,1,10000.0,2000000.0,30,9226.0,10308.0,8896.0,1412.0,False,closed,22.0
VEL-00886,2019,cargo,A,155000.0,2,25000.0,2000000.0,30,6151.0,6280.0,5154.0,1126.0,False,closed,12.0
VEL-00887,2019,physical_damage,B,298000.0,1,25000.0,2000000.0,30,3673.0,3541.0,3297.0,244.0,False,closed,37.0
VEL-00888,2019,cargo,C,173000.0,1,10000.0,2000000.0,30,11111.0,10664.0,9250.0,1414.0,False,closed,23.0
VEL-00889,2019,cargo,B,145000.0,1,10000.0,1000000.0,30,6175.0,6162.0,6107.0,55.0,False,closed,8.0
VEL-00890,2019,auto_liability,C,239000.0,1,5000.0,2000000.0,30,14160.0,14152.0,13379.0,773.0,False,closed,19.0
VEL-00891,2019,cargo,B,243000.0,1,25000.0,1000000.0,30,16678.0,16283.0,16217.0,66.0,False,closed,14.0
VEL-00892,2019,auto_liability,A,191000.0,1,25000.0,1000000.0,30,4186.0,4274.0,3983.0,291.0,False,closed,9.0
VEL-00893,2019,physical_damage,C,108000.0,0,25000.0,1000000.0,30,6508.0,6918.0,6375.0,543.0,False,closed,16.0
VEL-00894,2019,auto_liability,B,144000.0,1,5000.0,2000000.0,30,653.0,688.0,608.0,80.0,False,closed,10.0
VEL-00895,2019,auto_liability,C,100000.0,3,5000.0,2000000.0,30,4394.0,4657.0,3588.0,1069.0,False,closed,9.0
VEL-00896,2019,physical_damage,A,159000.0,1,10000.0,1000000.0,30,8179.0,8303.0,6659.0,1644.0,False,closed,6.0
VEL-00897,2019,cargo,B,189000.0,1,5000.0,2000000.0,30,16909.0,18309.0,16063.0,2246.0,False,closed,16.0
VEL-00898,2019,cargo,B,379000.0,1,5000.0,2000000.0,30,1052.0,966.0,902.0,64.0,False,closed,15.0
VEL-00899,2019,auto_liability,D,365000.0,3,10000.0,1000000.0,30,1403.0,1442.0,1323.0,119.0,False,closed,8.0
VEL-00900,2019,physical_damage,A,253000.0,3,25000.0,1000000.0,30,7337.0,7947.0,6508.0,1439.0,False,closed,31.0
VEL-00901,2019,auto_liability,D,291000.0,3,5000.0,2000000.0,30,3871.0,4109.0,3757.0,352.0,False,closed,42.0
VEL-00902,2019,auto_liability,B,202000.0,0,5000.0,1000000.0,30,4748.0,5273.0,4120.0,1153.0,False,closed,29.0
VEL-00903,2019,auto_liability,A,720000.0,1,10000.0,1000000.0,30,3215.0,2994.0,2631.0,363.0,False,closed,4.0
VEL-00904,2019,physical_damage,A,387000.0,2,10000.0,1000000.0,30,10084.0,10538.0,9756.0,782.0,False,closed,17.0
VEL-00905,2019,workers_comp,D,676000.0,2,10000.0,2000000.0,30,4798.0,5150.0,4127.0,1023.0,False,closed,23.0
VEL-00906,2019,auto_liability,B,218000.0,0,25000.0,1000000.0,30,3656.0,3613.0,3215.0,398.0,False,closed,27.0
VEL-00907,2019,auto_liability,C,222000.0,2,5000.0,1000000.0,30,13703.0,13090.0,13089.0,1.0,False,closed,48.0
VEL-00908,2019,cargo,B,305000.0,1,5000.0,1000000.0,30,12081.0,12052.0,10271.0,1781.0,False,closed,27.0
VEL-00909,2019,physical_damage,A,198000.0,3,25000.0,2000000.0,30,3530.0,3817.0,3487.0,330.0,False,closed,22.0
VEL-00910,2019,auto_liability,B,211000.0,1,10000.0,1000000.0,30,7809.0,7414.0,6292.0,1122.0,False,closed,34.0
VEL-00911,2019,cargo,B,110000.0,3,25000.0,1000000.0,30,12799.0,13731.0,12187.0,1544.0,False,closed,26.0
VEL-00912,2019,auto_liability,A,288000.0,0,25000.0,1000000.0,30,2364.0,2516.0,2295.0,221.0,False,closed,32.0
VEL-00913,2019,workers_comp,D,193000.0,4,10000.0,2000000.0,30,31744.0,32407.0,29349.0,3058.0,False,closed,46.0
VEL-00914,2019,auto_liability,C,270000.0,5,25000.0,1000000.0,30,11238.0,11392.0,9428.0,1964.0,False,closed,13.0
VEL-00915,2019,cargo,A,161000.0,0,10000.0,2000000.0,30,7693.0,8523.0,6316.0,2207.0,False,closed,8.0
VEL-00916,2019,cargo,A,74000.0,1,10000.0,1000000.0,30,17047.0,15838.0,16267.0,0.0,False,closed,16.0
VEL-00917,2019,cargo,D,231000.0,3,5000.0,1000000.0,30,6486.0,5929.0,6136.0,0.0,True,closed,70.0
VEL-00918,2019,physical_damage,C,323000.0,2,10000.0,1000000.0,30,17168.0,17419.0,16415.0,1004.0,False,closed,25.0
VEL-00919,2019,physical_damage,C,95000.0,1,5000.0,2000000.0,30,8441.0,7753.0,8403.0,0.0,False,closed,23.0
VEL-00920,2019,auto_liability,A,111000.0,0,10000.0,2000000.0,30,2279.0,2180.0,2099.0,81.0,False,closed,22.0
VEL-00921,2019,physical_damage,C,155000.0,1,25000.0,1000000.0,30,6260.0,5816.0,6194.0,0.0,False,closed,19.0
VEL-00922,2019,physical_damage,B,159000.0,2,10000.0,2000000.0,30,18937.0,20986.0,18881.0,2105.0,False,closed,17.0
VEL-00923,2019,auto_liability,B,77000.0,1,25000.0,1000000.0,30,3698.0,3740.0,3394.0,346.0,False,closed,12.0
VEL-00924,2019,physical_damage,B,433000.0,0,5000.0,1000000.0,30,6162.0,5897.0,5882.0,15.0,False,closed,36.0
VEL-00925,2019,physical_damage,A,299000.0,0,25000.0,2000000.0,30,4016.0,3902.0,3345.0,557.0,False,closed,21.0
VEL-00926,2019,physical_damage,C,132000.0,4,10000.0,1000000.0,30,5412.0,5091.0,5411.0,0.0,False,closed,53.0
VEL-00927,2019,cargo,A,73000.0,0,10000.0,2000000.0,30,17309.0,16982.0,15565.0,1417.0,False,closed,13.0
VEL-00928,2019,auto_liability,A,216000.0,0,10000.0,2000000.0,30,23577.0,22162.0,21227.0,935.0,False,closed,11.0
VEL-00929,2019,physical_damage,C,485000.0,4,10000.0,2000000.0,30,26268.0,28499.0,24616.0,3883.0,False,closed,27.0
VEL-00930,2019,auto_liability,B,272000.0,1,25000.0,1000000.0,30,8126.0,8314.0,7892.0,422.0,False,closed,16.0
VEL-00931,2019,cargo,C,321000.0,0,25000.0,2000000.0,30,22170.0,20475.0,18964.0,1511.0,False,closed,18.0
VEL-00932,2019,cargo,C,112000.0,0,25000.0,1000000.0,30,9800.0,10654.0,9315.0,1339.0,False,closed,25.0
VEL-00933,2019,physical_damage,B,202000.0,2,25000.0,1000000.0,30,5520.0,5516.0,5335.0,181.0,False,closed,30.0
VEL-00934,2019,physical_damage,B,85000.0,0,10000.0,1000000.0,30,3340.0,3030.0,2937.0,93.0,False,closed,5.0
VEL-00935,2019,physical_damage,B,484000.0,0,10000.0,2000000.0,30,23185.0,24732.0,20585.0,4147.0,False,closed,10.0
VEL-00936,2019,auto_liability,B,239000.0,2,5000.0,2000000.0,30,4343.0,4541.0,4241.0,300.0,False,closed,15.0
VEL-00937,2019,cargo,B,63000.0,2,25000.0,2000000.0,30,6096.0,6160.0,12511.280954973521,876.0,False,closed,266.0
VEL-00938,2019,auto_liability,A,71000.0,1,25000.0,2000000.0,30,2850.0,2825.0,2739.0,86.0,False,closed,27.0
VEL-00939,2019,physical_damage,A,229000.0,1,25000.0,2000000.0,30,7521.0,7976.0,7356.0,620.0,False,closed,10.0
VEL-00940,2019,auto_liability,B,193000.0,0,5000.0,2000000.0,30,3717.0,4142.0,3244.0,898.0,False,closed,22.0
VEL-00941,2019,cargo,B,154000.0,1,5000.0,1000000.0,30,10510.0,10616.0,9072.0,1544.0,False,closed,25.0
VEL-00942,2019,physical_damage,B,245000.0,0,25000.0,2000000.0,30,9025.0,9903.0,7558.0,2345.0,False,closed,10.0
VEL-00943,2019,physical_damage,B,491000.0,4,25000.0,1000000.0,30,21499.0,21942.0,18066.0,3876.0,False,closed,40.0
VEL-00944,2019,auto_liability,A,216000.0,0,25000.0,2000000.0,30,1823.0,1737.0,1772.0,0.0,False,closed,4.0
VEL-00945,2019,physical_damage,A,73000.0,0,5000.0,1000000.0,30,8135.0,8600.0,6962.0,1638.0,False,closed,15.0
VEL-00946,2019,physical_damage,A,166000.0,0,5000.0,1000000.0,30,3902.0,4187.0,3332.0,855.0,False,closed,18.0
VEL-00947,2019,physical_damage,B,93000.0,1,10000.0,2000000.0,30,5806.0,5386.0,5401.0,0.0,False,closed,30.0
VEL-00948,2019,cargo,D,120000.0,3,25000.0,1000000.0,30,51402.0,48692.0,44035.0,4657.0,False,closed,29.0
VEL-00949,2019,auto_liability,B,212000.0,1,5000.0,2000000.0,30,8881.0,8220.0,7607.0,613.0,False,closed,62.0
VEL-00950,2019,auto_liability,B,165000.0,0,10000.0,2000000.0,30,4192.0,3807.0,4134.0,0.0,False,closed,9.0
VEL-00951,2019,auto_liability,B,106000.0,3,5000.0,2000000.0,30,8040.0,7832.0,8024.0,0.0,False,closed,19.0
VEL-00952,2019,cargo,A,177000.0,2,25000.0,2000000.0,30,8372.0,8441.0,7975.0,466.0,False,closed,8.0
VEL-00953,2019,auto_liability,A,119000.0,0,5000.0,2000000.0,30,10419.0,10706.0,9971.0,735.0,False,closed,29.0
VEL-00954,2019,cargo,A,234000.0,1,25000.0,2000000.0,30,5925.0,5978.0,5183.0,795.0,False,closed,25.0
VEL-00955,2019,cargo,B,159000.0,1,5000.0,2000000.0,30,14908.0,16129.0,12969.0,3160.0,False,closed,25.0
VEL-00956,2019,auto_liability,B,218000.0,1,10000.0,2000000.0,30,4795.0,4502.0,4621.0,0.0,False,closed,22.0
VEL-00957,2019,physical_damage,A,157000.0,3,5000.0,1000000.0,30,6591.0,7318.0,5967.0,1351.0,False,closed,52.0
VEL-00958,2019,cargo,D,261000.0,3,5000.0,2000000.0,30,13833.0,14754.0,11647.0,3107.0,False,closed,72.0
VEL-00959,2019,workers_comp,A,168000.0,3,5000.0,2000000.0,30,6607.0,6020.0,5716.0,304.0,False,closed,9.0
VEL-00960,2019,auto_liability,B,178000.0,0,10000.0,2000000.0,30,6050.0,5521.0,5720.0,0.0,False,closed,11.0
VEL-00961,2019,auto_liability,B,135000.0,1,10000.0,2000000.0,30,11563.0,10684.0,10146.0,538.0,False,closed,21.0
VEL-00962,2019,physical_damage,A,192000.0,0,25000.0,2000000.0,30,4175.0,4322.0,9169.325469803432,306.0,False,closed,382.0
VEL-00963,2019,cargo,A,74000.0,0,10000.0,2000000.0,30,6384.0,6538.0,5392.0,1146.0,False,closed,23.0
VEL-00964,2019,auto_liability,B,680000.0,1,25000.0,1000000.0,30,7347.0,7026.0,5880.0,1146.0,False,closed,25.0
VEL-00965,2019,workers_comp,B,128000.0,0,25000.0,1000000.0,30,7315.0,7669.0,6061.0,1608.0,False,closed,24.0
VEL-00966,2019,cargo,B,188000.0,1,10000.0,2000000.0,30,19786.0,19285.0,16253.0,3032.0,False,closed,51.0
VEL-00967,2019,auto_liability,B,141000.0,1,25000.0,1000000.0,30,9440.0,10133.0,7908.0,2225.0,False,closed,17.0
VEL-00968,2019,cargo,A,140000.0,3,25000.0,2000000.0,30,1554.0,1649.0,1547.0,102.0,False,closed,68.0
VEL-00969,2019,physical_damage,A,219000.0,3,10000.0,1000000.0,30,4030.0,3835.0,3750.0,85.0,False,closed,50.0
VEL-00970,2019,auto_liability,C,139000.0,2,25000.0,2000000.0,30,3072.0,2812.0,2724.0,88.0,False,closed,23.0
VEL-00971,2019,physical_damage,A,145000.0,2,10000.0,2000000.0,30,12077.0,12499.0,10006.0,2493.0,False,closed,36.0
VEL-00972,2019,cargo,B,90000.0,2,10000.0,1000000.0,30,20815.0,19121.0,20024.0,0.0,False,closed,26.0
VEL-00973,2019,physical_damage,C,113000.0,1,10000.0,2000000.0,30,4021.0,4122.0,3731.0,391.0,False,closed,10.0
VEL-00974,2019,auto_liability,A,100000.0,1,25000.0,2000000.0,30,2756.0,2886.0,2349.0,537.0,False,closed,8.0
VEL-00975,2019,auto_liability,C,440000.0,2,25000.0,2000000.0,30,6439.0,6007.0,5768.0,239.0,False,closed,17.0
VEL-00976,2019,auto_liability,B,92000.0,2,5000.0,2000000.0,30,4257.0,4552.0,4127.0,425.0,False,closed,29.0
VEL-00977,2019,auto_liability,B,105000.0,1,25000.0,1000000.0,30,9532.0,9421.0,9458.0,0.0,False,closed,17.0
VEL-00978,2019,auto_liability,A,197000.0,1,5000.0,2000000.0,30,9459.0,9823.0,9366.0,457.0,False,closed,59.0
VEL-00979,2019,auto_liability,B,365000.0,0,5000.0,2000000.0,30,8672.0,8792.0,7953.0,839.0,False,closed,45.0
VEL-00980,2019,auto_liability,C,77000.0,3,10000.0,2000000.0,30,15334.0,16208.0,13892.0,2316.0,False,closed,8.0
VEL-00981,2019,cargo,A,82000.0,2,10000.0,1000000.0,30,17019.0,17163.0,15043.0,2120.0,False,closed,8.0
VEL-00982,2019,auto_liability,A,190000.0,1,25000.0,2000000.0,30,4349.0,4413.0,3486.0,927.0,False,closed,27.0
VEL-00983,2019,auto_liability,B,212000.0,1,10000.0,1000000.0,30,4060.0,4074.0,3488.0,586.0,False,closed,29.0
VEL-00984,2019,auto_liability,C,88000.0,1,25000.0,2000000.0,30,3961.0,3703.0,3823.0,0.0,False,closed,17.0
VEL-00985,2019,physical_damage,B,73000.0,0,25000.0,2000000.0,30,14666.0,15233.0,12789.0,2444.0,False,closed,10.0
VEL-00986,2019,physical_damage,B,110000.0,1,5000.0,2000000.0,30,15462.0,13997.0,14402.0,0.0,False,closed,21.0
VEL-00987,2019,auto_liability,D,260000.0,5,25000.0,1000000.0,30,17718.0,17574.0,17651.0,0.0,False,closed,17.0
VEL-00988,2019,auto_liability,B,175000.0,2,10000.0,1000000.0,30,4398.0,4711.0,4216.0,495.0,False,closed,9.0
VEL-00989,2019,auto_liability,C,259000.0,2,10000.0,1000000.0,30,5126.0,5579.0,4426.0,1153.0,False,closed,6.0
VEL-00990,2019,auto_liability,B,169000.0,2,25000.0,2000000.0,30,6818.0,7403.0,5778.0,1625.0,False,closed,10.0
VEL-00991,2019,workers_comp,B,176000.0,1,25000.0,2000000.0,30,32351.0,34395.0,31869.0,2526.0,True,closed,117.0
VEL-00992,2019,cargo,B,243000.0,1,25000.0,1000000.0,30,13554.0,15088.0,11416.0,3672.0,False,closed,4.0
VEL-00993,2019,cargo,B,168000.0,1,25000.0,1000000.0,30,12293.0,13738.0,11590.0,2148.0,False,closed,6.0
VEL-00994,2019,workers_comp,C,201000.0,1,25000.0,2000000.0,30,8501.0,8404.0,7886.0,518.0,False,closed,15.0
VEL-00995,2019,auto_liability,A,113000.0,1,10000.0,2000000.0,30,6372.0,6681.0,5815.0,866.0,False,closed,21.0
VEL-00996,2019,physical_damage,A,132000.0,0,5000.0,1000000.0,30,9762.0,9122.0,8417.0,705.0,False,closed,18.0
VEL-00997,2019,physical_damage,A,225000.0,0,10000.0,2000000.0,30,3250.0,3376.0,3233.0,143.0,False,closed,36.0
VEL-00998,2019,auto_liability,C,158000.0,5,25000.0,1000000.0,30,25099.0,24408.0,23946.0,462.0,False,closed,17.0
VEL-00999,2019,cargo,B,123000.0,1,5000.0,1000000.0,30,5280.0,5768.0,4659.0,1109.0,False,closed,32.0
VEL-01000,2019,physical_damage,B,248000.0,0,10000.0,1000000.0,30,15927.0,14806.0,13267.0,1539.0,False,closed,65.0
VEL-01001,2019,physical_damage,B,234000.0,0,5000.0,2000000.0,30,6894.0,6451.0,6078.0,373.0,False,closed,53.0
VEL-01002,2019,auto_liability,D,178000.0,0,5000.0,1000000.0,30,9428.0,9823.0,7627.0,2196.0,False,closed,4.0
VEL-01003,2019,workers_comp,A,122000.0,0,5000.0,1000000.0,30,5870.0,6005.0,4914.0,1091.0,False,closed,25.0
VEL-01004,2019,physical_damage,A,279000.0,0,25000.0,2000000.0,30,4325.0,4484.0,3666.0,818.0,False,closed,9.0
VEL-01005,2019,physical_damage,C,621000.0,4,5000.0,1000000.0,30,16437.0,16942.0,39893.16200794,3279.0,False,closed,370.0
VEL-01006,2019,cargo,B,118000.0,0,10000.0,2000000.0,30,9027.0,8216.0,8190.0,26.0,False,closed,16.0
VEL-01007,2019,workers_comp,B,82000.0,2,25000.0,1000000.0,30,9965.0,10280.0,8261.0,2019.0,False,closed,23.0
VEL-01008,2019,auto_liability,D,121000.0,2,10000.0,2000000.0,30,16142.0,16086.0,13205.0,2881.0,False,closed,5.0
VEL-01009,2019,auto_liability,A,112000.0,1,5000.0,1000000.0,30,7781.0,7339.0,6333.0,1006.0,False,closed,24.0
VEL-01010,2019,workers_comp,A,95000.0,2,25000.0,2000000.0,30,11871.0,12841.0,11597.0,1244.0,False,closed,9.0
VEL-01011,2019,physical_damage,D,99000.0,3,5000.0,2000000.0,30,14202.0,15076.0,11587.0,3489.0,False,closed,9.0
VEL-01012,2019,cargo,C,272000.0,1,10000.0,1000000.0,30,45442.0,47443.0,45074.0,2369.0,False,closed,32.0
VEL-01013,2019,auto_liability,B,274000.0,2,25000.0,1000000.0,30,4960.0,4916.0,4890.0,26.0,False,closed,46.0
VEL-01014,2019,workers_comp,A,373000.0,0,10000.0,2000000.0,30,14010.0,13099.0,12639.0,460.0,False,closed,9.0
VEL-01015,2019,physical_damage,C,259000.0,0,5000.0,1000000.0,30,13424.0,12082.0,13117.0,0.0,False,closed,5.0
VEL-01016,2019,cargo,A,140000.0,1,10000.0,2000000.0,30,3036.0,3314.0,2443.0,871.0,False,closed,42.0
VEL-01017,2019,workers_comp,B,306000.0,3,25000.0,2000000.0,30,3078.0,3088.0,2926.0,162.0,False,closed,8.0
VEL-01018,2019,physical_damage,A,131000.0,0,25000.0,2000000.0,30,7217.0,7264.0,6539.0,725.0,False,closed,55.0
VEL-01019,2019,physical_damage,B,150000.0,2,10000.0,2000000.0,30,15231.0,14696.0,14048.0,648.0,False,closed,23.0
VEL-01020,2019,physical_damage,A,99000.0,0,25000.0,1000000.0,30,7626.0,7564.0,7626.0,0.0,False,closed,17.0
VEL-01021,2019,auto_liability,B,328000.0,3,5000.0,2000000.0,30,3788.0,3931.0,3152.0,779.0,True,closed,15.0
VEL-01022,2019,auto_liability,B,295000.0,1,5000.0,1000000.0,30,3462.0,3452.0,2983.0,469.0,False,closed,4.0
VEL-01023,2019,workers_comp,D,141000.0,3,25000.0,1000000.0,30,34912.0,37719.0,32726.0,4993.0,False,closed,22.0
VEL-01024,2019,physical_damage,B,152000.0,0,5000.0,2000000.0,30,6441.0,6069.0,5385.0,684.0,False,closed,27.0
VEL-01025,2019,auto_liability,B,181000.0,1,10000.0,1000000.0,30,1711.0,1586.0,1684.0,0.0,False,closed,1.0
VEL-01026,2019,physical_damage,A,197000.0,0,25000.0,1000000.0,30,10865.0,11817.0,9045.0,2772.0,False,closed,21.0
VEL-01027,2019,auto_liability,A,271000.0,0,5000.0,2000000.0,30,5486.0,5176.0,4820.0,356.0,False,closed,14.0
VEL-01028,2019,cargo,A,184000.0,0,25000.0,2000000.0,30,11318.0,10953.0,10749.0,204.0,True,closed,17.0
VEL-01029,2019,auto_liability,D,217000.0,3,10000.0,2000000.0,30,18075.0,19205.0,17597.0,1608.0,False,closed,19.0
VEL-01030,2019,auto_liability,A,84000.0,1,5000.0,1000000.0,30,12229.0,11084.0,11711.0,0.0,True,closed,27.0
VEL-01031,2019,physical_damage,B,153000.0,0,25000.0,2000000.0,30,12136.0,12309.0,11696.0,613.0,False,closed,17.0
VEL-01032,2019,workers_comp,C,72000.0,2,25000.0,1000000.0,30,13789.0,13388.0,12155.0,1233.0,False,closed,29.0
VEL-01033,2019,cargo,D,433000.0,2,5000.0,2000000.0,30,3262.0,3609.0,2855.0,754.0,False,closed,8.0
VEL-01034,2019,workers_comp,C,357000.0,0,10000.0,1000000.0,30,19509.0,19819.0,17739.0,2080.0,False,closed,21.0
VEL-01035,2019,auto_liability,A,254000.0,0,10000.0,1000000.0,30,4119.0,4173.0,3439.0,734.0,False,closed,6.0
VEL-01036,2019,auto_liability,D,309000.0,2,10000.0,1000000.0,30,22190.0,23117.0,20132.0,2985.0,False,closed,9.0
VEL-01037,2019,cargo,B,483000.0,1,25000.0,1000000.0,30,26774.0,28811.0,24384.0,4427.0,False,closed,12.0
VEL-01038,2019,physical_damage,B,284000.0,3,25000.0,1000000.0,30,11401.0,10993.0,9851.0,1142.0,False,closed,37.0
VEL-01039,2019,auto_liability,C,80000.0,2,5000.0,2000000.0,30,18859.0,17075.0,15635.0,1440.0,False,closed,7.0
VEL-01040,2019,auto_liability,A,160000.0,0,25000.0,2000000.0,30,4352.0,4481.0,3560.0,921.0,True,closed,7.0
VEL-01041,2019,auto_liability,C,55000.0,4,5000.0,2000000.0,30,6641.0,6630.0,5788.0,842.0,False,closed,17.0
VEL-01042,2019,cargo,C,118000.0,2,5000.0,2000000.0,30,6820.0,6456.0,6193.0,263.0,False,closed,18.0
VEL-01043,2019,cargo,B,95000.0,2,5000.0,1000000.0,30,8290.0,8773.0,8264.0,509.0,False,closed,9.0
VEL-01044,2019,cargo,A,177000.0,1,5000.0,1000000.0,30,9981.0,10595.0,8377.0,2218.0,False,closed,18.0
VEL-01045,2019,physical_damage,D,215000.0,5,5000.0,1000000.0,30,26137.0,29157.0,21015.0,8142.0,False,closed,30.0
VEL-01046,2019,cargo,A,111000.0,0,25000.0,2000000.0,30,4964.0,5501.0,4269.0,1232.0,False,closed,44.0
VEL-01047,2019,workers_comp,B,154000.0,2,10000.0,1000000.0,30,23183.0,22064.0,20721.0,1343.0,False,closed,14.0
VEL-01048,2019,auto_liability,C,204000.0,2,5000.0,2000000.0,30,38593.0,38001.0,35344.0,2657.0,False,closed,56.0
VEL-01049,2019,auto_liability,D,164000.0,1,5000.0,1000000.0,30,3103.0,3302.0,6523.509496096307,610.0,False,closed,216.0
VEL-01050,2019,workers_comp,A,162000.0,0,25000.0,2000000.0,30,8682.0,7849.0,8532.0,0.0,False,closed,27.0
VEL-01051,2019,cargo,B,53000.0,0,10000.0,2000000.0,30,10588.0,11446.0,8926.0,2520.0,False,closed,31.0
VEL-01052,2019,physical_damage,C,142000.0,0,25000.0,2000000.0,30,20570.0,21481.0,17538.0,3943.0,False,closed,38.0
VEL-01053,2019,cargo,B,263000.0,2,5000.0,2000000.0,30,45235.0,43776.0,38517.0,5259.0,False,closed,14.0
VEL-01054,2019,physical_damage,A,201000.0,0,25000.0,2000000.0,30,16326.0,17849.0,16220.0,1629.0,False,closed,40.0
VEL-01055,2019,auto_liability,B,84000.0,1,25000.0,2000000.0,30,5464.0,5478.0,4894.0,584.0,False,closed,12.0
VEL-01056,2019,physical_damage,B,154000.0,1,25000.0,2000000.0,30,4281.0,4077.0,3726.0,351.0,False,closed,50.0
VEL-01057,2019,auto_liability,C,202000.0,6,25000.0,2000000.0,30,6577.0,7094.0,5328.0,1766.0,True,closed,35.0
VEL-01058,2019,auto_liability,B,109000.0,0,5000.0,1000000.0,30,5454.0,6008.0,4784.0,1224.0,False,closed,19.0
VEL-01059,2019,auto_liability,A,248000.0,0,10000.0,1000000.0,30,5500.0,5126.0,5285.0,0.0,False,closed,16.0
VEL-01060,2019,cargo,C,118000.0,3,5000.0,2000000.0,30,6579.0,7290.0,6367.0,923.0,False,closed,19.0
VEL-01061,2019,auto_liability,B,150000.0,1,10000.0,1000000.0,30,17308.0,16218.0,17139.0,0.0,False,closed,29.0
VEL-01062,2019,auto_liability,A,167000.0,2,10000.0,1000000.0,30,2694.0,2831.0,2262.0,569.0,False,closed,59.0
VEL-01063,2019,auto_liability,A,538000.0,1,10000.0,2000000.0,30,7598.0,7660.0,6137.0,1523.0,False,closed,57.0
VEL-01064,2019,cargo,A,151000.0,1,5000.0,2000000.0,30,9992.0,10908.0,8349.0,2559.0,False,closed,9.0
VEL-01065,2019,cargo,A,133000.0,1,25000.0,1000000.0,30,3798.0,4246.0,3091.0,1155.0,False,closed,35.0
VEL-01066,2019,auto_liability,B,253000.0,1,10000.0,2000000.0,30,5891.0,5433.0,5731.0,0.0,False,closed,7.0
VEL-01067,2019,workers_comp,A,140000.0,1,5000.0,2000000.0,30,10651.0,10653.0,9133.0,1520.0,False,closed,16.0
VEL-01068,2019,physical_damage,B,195000.0,0,5000.0,1000000.0,30,6973.0,7602.0,6744.0,858.0,False,closed,21.0
VEL-01069,2019,physical_damage,A,57000.0,1,25000.0,2000000.0,30,11909.0,11779.0,10216.0,1563.0,False,closed,13.0
VEL-01070,2019,physical_damage,B,205000.0,2,25000.0,1000000.0,30,5642.0,5291.0,4631.0,660.0,False,closed,22.0
VEL-01071,2019,physical_damage,D,175000.0,2,5000.0,2000000.0,30,78418.0,78918.0,66993.0,11925.0,False,closed,5.0
VEL-01072,2019,cargo,B,93000.0,0,25000.0,2000000.0,30,23988.0,21821.0,22127.0,0.0,False,closed,29.0
VEL-01073,2019,cargo,C,348000.0,5,10000.0,2000000.0,30,6464.0,6070.0,6428.0,0.0,False,closed,25.0
VEL-01074,2019,physical_damage,A,157000.0,0,25000.0,1000000.0,30,1040.0,1131.0,964.0,167.0,False,closed,6.0
VEL-01075,2019,auto_liability,C,160000.0,2,25000.0,2000000.0,30,17322.0,18772.0,16641.0,2131.0,False,closed,16.0
VEL-01076,2019,workers_comp,A,92000.0,1,25000.0,1000000.0,30,12629.0,13605.0,11398.0,2207.0,False,closed,17.0
VEL-01077,2019,physical_damage,D,78000.0,2,25000.0,1000000.0,30,12685.0,11584.0,12491.0,0.0,False,closed,4.0
VEL-01078,2019,auto_liability,D,133000.0,0,5000.0,2000000.0,30,4061.0,4238.0,3946.0,292.0,False,closed,6.0
VEL-01079,2019,auto_liability,B,83000.0,1,5000.0,1000000.0,30,1930.0,1930.0,1926.0,4.0,False,closed,50.0
VEL-01080,2019,auto_liability,A,226000.0,2,10000.0,1000000.0,30,1155.0,1209.0,1119.0,90.0,False,closed,22.0
VEL-01081,2019,physical_damage,C,273000.0,1,5000.0,2000000.0,30,65285.0,63645.0,61342.0,2303.0,False,closed,12.0
VEL-01082,2019,cargo,C,129000.0,2,10000.0,2000000.0,30,41635.0,40180.0,40234.0,0.0,False,closed,3.0
VEL-01083,2019,cargo,B,79000.0,1,5000.0,2000000.0,30,6912.0,7631.0,6765.0,866.0,False,closed,35.0
VEL-01084,2019,physical_damage,C,145000.0,2,5000.0,2000000.0,30,39190.0,41221.0,36663.0,4558.0,False,closed,12.0
VEL-01085,2019,workers_comp,A,104000.0,0,10000.0,2000000.0,30,2656.0,2760.0,2167.0,593.0,False,closed,36.0
VEL-01086,2019,physical_damage,C,192000.0,1,5000.0,1000000.0,30,16385.0,16589.0,14543.0,2046.0,False,closed,43.0
VEL-01087,2019,cargo,A,193000.0,2,25000.0,1000000.0,30,14347.0,13847.0,14254.0,0.0,False,closed,20.0
VEL-01088,2019,auto_liability,B,143000.0,3,25000.0,2000000.0,30,2959.0,2949.0,2777.0,172.0,False,closed,30.0
VEL-01089,2019,auto_liability,B,183000.0,1,25000.0,1000000.0,30,3992.0,4375.0,3512.0,863.0,False,closed,60.0
VEL-01090,2019,cargo,A,297000.0,1,5000.0,2000000.0,30,3926.0,4268.0,3837.0,431.0,False,closed,54.0
VEL-01091,2019,cargo,A,414000.0,2,5000.0,1000000.0,30,8769.0,8084.0,7646.0,438.0,False,closed,29.0
VEL-01092,2019,auto_liability,C,136000.0,3,25000.0,2000000.0,30,18094.0,19416.0,15895.0,3521.0,False,closed,21.0
VEL-01093,2019,auto_liability,A,253000.0,0,25000.0,1000000.0,30,9569.0,10022.0,8683.0,1339.0,False,closed,11.0
VEL-01094,2019,auto_liability,B,157000.0,1,10000.0,1000000.0,30,7613.0,7947.0,7121.0,826.0,False,closed,16.0
VEL-01095,2019,auto_liability,B,104000.0,0,5000.0,2000000.0,30,12801.0,12423.0,11702.0,721.0,False,closed,11.0
VEL-01096,2019,cargo,A,335000.0,1,10000.0,1000000.0,30,2259.0,2500.0,1958.0,542.0,False,closed,2.0
VEL-01097,2019,auto_liability,A,215000.0,0,10000.0,2000000.0,30,20500.0,21000.0,18706.0,2294.0,False,closed,39.0
VEL-01098,2019,auto_liability,B,189000.0,1,5000.0,1000000.0,30,5378.0,5839.0,4681.0,1158.0,False,closed,14.0
VEL-01099,2019,cargo,B,211000.0,0,10000.0,2000000.0,30,3903.0,3584.0,3645.0,0.0,False,closed,14.0
VEL-01100,2019,auto_liability,A,163000.0,1,25000.0,2000000.0,30,3440.0,3478.0,3136.0,342.0,False,closed,23.0
VEL-01101,2019,auto_liability,A,104000.0,1,10000.0,2000000.0,30,2821.0,2688.0,2317.0,371.0,False,closed,25.0
VEL-01102,2019,cargo,A,428000.0,0,10000.0,2000000.0,30,9101.0,9015.0,8429.0,586.0,False,closed,24.0
VEL-01103,2019,cargo,B,277000.0,1,5000.0,2000000.0,30,13077.0,12723.0,12920.0,0.0,False,closed,40.0
VEL-01104,2019,workers_comp,D,201000.0,4,5000.0,2000000.0,30,3356.0,3432.0,3103.0,329.0,False,closed,37.0
VEL-01105,2019,auto_liability,B,286000.0,1,5000.0,1000000.0,30,14242.0,13233.0,11603.0,1630.0,False,closed,34.0
VEL-01106,2019,auto_liability,B,335000.0,2,5000.0,2000000.0,30,20167.0,20131.0,18362.0,1769.0,False,closed,65.0
VEL-01107,2019,physical_damage,B,160000.0,2,10000.0,1000000.0,30,3689.0,3582.0,3072.0,510.0,False,closed,29.0
VEL-01108,2019,auto_liability,B,236000.0,0,5000.0,1000000.0,30,16717.0,17558.0,14770.0,2788.0,False,closed,109.0
VEL-01109,2019,cargo,A,150000.0,1,25000.0,1000000.0,30,21626.0,20644.0,18015.0,2629.0,False,closed,14.0
VEL-01110,2019,auto_liability,B,243000.0,2,25000.0,1000000.0,30,11854.0,11565.0,11659.0,0.0,False,closed,24.0
VEL-01111,2019,physical_damage,B,155000.0,2,10000.0,2000000.0,30,26836.0,25684.0,25620.0,64.0,False,closed,24.0
VEL-01112,2019,auto_liability,A,595000.0,2,10000.0,1000000.0,30,1623.0,1796.0,1484.0,312.0,False,closed,9.0
VEL-01113,2019,auto_liability,B,147000.0,2,25000.0,2000000.0,30,9568.0,8813.0,8224.0,589.0,False,closed,24.0
VEL-01114,2019,cargo,C,228000.0,2,10000.0,1000000.0,30,5953.0,5604.0,4885.0,719.0,False,closed,29.0
VEL-01115,2019,physical_damage,A,222000.0,0,5000.0,2000000.0,30,38067.0,41599.0,35859.0,5740.0,False,closed,60.0
VEL-01116,2019,physical_damage,C,149000.0,2,10000.0,2000000.0,30,4717.0,4634.0,4002.0,632.0,False,closed,6.0
VEL-01117,2019,auto_liability,B,282000.0,0,10000.0,2000000.0,30,2237.0,2382.0,5054.382528383043,186.0,False,closed,298.0
VEL-01118,2019,physical_damage,C,169000.0,3,25000.0,2000000.0,30,22454.0,20600.0,21905.0,0.0,False,closed,11.0
VEL-01119,2019,workers_comp,B,143000.0,1,10000.0,2000000.0,30,20247.0,18852.0,16855.0,1997.0,False,closed,24.0
VEL-01120,2019,auto_liability,C,176000.0,2,10000.0,2000000.0,30,6951.0,7178.0,6947.0,231.0,False,closed,19.0
VEL-01121,2019,auto_liability,C,121000.0,4,5000.0,1000000.0,30,7538.0,7058.0,7491.0,0.0,False,closed,13.0
VEL-01122,2019,auto_liability,A,321000.0,1,10000.0,1000000.0,30,7210.0,6873.0,5882.0,991.0,False,closed,9.0
VEL-01123,2019,cargo,A,241000.0,0,5000.0,2000000.0,30,30743.0,30136.0,27735.0,2401.0,False,closed,14.0
VEL-01124,2019,auto_liability,B,288000.0,1,25000.0,2000000.0,30,3274.0,3396.0,2810.0,586.0,False,closed,14.0
VEL-01125,2019,cargo,B,90000.0,2,5000.0,2000000.0,30,6810.0,6377.0,6305.0,72.0,True,closed,23.0
VEL-01126,2019,auto_liability,B,202000.0,2,25000.0,1000000.0,30,3620.0,3310.0,3504.0,0.0,False,closed,14.0
VEL-01127,2019,physical_damage,B,120000.0,0,25000.0,2000000.0,30,7533.0,7428.0,6425.0,1003.0,False,closed,43.0
VEL-01128,2019,auto_liability,D,184000.0,3,25000.0,1000000.0,30,8385.0,8791.0,6826.0,1965.0,False,closed,20.0
VEL-01129,2019,physical_damage,B,333000.0,0,10000.0,2000000.0,30,3043.0,3279.0,2657.0,622.0,False,closed,7.0
VEL-01130,2019,auto_liability,B,200000.0,2,25000.0,1000000.0,30,6982.0,7155.0,5863.0,1292.0,False,closed,9.0
VEL-01131,2019,physical_damage,A,161000.0,0,25000.0,2000000.0,30,2533.0,2459.0,2386.0,73.0,False,closed,39.0
VEL-01132,2019,cargo,A,309000.0,1,5000.0,1000000.0,30,6712.0,7408.0,5766.0,1642.0,False,closed,39.0
VEL-01133,2019,cargo,A,292000.0,0,25000.0,2000000.0,30,7027.0,6808.0,6463.0,345.0,False,closed,12.0
VEL-01134,2019,physical_damage,D,444000.0,3,10000.0,1000000.0,30,9895.0,10577.0,8135.0,2442.0,False,closed,48.0
VEL-01135,2019,auto_liability,A,70000.0,1,25000.0,2000000.0,30,13808.0,14740.0,11791.0,2949.0,False,closed,6.0
VEL-01136,2019,cargo,B,208000.0,1,25000.0,2000000.0,30,35178.0,36774.0,33544.0,3230.0,False,closed,6.0
VEL-01137,2019,auto_liability,C,143000.0,1,10000.0,1000000.0,30,15228.0,15480.0,14714.0,766.0,False,closed,19.0
VEL-01138,2019,auto_liability,B,114000.0,2,5000.0,2000000.0,30,18196.0,17213.0,16566.0,647.0,False,closed,8.0
VEL-01139,2019,cargo,C,187000.0,3,25000.0,2000000.0,30,10193.0,10446.0,9329.0,1117.0,False,closed,3.0
VEL-01140,2019,workers_comp,B,99000.0,2,10000.0,1000000.0,30,36485.0,32910.0,29599.0,3311.0,True,closed,24.0
VEL-01141,2019,cargo,A,58000.0,0,25000.0,1000000.0,30,8136.0,9023.0,7471.0,1552.0,False,closed,31.0
VEL-01142,2019,auto_liability,A,112000.0,0,5000.0,1000000.0,30,5404.0,5488.0,4955.0,533.0,False,closed,29.0
VEL-01143,2019,workers_comp,B,155000.0,0,10000.0,1000000.0,30,15600.0,15683.0,13168.0,2515.0,False,closed,30.0
VEL-01144,2019,auto_liability,B,448000.0,0,10000.0,1000000.0,30,2047.0,2270.0,1934.0,336.0,False,closed,35.0
VEL-01145,2019,auto_liability,B,123000.0,1,25000.0,2000000.0,30,3525.0,3836.0,2909.0,927.0,False,closed,25.0
VEL-01146,2019,cargo,D,98000.0,3,10000.0,1000000.0,30,13684.0,13204.0,12404.0,800.0,False,closed,3.0
VEL-01147,2019,workers_comp,B,66000.0,0,10000.0,2000000.0,30,16716.0,18481.0,13682.0,4799.0,False,closed,4.0
VEL-01148,2019,physical_damage,A,148000.0,1,5000.0,1000000.0,30,5919.0,6516.0,5737.0,779.0,False,closed,26.0
VEL-01149,2019,cargo,B,156000.0,1,10000.0,2000000.0,30,5459.0,5116.0,4807.0,309.0,False,closed,15.0
VEL-01150,2019,physical_damage,B,190000.0,1,10000.0,1000000.0,30,3340.0,3322.0,3315.0,7.0,False,closed,19.0
VEL-01151,2019,auto_liability,C,86000.0,3,25000.0,1000000.0,30,6843.0,6740.0,6090.0,650.0,False,closed,19.0
VEL-01152,2019,physical_damage,B,120000.0,1,5000.0,1000000.0,30,3278.0,3352.0,3130.0,222.0,True,closed,13.0
VEL-01153,2019,cargo,A,57000.0,1,10000.0,1000000.0,30,3501.0,3653.0,3153.0,500.0,False,closed,57.0
VEL-01154,2019,physical_damage,B,192000.0,1,10000.0,1000000.0,30,7354.0,7273.0,5956.0,1317.0,False,closed,9.0
VEL-01155,2019,cargo,A,80000.0,2,5000.0,2000000.0,30,9662.0,10106.0,21361.87549761703,1762.0,False,closed,174.0
VEL-01156,2019,physical_damage,A,45000.0,1,25000.0,1000000.0,30,3494.0,3623.0,3206.0,417.0,False,closed,19.0
VEL-01157,2019,auto_liability,C,315000.0,3,5000.0,1000000.0,30,1789.0,1807.0,1715.0,92.0,True,closed,18.0
VEL-01158,2019,cargo,D,227000.0,1,25000.0,2000000.0,30,19095.0,17300.0,15520.0,1780.0,False,closed,8.0
VEL-01159,2019,auto_liability,C,210000.0,3,5000.0,2000000.0,30,12532.0,12005.0,11301.0,704.0,False,closed,4.0
VEL-01160,2019,auto_liability,A,210000.0,1,10000.0,1000000.0,30,3352.0,3296.0,3201.0,95.0,False,closed,35.0
VEL-01161,2019,auto_liability,B,105000.0,3,10000.0,1000000.0,30,4196.0,4436.0,3539.0,897.0,False,closed,44.0
VEL-01162,2019,auto_liability,C,302000.0,1,5000.0,2000000.0,30,1190.0,1166.0,1034.0,132.0,False,closed,10.0
VEL-01163,2019,physical_damage,C,104000.0,3,10000.0,1000000.0,30,19076.0,18234.0,16357.0,1877.0,False,closed,6.0
VEL-01164,2019,auto_liability,A,459000.0,3,25000.0,1000000.0,30,2003.0,1821.0,1899.0,0.0,False,closed,17.0
VEL-01165,2019,auto_liability,A,197000.0,0,10000.0,1000000.0,30,7804.0,8241.0,6691.0,1550.0,False,closed,18.0
VEL-01166,2019,physical_damage,B,70000.0,1,10000.0,2000000.0,30,5105.0,5010.0,5011.0,0.0,True,closed,28.0
VEL-01167,2019,auto_liability,A,272000.0,3,5000.0,1000000.0,30,4091.0,4155.0,3953.0,202.0,False,closed,40.0
VEL-01168,2019,physical_damage,A,473000.0,0,10000.0,2000000.0,30,5648.0,6175.0,5138.0,1037.0,False,closed,14.0
VEL-01169,2019,auto_liability,A,155000.0,0,5000.0,1000000.0,30,1182.0,1235.0,1177.0,58.0,False,closed,6.0
VEL-01170,2019,auto_liability,B,301000.0,3,5000.0,1000000.0,30,43710.0,41696.0,37755.0,3941.0,False,closed,19.0
VEL-01171,2019,auto_liability,C,159000.0,1,5000.0,1000000.0,30,2102.0,2021.0,1687.0,334.0,False,closed,23.0
VEL-01172,2019,cargo,C,129000.0,3,25000.0,1000000.0,30,13691.0,14198.0,12817.0,1381.0,False,closed,47.0
VEL-01173,2019,cargo,B,49000.0,0,25000.0,2000000.0,30,5612.0,6075.0,5402.0,673.0,False,closed,11.0
VEL-01174,2019,workers_comp,B,327000.0,3,25000.0,1000000.0,30,10639.0,9999.0,10514.0,0.0,False,closed,22.0
VEL-01175,2019,cargo,B,141000.0,0,5000.0,2000000.0,30,28983.0,28745.0,24166.0,4579.0,False,closed,36.0
VEL-01176,2019,physical_damage,C,213000.0,0,25000.0,2000000.0,30,2399.0,2268.0,1936.0,332.0,False,closed,28.0
VEL-01177,2019,auto_liability,B,100000.0,0,5000.0,1000000.0,30,4995.0,4626.0,4586.0,40.0,False,closed,7.0
VEL-01178,2019,physical_damage,B,112000.0,3,10000.0,1000000.0,30,11487.0,12090.0,10104.0,1986.0,False,closed,12.0
VEL-01179,2019,physical_damage,D,309000.0,0,25000.0,1000000.0,30,12965.0,12819.0,10970.0,1849.0,False,closed,22.0
VEL-01180,2019,workers_comp,A,145000.0,0,10000.0,1000000.0,30,14006.0,13872.0,13078.0,794.0,False,closed,11.0
VEL-01181,2019,auto_liability,A,144000.0,0,10000.0,1000000.0,30,2593.0,2814.0,2346.0,468.0,False,closed,7.0
VEL-01182,2019,workers_comp,B,94000.0,0,25000.0,2000000.0,30,3714.0,3354.0,6539.3110605565935,0.0,False,closed,192.0
VEL-01183,2019,workers_comp,B,196000.0,0,10000.0,1000000.0,30,4751.0,4515.0,4677.0,0.0,False,closed,39.0
VEL-01184,2019,workers_comp,D,261000.0,0,25000.0,1000000.0,30,13942.0,12713.0,13551.0,0.0,False,closed,41.0
VEL-01185,2019,physical_damage,B,140000.0,1,25000.0,2000000.0,30,13852.0,12527.0,11572.0,955.0,False,closed,7.0
VEL-01186,2019,physical_damage,B,161000.0,1,10000.0,2000000.0,30,8434.0,8575.0,6855.0,1720.0,False,closed,30.0
VEL-01187,2019,workers_comp,B,96000.0,1,10000.0,1000000.0,30,42298.0,41077.0,39309.0,1768.0,False,closed,5.0
VEL-01188,2019,physical_damage,A,356000.0,0,10000.0,2000000.0,30,7010.0,7357.0,5622.0,1735.0,False,closed,43.0
VEL-01189,2019,cargo,A,130000.0,0,5000.0,1000000.0,30,9770.0,9206.0,8225.0,981.0,False,closed,101.0
VEL-01190,2019,auto_liability,B,163000.0,0,25000.0,2000000.0,30,6458.0,5996.0,6351.0,0.0,False,closed,30.0
VEL-01191,2019,auto_liability,A,410000.0,0,10000.0,2000000.0,30,1242.0,1318.0,1091.0,227.0,False,closed,16.0
VEL-01192,2019,physical_damage,A,158000.0,0,10000.0,2000000.0,30,10014.0,9125.0,9477.0,0.0,False,closed,9.0
VEL-01193,2019,cargo,B,81000.0,0,5000.0,1000000.0,30,4488.0,4583.0,4181.0,402.0,False,closed,7.0
VEL-01194,2019,auto_liability,A,111000.0,1,5000.0,2000000.0,30,3423.0,3120.0,2815.0,305.0,False,closed,21.0
VEL-01195,2019,cargo,B,148000.0,4,10000.0,1000000.0,30,59853.0,66167.0,56793.0,9374.0,False,closed,6.0
VEL-01196,2019,physical_damage,B,432000.0,1,25000.0,1000000.0,30,3142.0,3444.0,2986.0,458.0,False,closed,17.0
VEL-01197,2019,auto_liability,B,198000.0,3,10000.0,1000000.0,30,6074.0,5542.0,4877.0,665.0,False,closed,60.0
VEL-01198,2019,auto_liability,B,158000.0,1,10000.0,1000000.0,30,6918.0,7661.0,6859.0,802.0,False,closed,27.0
VEL-01199,2019,auto_liability,A,268000.0,0,10000.0,2000000.0,30,5013.0,5124.0,4114.0,1010.0,False,closed,35.0
VEL-01200,2019,cargo,B,340000.0,2,10000.0,1000000.0,30,10350.0,10999.0,9263.0,1736.0,False,closed,8.0
VEL-01201,2019,workers_comp,C,121000.0,3,10000.0,2000000.0,30,10208.0,11081.0,9149.0,1932.0,False,closed,25.0
VEL-01202,2019,cargo,C,363000.0,0,25000.0,1000000.0,30,56167.0,56147.0,50219.0,5928.0,False,closed,21.0
VEL-01203,2019,auto_liability,A,272000.0,2,10000.0,1000000.0,30,1011.0,1012.0,1010.0,2.0,False,closed,11.0
VEL-01204,2019,cargo,B,222000.0,1,25000.0,1000000.0,30,4781.0,4654.0,3991.0,663.0,False,closed,21.0
VEL-01205,2019,auto_liability,C,54000.0,0,25000.0,2000000.0,30,20656.0,21380.0,19862.0,1518.0,False,closed,3.0
VEL-01206,2019,auto_liability,B,195000.0,3,5000.0,1000000.0,30,8388.0,7607.0,8185.0,0.0,False,closed,37.0
VEL-01207,2019,physical_damage,B,357000.0,1,5000.0,1000000.0,30,4473.0,4699.0,3708.0,991.0,False,closed,12.0
VEL-01208,2019,auto_liability,C,154000.0,2,10000.0,1000000.0,30,3461.0,3673.0,2771.0,902.0,False,closed,32.0
VEL-01209,2019,auto_liability,C,565000.0,0,10000.0,1000000.0,30,5631.0,5924.0,4796.0,1128.0,False,closed,20.0
VEL-01210,2019,physical_damage,B,184000.0,2,25000.0,1000000.0,30,57490.0,59577.0,46500.0,13077.0,False,closed,23.0
VEL-01211,2019,workers_comp,A,106000.0,2,5000.0,1000000.0,30,15058.0,14619.0,12250.0,2369.0,False,closed,32.0
VEL-01212,2019,physical_damage,D,239000.0,4,25000.0,1000000.0,30,5465.0,5739.0,5277.0,462.0,False,closed,83.0
VEL-01213,2019,auto_liability,B,206000.0,4,25000.0,1000000.0,30,6645.0,6544.0,5350.0,1194.0,True,closed,12.0
VEL-01214,2019,auto_liability,B,270000.0,3,25000.0,2000000.0,30,3474.0,3618.0,2964.0,654.0,False,closed,17.0
VEL-01215,2019,physical_damage,A,159000.0,0,5000.0,1000000.0,30,19997.0,19104.0,16306.0,2798.0,False,closed,10.0
VEL-01216,2019,physical_damage,D,342000.0,1,5000.0,1000000.0,30,14765.0,14149.0,12230.0,1919.0,False,closed,39.0
VEL-01217,2019,workers_comp,B,134000.0,3,10000.0,1000000.0,30,32692.0,34104.0,66752.95153001386,4408.0,False,closed,322.0
VEL-01218,2019,physical_damage,A,190000.0,1,5000.0,1000000.0,30,7336.0,6880.0,7202.0,0.0,False,closed,34.0
VEL-01219,2019,cargo,A,95000.0,0,10000.0,2000000.0,30,38990.0,42245.0,37986.0,4259.0,False,closed,74.0
VEL-01220,2019,cargo,D,119000.0,1,25000.0,2000000.0,30,20969.0,22656.0,40909.64396954987,5405.0,False,closed,269.0
VEL-01221,2019,physical_damage,A,197000.0,1,25000.0,1000000.0,30,8024.0,8196.0,7755.0,441.0,False,closed,49.0
VEL-01222,2019,physical_damage,B,128000.0,3,25000.0,2000000.0,30,3696.0,3537.0,3599.0,0.0,False,closed,58.0
VEL-01223,2019,physical_damage,B,142000.0,1,10000.0,2000000.0,30,5788.0,5647.0,4919.0,728.0,False,closed,8.0
VEL-01224,2019,auto_liability,B,160000.0,2,10000.0,2000000.0,30,7446.0,6945.0,6266.0,679.0,False,closed,12.0
VEL-01225,2019,auto_liability,B,202000.0,2,10000.0,2000000.0,30,3830.0,4075.0,3344.0,731.0,False,closed,26.0
VEL-01226,2019,auto_liability,B,261000.0,1,10000.0,1000000.0,30,35906.0,39869.0,34319.0,5550.0,True,closed,41.0
VEL-01227,2019,auto_liability,B,262000.0,1,5000.0,2000000.0,30,5511.0,5102.0,5502.0,0.0,False,closed,8.0
VEL-01228,2019,auto_liability,C,298000.0,7,25000.0,2000000.0,30,3835.0,3512.0,3482.0,30.0,False,closed,81.0
VEL-01229,2019,auto_liability,B,197000.0,2,25000.0,2000000.0,30,11657.0,11604.0,10270.0,1334.0,False,closed,12.0
VEL-01230,2019,auto_liability,B,135000.0,1,10000.0,1000000.0,30,3736.0,4161.0,3259.0,902.0,False,closed,24.0
VEL-01231,2019,workers_comp,B,80000.0,0,10000.0,1000000.0,30,17237.0,16300.0,15337.0,963.0,False,closed,19.0
VEL-01232,2019,physical_damage,A,149000.0,0,5000.0,2000000.0,30,6061.0,5728.0,5145.0,583.0,False,closed,38.0
VEL-01233,2019,auto_liability,B,119000.0,0,10000.0,1000000.0,30,3238.0,3200.0,3047.0,153.0,False,closed,3.0
VEL-01234,2019,physical_damage,C,71000.0,2,10000.0,1000000.0,30,27470.0,26749.0,25175.0,1574.0,False,closed,23.0
VEL-01235,2019,cargo,B,409000.0,0,5000.0,2000000.0,30,11055.0,10596.0,9614.0,982.0,False,closed,10.0
VEL-01236,2019,workers_comp,A,70000.0,0,25000.0,2000000.0,30,23521.0,24143.0,22133.0,2010.0,False,closed,16.0
VEL-01237,2019,auto_liability,C,213000.0,4,25000.0,2000000.0,30,5264.0,4863.0,5033.0,0.0,True,closed,23.0
VEL-01238,2019,auto_liability,B,236000.0,0,10000.0,1000000.0,30,1906.0,1753.0,1596.0,157.0,False,closed,25.0
VEL-01239,2019,cargo,A,158000.0,0,5000.0,2000000.0,30,3326.0,3353.0,2920.0,433.0,False,closed,21.0
VEL-01240,2019,physical_damage,A,657000.0,1,5000.0,1000000.0,30,4406.0,4884.0,4075.0,809.0,False,closed,6.0
VEL-01241,2019,physical_damage,D,180000.0,1,5000.0,2000000.0,30,10320.0,9734.0,9796.0,0.0,False,closed,13.0
VEL-01242,2019,workers_comp,C,121000.0,3,5000.0,2000000.0,30,16172.0,15368.0,13151.0,2217.0,False,closed,55.0
VEL-01243,2019,workers_comp,B,433000.0,0,5000.0,1000000.0,30,18666.0,17727.0,15329.0,2398.0,False,closed,14.0
VEL-01244,2019,auto_liability,A,119000.0,0,5000.0,1000000.0,30,1792.0,1646.0,1712.0,0.0,False,closed,21.0
VEL-01245,2019,auto_liability,C,86000.0,2,25000.0,2000000.0,30,8063.0,7430.0,7675.0,0.0,False,closed,13.0
VEL-01246,2019,workers_comp,A,107000.0,1,10000.0,2000000.0,30,4171.0,4046.0,3513.0,533.0,False,closed,31.0
VEL-01247,2019,auto_liability,B,129000.0,0,10000.0,1000000.0,30,3328.0,3204.0,2921.0,283.0,False,closed,4.0
VEL-01248,2019,auto_liability,B,182000.0,1,10000.0,2000000.0,30,38058.0,39172.0,35635.0,3537.0,False,closed,14.0
VEL-01249,2019,cargo,D,211000.0,2,25000.0,1000000.0,30,40028.0,37466.0,36094.0,1372.0,False,closed,27.0
VEL-01250,2019,auto_liability,B,82000.0,2,10000.0,1000000.0,30,4234.0,4658.0,4049.0,609.0,False,closed,34.0
VEL-01251,2019,physical_damage,A,212000.0,0,10000.0,1000000.0,30,24932.0,25562.0,20974.0,4588.0,False,closed,22.0
VEL-01252,2019,workers_comp,B,551000.0,1,5000.0,1000000.0,30,36821.0,39649.0,32553.0,7096.0,False,closed,17.0
VEL-01253,2019,physical_damage,D,124000.0,2,25000.0,2000000.0,30,23075.0,21413.0,19978.0,1435.0,False,closed,38.0
VEL-01254,2019,auto_liability,A,167000.0,0,25000.0,1000000.0,30,13679.0,14769.0,13234.0,1535.0,False,closed,51.0
VEL-01255,2019,auto_liability,A,253000.0,0,25000.0,2000000.0,30,3778.0,3739.0,3272.0,467.0,False,closed,39.0
VEL-01256,2019,physical_damage,A,328000.0,3,10000.0,1000000.0,30,5919.0,5758.0,5596.0,162.0,False,closed,13.0
VEL-01257,2019,auto_liability,C,127000.0,2,5000.0,1000000.0,30,3562.0,3895.0,3160.0,735.0,False,closed,27.0
VEL-01258,2019,physical_damage,D,109000.0,2,25000.0,2000000.0,30,18346.0,18288.0,15340.0,2948.0,False,closed,5.0
VEL-01259,2019,auto_liability,B,107000.0,0,5000.0,2000000.0,30,2170.0,2093.0,2008.0,85.0,False,closed,26.0
VEL-01260,2019,auto_liability,B,310000.0,0,25000.0,1000000.0,30,3810.0,3765.0,3170.0,595.0,False,closed,19.0
VEL-01261,2019,cargo,B,281000.0,1,5000.0,2000000.0,30,14558.0,14993.0,11989.0,3004.0,False,closed,17.0
VEL-01262,2019,cargo,A,59000.0,0,10000.0,2000000.0,30,5787.0,5517.0,5624.0,0.0,False,closed,42.0
VEL-01263,2019,cargo,B,60000.0,0,25000.0,2000000.0,30,13389.0,13530.0,13111.0,419.0,False,closed,17.0
VEL-01264,2019,auto_liability,B,95000.0,1,25000.0,1000000.0,30,21843.0,21235.0,18995.0,2240.0,False,closed,28.0
VEL-01265,2019,auto_liability,B,83000.0,3,5000.0,2000000.0,30,2655.0,2464.0,2318.0,146.0,False,closed,9.0
VEL-01266,2019,physical_damage,A,219000.0,1,5000.0,2000000.0,30,18625.0,16880.0,17149.0,0.0,False,closed,56.0
VEL-01267,2019,physical_damage,D,199000.0,3,25000.0,1000000.0,30,7096.0,7672.0,6554.0,1118.0,False,closed,22.0
VEL-01268,2019,cargo,B,481000.0,0,10000.0,2000000.0,30,5122.0,5621.0,4697.0,924.0,False,closed,37.0
VEL-01269,2019,physical_damage,B,266000.0,2,10000.0,1000000.0,30,9402.0,9050.0,8023.0,1027.0,False,closed,56.0
VEL-01270,2019,workers_comp,C,189000.0,2,10000.0,1000000.0,30,33555.0,35838.0,32143.0,3695.0,False,closed,17.0
VEL-01271,2019,auto_liability,A,324000.0,1,25000.0,1000000.0,30,2664.0,2636.0,2292.0,344.0,False,closed,43.0
VEL-01272,2019,physical_damage,B,113000.0,1,5000.0,2000000.0,30,4596.0,4491.0,4478.0,13.0,False,closed,32.0
VEL-01273,2019,cargo,B,88000.0,1,5000.0,2000000.0,30,7423.0,7149.0,7339.0,0.0,False,closed,23.0
VEL-01274,2019,workers_comp,B,181000.0,3,5000.0,1000000.0,30,7402.0,7199.0,6324.0,875.0,False,closed,53.0
VEL-01275,2019,auto_liability,D,287000.0,1,5000.0,2000000.0,30,9551.0,9341.0,8797.0,544.0,False,closed,12.0
VEL-01276,2019,cargo,A,78000.0,1,5000.0,2000000.0,30,4953.0,4587.0,4661.0,0.0,False,closed,71.0
VEL-01277,2019,physical_damage,A,280000.0,0,10000.0,2000000.0,30,5371.0,5806.0,4542.0,1264.0,False,closed,28.0
VEL-01278,2019,physical_damage,B,275000.0,0,5000.0,2000000.0,30,10354.0,10285.0,10281.0,4.0,False,closed,37.0
VEL-01279,2019,auto_liability,B,138000.0,3,10000.0,2000000.0,30,4064.0,3830.0,3614.0,216.0,False,closed,20.0
VEL-01280,2019,cargo,C,194000.0,2,5000.0,2000000.0,30,29954.0,29674.0,61183.99906944201,2645.0,False,closed,198.0
VEL-01281,2019,auto_liability,C,155000.0,4,5000.0,1000000.0,30,4086.0,4106.0,3555.0,551.0,False,closed,35.0
VEL-01282,2019,workers_comp,B,186000.0,2,10000.0,2000000.0,30,7121.0,7584.0,6262.0,1322.0,False,closed,55.0
VEL-01283,2019,physical_damage,A,268000.0,0,10000.0,1000000.0,30,29974.0,28046.0,24508.0,3538.0,False,closed,22.0
VEL-01284,2019,physical_damage,B,118000.0,1,10000.0,1000000.0,30,24562.0,24805.0,51956.73095456968,548.0,False,closed,297.0
VEL-01285,2019,auto_liability,B,302000.0,4,10000.0,2000000.0,30,5863.0,6263.0,5719.0,544.0,False,closed,29.0
VEL-01286,2019,physical_damage,A,277000.0,1,10000.0,1000000.0,30,12116.0,13074.0,11557.0,1517.0,False,closed,16.0
VEL-01287,2019,auto_liability,D,282000.0,3,10000.0,2000000.0,30,10702.0,9987.0,10698.0,0.0,False,closed,5.0
VEL-01288,2019,cargo,C,65000.0,3,10000.0,1000000.0,30,8598.0,8428.0,8370.0,58.0,False,closed,61.0
VEL-01289,2019,cargo,B,69000.0,0,25000.0,2000000.0,30,17134.0,18068.0,15820.0,2248.0,False,closed,28.0
VEL-01290,2019,auto_liability,A,253000.0,2,5000.0,1000000.0,30,5717.0,5571.0,4601.0,970.0,False,closed,37.0
VEL-01291,2019,cargo,B,132000.0,1,10000.0,1000000.0,30,26992.0,28214.0,26773.0,1441.0,False,closed,27.0
VEL-01292,2019,physical_damage,B,125000.0,1,5000.0,2000000.0,30,1993.0,1909.0,1905.0,4.0,False,closed,26.0
VEL-01293,2019,auto_liability,B,121000.0,2,5000.0,2000000.0,30,10179.0,9886.0,9223.0,663.0,False,closed,12.0
VEL-01294,2019,physical_damage,A,90000.0,0,5000.0,1000000.0,30,7366.0,6750.0,6632.0,118.0,False,closed,42.0
VEL-01295,2019,physical_damage,B,154000.0,2,10000.0,1000000.0,30,4742.0,4938.0,4391.0,547.0,False,closed,4.0
VEL-01296,2019,physical_damage,B,123000.0,2,25000.0,2000000.0,30,5756.0,5552.0,5441.0,111.0,False,closed,73.0
VEL-01297,2019,physical_damage,D,128000.0,4,10000.0,2000000.0,30,8742.0,8035.0,7953.0,82.0,False,closed,46.0
VEL-01298,2019,cargo,B,227000.0,3,5000.0,1000000.0,30,3828.0,3666.0,3333.0,333.0,False,closed,6.0
VEL-01299,2019,cargo,C,98000.0,2,25000.0,1000000.0,30,8197.0,7702.0,6686.0,1016.0,False,closed,6.0
VEL-01300,2019,cargo,A,315000.0,1,10000.0,2000000.0,30,15198.0,14928.0,13368.0,1560.0,False,closed,8.0
VEL-01301,2019,auto_liability,B,58000.0,0,25000.0,2000000.0,30,1781.0,1977.0,1459.0,518.0,False,closed,17.0
VEL-01302,2019,cargo,B,636000.0,1,10000.0,1000000.0,30,7785.0,8580.0,6821.0,1759.0,False,closed,32.0
VEL-01303,2019,workers_comp,D,89000.0,4,10000.0,1000000.0,30,3216.0,3488.0,3135.0,353.0,False,closed,22.0
VEL-01304,2019,physical_damage,D,239000.0,2,5000.0,1000000.0,30,7692.0,8278.0,7385.0,893.0,False,closed,19.0
VEL-01305,2019,workers_comp,A,283000.0,0,25000.0,1000000.0,30,13948.0,15331.0,12577.0,2754.0,False,closed,22.0
VEL-01306,2019,auto_liability,B,178000.0,0,25000.0,2000000.0,30,5353.0,5017.0,5023.0,0.0,False,closed,27.0
VEL-01307,2019,auto_liability,A,260000.0,0,10000.0,1000000.0,30,4703.0,4748.0,4165.0,583.0,False,closed,14.0
VEL-01308,2019,physical_damage,B,168000.0,1,10000.0,2000000.0,30,3432.0,3682.0,3131.0,551.0,True,closed,20.0
VEL-01309,2019,auto_liability,D,73000.0,1,5000.0,2000000.0,30,12713.0,14071.0,12427.0,1644.0,False,closed,20.0
VEL-01310,2019,auto_liability,A,212000.0,1,10000.0,1000000.0,30,2311.0,2390.0,2291.0,99.0,False,closed,41.0
VEL-01311,2019,physical_damage,C,318000.0,0,10000.0,1000000.0,30,19170.0,17822.0,16409.0,1413.0,False,closed,7.0
VEL-01312,2019,workers_comp,B,134000.0,4,25000.0,1000000.0,30,14891.0,14541.0,14198.0,343.0,False,closed,8.0
VEL-01313,2019,physical_damage,D,75000.0,2,10000.0,2000000.0,30,8882.0,8362.0,7783.0,579.0,False,closed,22.0
VEL-01314,2019,workers_comp,B,131000.0,0,5000.0,1000000.0,30,38718.0,41371.0,34480.0,6891.0,False,closed,19.0
VEL-01315,2019,physical_damage,C,210000.0,2,10000.0,1000000.0,30,7211.0,7766.0,6347.0,1419.0,False,closed,16.0
VEL-01316,2019,physical_damage,B,207000.0,4,10000.0,2000000.0,30,17118.0,16898.0,14250.0,2648.0,False,closed,25.0
VEL-01317,2019,auto_liability,C,312000.0,1,25000.0,1000000.0,30,7344.0,6611.0,6209.0,402.0,False,closed,36.0
VEL-01318,2019,auto_liability,C,236000.0,2,5000.0,1000000.0,30,6791.0,7491.0,6624.0,867.0,False,closed,57.0
VEL-01319,2019,cargo,B,230000.0,1,25000.0,1000000.0,30,21870.0,23916.0,20009.0,3907.0,False,closed,13.0
VEL-01320,2019,physical_damage,B,64000.0,3,25000.0,1000000.0,30,11029.0,12182.0,9170.0,3012.0,False,closed,23.0
VEL-01321,2019,physical_damage,B,553000.0,1,25000.0,2000000.0,30,7897.0,8405.0,7874.0,531.0,False,closed,60.0
VEL-01322,2019,cargo,C,182000.0,1,10000.0,2000000.0,30,11538.0,12896.0,11026.0,1870.0,False,closed,27.0
VEL-01323,2019,physical_damage,C,276000.0,0,25000.0,2000000.0,30,11372.0,10918.0,10834.0,84.0,False,closed,22.0
VEL-01324,2019,auto_liability,B,149000.0,2,25000.0,2000000.0,30,5928.0,5500.0,5386.0,114.0,False,closed,30.0
VEL-01325,2019,cargo,B,165000.0,1,5000.0,1000000.0,30,8083.0,8756.0,7437.0,1319.0,False,closed,12.0
VEL-01326,2019,cargo,A,183000.0,0,25000.0,2000000.0,30,3885.0,4192.0,3221.0,971.0,True,closed,19.0
VEL-01327,2019,auto_liability,A,397000.0,1,10000.0,1000000.0,30,652.0,625.0,545.0,80.0,False,closed,39.0
VEL-01328,2019,cargo,B,385000.0,0,10000.0,1000000.0,30,9496.0,9800.0,8859.0,941.0,False,closed,25.0
VEL-01329,2019,auto_liability,B,244000.0,0,25000.0,1000000.0,30,4634.0,4265.0,4326.0,0.0,True,closed,62.0
VEL-01330,2019,cargo,B,490000.0,1,10000.0,1000000.0,30,25659.0,23926.0,22561.0,1365.0,False,closed,11.0
VEL-01331,2019,cargo,B,146000.0,1,5000.0,2000000.0,30,14462.0,16106.0,13928.0,2178.0,False,closed,65.0
VEL-01332,2019,workers_comp,B,232000.0,1,5000.0,2000000.0,30,29908.0,32657.0,73465.79229536763,7381.0,False,closed,156.0
VEL-01333,2019,auto_liability,A,141000.0,1,5000.0,2000000.0,30,16743.0,15707.0,13923.0,1784.0,False,closed,15.0
VEL-01334,2019,cargo,C,345000.0,0,10000.0,2000000.0,30,11637.0,12145.0,9450.0,2695.0,True,closed,1.0
VEL-01335,2019,auto_liability,A,182000.0,1,25000.0,2000000.0,30,2423.0,2560.0,2391.0,169.0,False,closed,12.0
VEL-01336,2019,cargo,B,294000.0,0,5000.0,2000000.0,30,19063.0,19380.0,17267.0,2113.0,False,closed,13.0
VEL-01337,2019,auto_liability,A,430000.0,1,5000.0,1000000.0,30,2912.0,2942.0,2666.0,276.0,False,closed,50.0
VEL-01338,2019,cargo,D,62000.0,3,25000.0,2000000.0,30,12732.0,13366.0,11849.0,1517.0,False,closed,10.0
VEL-01339,2019,workers_comp,A,540000.0,3,5000.0,2000000.0,30,30630.0,27747.0,25234.0,2513.0,False,closed,9.0
VEL-01340,2019,physical_damage,B,210000.0,1,25000.0,2000000.0,30,12027.0,13376.0,11739.0,1637.0,False,closed,20.0
VEL-01341,2019,physical_damage,C,152000.0,1,25000.0,1000000.0,30,22101.0,22855.0,22000.0,855.0,False,closed,39.0
VEL-01342,2019,physical_damage,A,67000.0,1,25000.0,1000000.0,30,2366.0,2378.0,2006.0,372.0,False,closed,6.0
VEL-01343,2019,cargo,B,153000.0,1,5000.0,2000000.0,30,10611.0,10205.0,8987.0,1218.0,False,closed,25.0
VEL-01344,2019,auto_liability,B,55000.0,1,5000.0,2000000.0,30,12881.0,12367.0,12499.0,0.0,False,closed,73.0
VEL-01345,2019,cargo,D,187000.0,0,10000.0,1000000.0,30,5897.0,6108.0,5317.0,791.0,False,closed,15.0
VEL-01346,2019,auto_liability,A,164000.0,3,5000.0,1000000.0,30,5287.0,4982.0,4434.0,548.0,False,closed,11.0
VEL-01347,2019,physical_damage,A,453000.0,1,5000.0,1000000.0,30,8814.0,9291.0,8764.0,527.0,False,closed,6.0
VEL-01348,2019,cargo,B,151000.0,2,5000.0,2000000.0,30,1834.0,1685.0,1774.0,0.0,False,closed,22.0
VEL-01349,2019,auto_liability,B,309000.0,0,25000.0,2000000.0,30,18434.0,18157.0,16120.0,2037.0,False,closed,21.0
VEL-01350,2019,auto_liability,B,324000.0,1,10000.0,1000000.0,30,3261.0,3138.0,3019.0,119.0,False,closed,17.0
VEL-01351,2019,physical_damage,A,513000.0,1,25000.0,2000000.0,30,5870.0,5286.0,5551.0,0.0,False,closed,25.0
VEL-01352,2019,cargo,B,158000.0,2,5000.0,1000000.0,30,36423.0,38359.0,31746.0,6613.0,False,closed,22.0
VEL-01353,2019,auto_liability,A,264000.0,1,25000.0,1000000.0,30,1191.0,1305.0,1092.0,213.0,False,closed,23.0
VEL-01354,2019,physical_damage,B,82000.0,1,5000.0,1000000.0,30,11268.0,11103.0,9868.0,1235.0,False,closed,22.0
VEL-01355,2019,auto_liability,B,101000.0,3,25000.0,2000000.0,30,3982.0,3795.0,3858.0,0.0,False,closed,33.0
VEL-01356,2019,auto_liability,D,156000.0,3,10000.0,1000000.0,30,8583.0,8965.0,7258.0,1707.0,False,closed,7.0
VEL-01357,2019,auto_liability,B,177000.0,0,10000.0,2000000.0,30,3012.0,2786.0,2681.0,105.0,False,closed,11.0
VEL-01358,2019,auto_liability,A,96000.0,2,10000.0,1000000.0,30,12685.0,13793.0,10291.0,3502.0,False,closed,27.0
VEL-01359,2019,physical_damage,A,145000.0,0,5000.0,1000000.0,30,2811.0,2843.0,2585.0,258.0,False,closed,7.0
VEL-01360,2019,physical_damage,B,256000.0,1,25000.0,1000000.0,30,10437.0,10957.0,8474.0,2483.0,False,closed,23.0
VEL-01361,2019,auto_liability,A,142000.0,0,25000.0,2000000.0,30,6845.0,6622.0,5943.0,679.0,False,closed,20.0
VEL-01362,2019,workers_comp,D,165000.0,6,25000.0,1000000.0,30,17725.0,18007.0,16872.0,1135.0,False,closed,17.0
VEL-01363,2019,auto_liability,C,114000.0,2,10000.0,1000000.0,30,5541.0,5677.0,5036.0,641.0,False,closed,7.0
VEL-01364,2019,auto_liability,B,363000.0,3,5000.0,2000000.0,30,4565.0,4732.0,3965.0,767.0,False,closed,10.0
VEL-01365,2019,workers_comp,A,446000.0,0,25000.0,1000000.0,30,22454.0,24116.0,20157.0,3959.0,False,closed,28.0
VEL-01366,2019,physical_damage,A,199000.0,2,10000.0,1000000.0,30,9146.0,9099.0,7531.0,1568.0,False,closed,37.0
VEL-01367,2019,workers_comp,A,169000.0,1,10000.0,1000000.0,30,9804.0,9754.0,8338.0,1416.0,False,closed,11.0
VEL-01368,2019,physical_damage,C,421000.0,0,25000.0,1000000.0,30,4288.0,4263.0,4218.0,45.0,False,closed,14.0
VEL-01369,2019,physical_damage,A,229000.0,0,5000.0,2000000.0,30,7342.0,6672.0,6081.0,591.0,False,closed,16.0
VEL-01370,2019,auto_liability,C,127000.0,6,5000.0,2000000.0,30,10151.0,9964.0,9716.0,248.0,False,closed,4.0
VEL-01371,2019,workers_comp,B,90000.0,1,10000.0,1000000.0,30,12431.0,13724.0,11784.0,1940.0,False,closed,8.0
VEL-01372,2019,auto_liability,B,133000.0,0,10000.0,2000000.0,30,16373.0,17185.0,15180.0,2005.0,False,closed,26.0
VEL-01373,2019,workers_comp,B,552000.0,1,5000.0,1000000.0,30,3039.0,2985.0,2904.0,81.0,False,closed,15.0
VEL-01374,2019,auto_liability,A,132000.0,1,10000.0,1000000.0,30,29611.0,31988.0,24481.0,7507.0,False,closed,7.0
VEL-01375,2019,cargo,C,789000.0,2,25000.0,1000000.0,30,11014.0,10576.0,9602.0,974.0,False,closed,18.0
VEL-01376,2019,physical_damage,C,179000.0,4,25000.0,2000000.0,30,4135.0,4100.0,3592.0,508.0,False,closed,7.0
VEL-01377,2019,cargo,A,161000.0,0,25000.0,1000000.0,30,2289.0,2206.0,1933.0,273.0,False,closed,19.0
VEL-01378,2019,auto_liability,D,354000.0,1,25000.0,1000000.0,30,15937.0,15773.0,13497.0,2276.0,False,closed,37.0
VEL-01379,2019,workers_comp,C,158000.0,1,25000.0,2000000.0,30,23907.0,22250.0,20587.0,1663.0,False,closed,50.0
VEL-01380,2019,physical_damage,B,218000.0,2,10000.0,2000000.0,30,6766.0,6943.0,6716.0,227.0,False,closed,52.0
VEL-01381,2019,auto_liability,B,105000.0,0,5000.0,1000000.0,30,5372.0,5001.0,4708.0,293.0,False,closed,30.0
VEL-01382,2019,physical_damage,A,95000.0,0,5000.0,2000000.0,30,7401.0,7398.0,7093.0,305.0,False,closed,3.0
VEL-01383,2019,auto_liability,A,123000.0,1,5000.0,2000000.0,30,3321.0,3545.0,3154.0,391.0,True,closed,27.0
VEL-01384,2019,physical_damage,D,201000.0,4,10000.0,1000000.0,30,28225.0,30969.0,26767.0,4202.0,False,closed,23.0
VEL-01385,2019,cargo,C,128000.0,1,5000.0,1000000.0,30,20222.0,21139.0,18162.0,2977.0,False,closed,14.0
VEL-01386,2019,auto_liability,A,66000.0,0,25000.0,1000000.0,30,4171.0,4104.0,3761.0,343.0,False,closed,33.0
VEL-01387,2019,auto_liability,B,229000.0,2,5000.0,1000000.0,30,1630.0,1540.0,1363.0,177.0,True,closed,6.0
VEL-01388,2019,auto_liability,B,165000.0,0,10000.0,2000000.0,30,15590.0,14992.0,15230.0,0.0,False,closed,43.0
VEL-01389,2019,physical_damage,A,156000.0,0,10000.0,2000000.0,30,4558.0,4375.0,3988.0,387.0,False,closed,11.0
VEL-01390,2019,cargo,C,131000.0,3,10000.0,2000000.0,30,5819.0,6088.0,5485.0,603.0,False,closed,29.0
VEL-01391,2019,workers_comp,B,57000.0,1,10000.0,2000000.0,30,33541.0,35854.0,32663.0,3191.0,False,closed,19.0
VEL-01392,2019,auto_liability,A,406000.0,0,5000.0,2000000.0,30,6638.0,6183.0,6069.0,114.0,False,closed,11.0
VEL-01393,2019,auto_liability,B,140000.0,2,25000.0,2000000.0,30,1231.0,1231.0,2222.0058973333453,157.0,False,closed,361.0
VEL-01394,2019,physical_damage,A,235000.0,1,25000.0,2000000.0,30,1874.0,1999.0,1827.0,172.0,False,closed,12.0
VEL-01395,2019,cargo,A,367000.0,1,5000.0,1000000.0,30,6296.0,6633.0,5160.0,1473.0,False,closed,16.0
VEL-01396,2019,cargo,B,321000.0,1,5000.0,2000000.0,30,4035.0,3728.0,3838.0,0.0,False,closed,12.0
VEL-01397,2019,physical_damage,A,199000.0,0,10000.0,1000000.0,30,5813.0,5966.0,4987.0,979.0,False,closed,55.0
VEL-01398,2019,auto_liability,B,181000.0,0,10000.0,1000000.0,30,39714.0,43909.0,37339.0,6570.0,False,closed,8.0
VEL-01399,2019,cargo,B,210000.0,1,10000.0,2000000.0,30,96995.0,105594.0,81839.0,23755.0,False,closed,14.0
VEL-01400,2019,cargo,A,286000.0,0,5000.0,2000000.0,30,8228.0,7834.0,8044.0,0.0,False,closed,10.0
VEL-01401,2019,auto_liability,B,242000.0,0,5000.0,2000000.0,30,10184.0,11049.0,9112.0,1937.0,False,closed,5.0
VEL-01402,2019,cargo,A,143000.0,0,10000.0,1000000.0,30,16567.0,18497.0,13633.0,4864.0,False,closed,44.0
VEL-01403,2019,cargo,A,227000.0,2,5000.0,2000000.0,30,7767.0,8587.0,7462.0,1125.0,False,closed,20.0
VEL-01404,2019,workers_comp,B,218000.0,0,10000.0,2000000.0,30,4217.0,4601.0,3664.0,937.0,False,closed,28.0
VEL-01405,2019,auto_liability,A,257000.0,1,5000.0,2000000.0,30,10248.0,9495.0,8396.0,1099.0,False,closed,13.0
VEL-01406,2019,auto_liability,C,200000.0,0,5000.0,1000000.0,30,5976.0,5950.0,5789.0,161.0,True,closed,25.0
VEL-01407,2019,auto_liability,C,363000.0,1,10000.0,2000000.0,30,9598.0,10029.0,18340.641183531025,2188.0,False,closed,171.0
VEL-01408,2019,auto_liability,A,199000.0,1,10000.0,1000000.0,30,7786.0,8495.0,6551.0,1944.0,False,closed,40.0
VEL-01409,2019,cargo,C,284000.0,3,5000.0,2000000.0,30,6914.0,7486.0,5797.0,1689.0,False,closed,12.0
VEL-01410,2019,auto_liability,B,184000.0,1,5000.0,1000000.0,30,19833.0,19653.0,17477.0,2176.0,False,closed,40.0
VEL-01411,2019,workers_comp,D,134000.0,0,10000.0,1000000.0,30,20179.0,19740.0,20074.0,0.0,False,closed,40.0
VEL-01412,2019,auto_liability,C,111000.0,2,5000.0,1000000.0,30,8087.0,8524.0,6587.0,1937.0,False,closed,72.0
VEL-01413,2019,cargo,D,166000.0,1,10000.0,2000000.0,30,11198.0,10758.0,11168.0,0.0,False,closed,13.0
VEL-01414,2019,auto_liability,C,237000.0,4,10000.0,2000000.0,30,11643.0,11556.0,9958.0,1598.0,False,closed,2.0
VEL-01415,2019,cargo,C,345000.0,1,25000.0,1000000.0,30,27130.0,29507.0,23972.0,5535.0,False,closed,44.0
VEL-01416,2019,physical_damage,C,172000.0,1,25000.0,2000000.0,30,6424.0,6178.0,6154.0,24.0,False,closed,16.0
VEL-01417,2019,auto_liability,D,138000.0,2,25000.0,2000000.0,30,12947.0,14069.0,12565.0,1504.0,False,closed,29.0
VEL-01418,2019,auto_liability,A,139000.0,0,25000.0,1000000.0,30,3305.0,3016.0,2730.0,286.0,False,closed,16.0
VEL-01419,2019,auto_liability,C,349000.0,1,25000.0,1000000.0,30,2712.0,2492.0,2545.0,0.0,False,closed,91.0
VEL-01420,2019,auto_liability,B,190000.0,0,5000.0,1000000.0,30,4369.0,4282.0,8209.796189982222,392.0,False,closed,323.0
VEL-01421,2019,cargo,B,139000.0,0,5000.0,1000000.0,30,16424.0,17238.0,13414.0,3824.0,True,closed,65.0
VEL-01422,2019,workers_comp,B,263000.0,2,5000.0,2000000.0,30,19373.0,18386.0,19366.0,0.0,False,closed,13.0
VEL-01423,2019,cargo,A,91000.0,1,10000.0,2000000.0,30,19149.0,21284.0,16894.0,4390.0,False,closed,5.0
VEL-01424,2019,auto_liability,B,191000.0,2,5000.0,2000000.0,30,3374.0,3481.0,3169.0,312.0,False,closed,10.0
VEL-01425,2019,cargo,C,176000.0,0,25000.0,2000000.0,30,10115.0,9279.0,9603.0,0.0,False,closed,13.0
VEL-01426,2019,cargo,B,168000.0,2,10000.0,2000000.0,30,10982.0,10452.0,9317.0,1135.0,False,closed,58.0
VEL-01427,2019,cargo,D,100000.0,1,10000.0,2000000.0,30,24728.0,26932.0,21188.0,5744.0,False,closed,16.0
VEL-01428,2019,physical_damage,A,298000.0,2,5000.0,2000000.0,30,6000.0,5548.0,5270.0,278.0,False,closed,57.0
VEL-01429,2019,auto_liability,A,426000.0,1,5000.0,1000000.0,30,2246.0,2033.0,2194.0,0.0,False,closed,14.0
VEL-01430,2019,auto_liability,C,91000.0,2,25000.0,1000000.0,30,2136.0,2039.0,2066.0,0.0,False,closed,54.0
VEL-01431,2019,auto_liability,D,191000.0,3,10000.0,2000000.0,30,20266.0,18364.0,18863.0,0.0,False,closed,20.0
VEL-01432,2019,auto_liability,B,250000.0,2,10000.0,2000000.0,30,12510.0,11814.0,10872.0,942.0,False,closed,9.0
VEL-01433,2019,auto_liability,B,573000.0,5,5000.0,2000000.0,30,3400.0,3426.0,2933.0,493.0,False,closed,10.0
VEL-01434,2019,workers_comp,A,145000.0,6,10000.0,1000000.0,30,31894.0,34528.0,27789.0,6739.0,False,closed,4.0
VEL-01435,2019,auto_liability,A,111000.0,0,10000.0,2000000.0,30,4376.0,4379.0,3839.0,540.0,False,closed,13.0
VEL-01436,2019,physical_damage,D,180000.0,5,5000.0,2000000.0,30,16818.0,17191.0,15015.0,2176.0,False,closed,5.0
VEL-01437,2019,auto_liability,D,505000.0,5,25000.0,2000000.0,30,21609.0,19995.0,19037.0,958.0,False,closed,18.0
VEL-01438,2019,cargo,B,186000.0,1,25000.0,2000000.0,30,7262.0,7088.0,6304.0,784.0,False,closed,30.0
VEL-01439,2019,cargo,C,206000.0,3,25000.0,2000000.0,30,7105.0,7411.0,6754.0,657.0,False,closed,6.0
VEL-01440,2019,auto_liability,A,447000.0,1,10000.0,1000000.0,30,1245.0,1252.0,1215.0,37.0,False,closed,27.0
VEL-01441,2019,auto_liability,B,60000.0,2,10000.0,1000000.0,30,7060.0,7813.0,6883.0,930.0,False,closed,20.0
VEL-01442,2019,cargo,D,59000.0,1,5000.0,2000000.0,30,21823.0,21649.0,18128.0,3521.0,False,closed,14.0
VEL-01443,2019,auto_liability,B,287000.0,2,10000.0,2000000.0,30,10746.0,11855.0,9844.0,2011.0,False,closed,31.0
VEL-01444,2019,auto_liability,B,268000.0,1,25000.0,2000000.0,30,8847.0,8371.0,14547.945387541633,986.0,False,closed,310.0
VEL-01445,2019,auto_liability,C,88000.0,1,25000.0,2000000.0,30,7424.0,7789.0,7244.0,545.0,False,closed,20.0
VEL-01446,2019,auto_liability,A,235000.0,2,25000.0,2000000.0,30,10912.0,11668.0,9842.0,1826.0,False,closed,16.0
VEL-01447,2019,cargo,A,184000.0,2,5000.0,1000000.0,30,3949.0,4393.0,3170.0,1223.0,False,closed,20.0
VEL-01448,2019,cargo,B,201000.0,1,10000.0,2000000.0,30,13992.0,13122.0,13468.0,0.0,False,closed,4.0
VEL-01449,2019,physical_damage,A,119000.0,1,10000.0,2000000.0,30,9672.0,10021.0,9038.0,983.0,False,closed,18.0
VEL-01450,2019,auto_liability,A,143000.0,1,10000.0,1000000.0,30,4201.0,4640.0,3459.0,1181.0,False,closed,38.0
VEL-01451,2019,cargo,A,115000.0,1,25000.0,1000000.0,30,31336.0,31641.0,30454.0,1187.0,False,closed,20.0
VEL-01452,2019,physical_damage,C,185000.0,2,25000.0,2000000.0,30,13644.0,15231.0,11082.0,4149.0,False,closed,26.0
VEL-01453,2019,auto_liability,B,160000.0,0,5000.0,2000000.0,30,15499.0,17037.0,34325.49826841385,1864.0,False,closed,309.0
VEL-01454,2019,auto_liability,B,426000.0,1,25000.0,2000000.0,30,11043.0,10657.0,11040.0,0.0,False,closed,2.0
VEL-01455,2019,physical_damage,B,248000.0,3,25000.0,1000000.0,30,7019.0,7069.0,6238.0,831.0,False,closed,49.0
VEL-01456,2019,physical_damage,B,80000.0,1,25000.0,1000000.0,30,34441.0,33456.0,31686.0,1770.0,False,closed,23.0
VEL-01457,2019,auto_liability,B,223000.0,2,25000.0,1000000.0,30,12967.0,13970.0,11388.0,2582.0,False,closed,17.0
VEL-01458,2019,physical_damage,B,375000.0,0,25000.0,2000000.0,30,8147.0,7431.0,7298.0,133.0,False,closed,9.0
VEL-01459,2019,auto_liability,A,208000.0,1,5000.0,2000000.0,30,4210.0,4426.0,4066.0,360.0,True,closed,8.0
VEL-01460,2019,physical_damage,B,314000.0,5,10000.0,1000000.0,30,3685.0,3320.0,5842.71868463918,0.0,False,closed,261.0
VEL-01461,2019,auto_liability,B,177000.0,5,10000.0,2000000.0,30,5021.0,4581.0,4432.0,149.0,False,closed,16.0
VEL-01462,2019,workers_comp,B,258000.0,0,25000.0,2000000.0,30,10760.0,11526.0,10403.0,1123.0,False,closed,18.0
VEL-01463,2019,cargo,D,111000.0,0,5000.0,1000000.0,30,18247.0,17278.0,15770.0,1508.0,False,closed,13.0
VEL-01464,2019,physical_damage,A,269000.0,0,25000.0,2000000.0,30,4786.0,4908.0,4581.0,327.0,False,closed,26.0
VEL-01465,2019,workers_comp,B,89000.0,1,25000.0,2000000.0,30,19768.0,21760.0,17061.0,4699.0,False,closed,44.0
VEL-01466,2019,physical_damage,C,349000.0,1,5000.0,1000000.0,30,9226.0,8663.0,8918.0,0.0,False,closed,17.0
VEL-01467,2019,physical_damage,B,83000.0,0,5000.0,1000000.0,30,2445.0,2412.0,2086.0,326.0,False,closed,20.0
VEL-01468,2019,physical_damage,B,61000.0,4,10000.0,2000000.0,30,5489.0,5879.0,4957.0,922.0,False,closed,48.0
VEL-01469,2019,cargo,C,236000.0,2,5000.0,1000000.0,30,6487.0,6717.0,5424.0,1293.0,False,closed,9.0
VEL-01470,2019,workers_comp,B,165000.0,3,25000.0,2000000.0,30,4927.0,5112.0,4010.0,1102.0,False,closed,20.0
VEL-01471,2019,cargo,B,191000.0,1,5000.0,1000000.0,30,8635.0,8136.0,7620.0,516.0,False,closed,36.0
VEL-01472,2019,auto_liability,B,224000.0,1,25000.0,1000000.0,30,11200.0,11374.0,9139.0,2235.0,False,closed,26.0
VEL-01473,2019,auto_liability,B,177000.0,3,5000.0,1000000.0,30,2425.0,2630.0,2008.0,622.0,False,closed,35.0
VEL-01474,2019,workers_comp,A,114000.0,0,25000.0,1000000.0,30,2330.0,2367.0,2040.0,327.0,False,closed,14.0
VEL-01475,2019,cargo,B,201000.0,0,25000.0,2000000.0,30,9256.0,9633.0,8818.0,815.0,False,closed,60.0
VEL-01476,2019,physical_damage,C,215000.0,4,10000.0,2000000.0,30,93232.0,98235.0,81432.0,16803.0,False,closed,18.0
VEL-01477,2019,physical_damage,A,232000.0,1,10000.0,2000000.0,30,4222.0,4140.0,3411.0,729.0,False,closed,5.0
VEL-01478,2019,workers_comp,B,498000.0,1,25000.0,2000000.0,30,15796.0,16010.0,13980.0,2030.0,False,closed,10.0
VEL-01479,2019,auto_liability,B,123000.0,0,25000.0,2000000.0,30,4131.0,4042.0,3654.0,388.0,False,closed,36.0
VEL-01480,2019,auto_liability,A,186000.0,4,10000.0,1000000.0,30,8807.0,8461.0,7485.0,976.0,False,closed,45.0
VEL-01481,2019,auto_liability,A,240000.0,0,25000.0,1000000.0,30,13658.0,12518.0,11850.0,668.0,False,closed,17.0
VEL-01482,2019,workers_comp,B,143000.0,0,5000.0,2000000.0,30,11428.0,12515.0,10229.0,2286.0,False,closed,9.0
VEL-01483,2019,physical_damage,B,97000.0,0,10000.0,1000000.0,30,19624.0,19143.0,17721.0,1422.0,False,closed,25.0
VEL-01484,2019,physical_damage,A,135000.0,0,10000.0,2000000.0,30,2915.0,3080.0,2686.0,394.0,False,closed,20.0
VEL-01485,2019,auto_liability,C,311000.0,3,10000.0,1000000.0,30,8058.0,7618.0,7968.0,0.0,False,closed,20.0
VEL-01486,2019,auto_liability,B,157000.0,2,25000.0,1000000.0,30,2167.0,2235.0,2144.0,91.0,False,closed,32.0
VEL-01487,2019,auto_liability,C,246000.0,3,5000.0,2000000.0,30,7932.0,8434.0,7431.0,1003.0,False,closed,15.0
VEL-01488,2019,auto_liability,A,124000.0,1,5000.0,2000000.0,30,2910.0,3066.0,2542.0,524.0,False,closed,11.0
VEL-01489,2019,auto_liability,B,226000.0,0,5000.0,1000000.0,30,6755.0,6787.0,5425.0,1362.0,False,closed,42.0
VEL-01490,2019,physical_damage,C,127000.0,2,5000.0,2000000.0,30,4233.0,4729.0,3758.0,971.0,False,closed,6.0
VEL-01491,2019,auto_liability,B,117000.0,0,25000.0,1000000.0,30,6714.0,6268.0,5741.0,527.0,False,closed,26.0
VEL-01492,2019,workers_comp,B,191000.0,3,5000.0,1000000.0,30,14046.0,14938.0,12980.0,1958.0,True,closed,4.0
VEL-01493,2019,workers_comp,B,185000.0,0,25000.0,1000000.0,30,8396.0,7781.0,7071.0,710.0,False,closed,19.0
VEL-01494,2019,physical_damage,C,383000.0,4,5000.0,2000000.0,30,5381.0,5437.0,4955.0,482.0,False,closed,12.0
VEL-01495,2019,auto_liability,B,78000.0,1,5000.0,2000000.0,30,2312.0,2084.0,1971.0,113.0,False,closed,22.0
VEL-01496,2019,auto_liability,C,234000.0,7,5000.0,1000000.0,30,5118.0,4676.0,4266.0,410.0,False,closed,25.0
VEL-01497,2019,auto_liability,D,411000.0,1,25000.0,2000000.0,30,11399.0,12519.0,9245.0,3274.0,False,closed,16.0
VEL-01498,2019,physical_damage,C,362000.0,0,5000.0,2000000.0,30,8915.0,9478.0,7988.0,1490.0,False,closed,45.0
VEL-01499,2019,auto_liability,B,148000.0,0,25000.0,2000000.0,30,6355.0,5773.0,5243.0,530.0,True,closed,16.0
VEL-01500,2019,workers_comp,A,127000.0,2,5000.0,2000000.0,30,27474.0,25234.0,23038.0,2196.0,False,closed,20.0
VEL-01501,2019,auto_liability,B,140000.0,3,5000.0,1000000.0,30,4433.0,4093.0,3788.0,305.0,False,closed,47.0
VEL-01502,2019,cargo,D,210000.0,4,5000.0,1000000.0,30,19539.0,21206.0,16246.0,4960.0,False,closed,5.0
VEL-01503,2019,auto_liability,D,198000.0,4,5000.0,1000000.0,30,15740.0,15822.0,12633.0,3189.0,False,closed,14.0
VEL-01504,2019,physical_damage,A,215000.0,0,10000.0,1000000.0,30,9746.0,10559.0,8037.0,2522.0,False,closed,8.0
VEL-01505,2019,auto_liability,B,245000.0,0,5000.0,2000000.0,30,7565.0,7810.0,7155.0,655.0,False,closed,44.0
VEL-01506,2019,cargo,A,104000.0,0,25000.0,1000000.0,30,9131.0,9761.0,8074.0,1687.0,False,closed,4.0
VEL-01507,2019,auto_liability,A,101000.0,0,5000.0,2000000.0,30,19782.0,18373.0,18492.0,0.0,False,closed,22.0
VEL-01508,2019,auto_liability,B,96000.0,0,10000.0,2000000.0,30,5345.0,5658.0,5018.0,640.0,False,closed,30.0
VEL-01509,2019,auto_liability,A,90000.0,2,10000.0,2000000.0,30,3462.0,3341.0,3188.0,153.0,False,closed,86.0
VEL-01510,2019,auto_liability,B,171000.0,0,25000.0,2000000.0,30,8833.0,9187.0,8070.0,1117.0,False,closed,11.0
VEL-01511,2019,cargo,B,211000.0,3,10000.0,1000000.0,30,36015.0,33618.0,34914.0,0.0,False,closed,33.0
VEL-01512,2019,physical_damage,B,660000.0,1,5000.0,1000000.0,30,23472.0,22823.0,19154.0,3669.0,False,closed,30.0
VEL-01513,2019,cargo,C,237000.0,2,10000.0,1000000.0,30,13162.0,14165.0,11357.0,2808.0,False,closed,24.0
VEL-01514,2019,physical_damage,B,182000.0,3,25000.0,2000000.0,30,15141.0,13878.0,12127.0,1751.0,False,closed,21.0
VEL-01515,2019,physical_damage,A,373000.0,1,5000.0,2000000.0,30,9646.0,9009.0,8584.0,425.0,False,closed,33.0
VEL-01516,2019,physical_damage,A,124000.0,0,5000.0,2000000.0,30,7008.0,6748.0,6821.0,0.0,False,closed,23.0
VEL-01517,2019,auto_liability,A,214000.0,0,25000.0,1000000.0,30,7579.0,7172.0,6854.0,318.0,False,closed,16.0
VEL-01518,2019,physical_damage,C,297000.0,2,10000.0,2000000.0,30,15754.0,17056.0,15293.0,1763.0,False,closed,25.0
VEL-01519,2019,auto_liability,B,269000.0,1,10000.0,1000000.0,30,6297.0,6884.0,5810.0,1074.0,False,closed,26.0
VEL-01520,2019,auto_liability,B,221000.0,2,5000.0,1000000.0,30,20744.0,22455.0,16784.0,5671.0,False,closed,46.0
VEL-01521,2019,auto_liability,C,151000.0,0,5000.0,2000000.0,30,5210.0,5190.0,4258.0,932.0,False,closed,15.0
VEL-01522,2019,auto_liability,B,95000.0,2,25000.0,1000000.0,30,16186.0,16818.0,15116.0,1702.0,False,closed,45.0
VEL-01523,2019,physical_damage,A,166000.0,1,5000.0,2000000.0,30,32190.0,33015.0,31898.0,1117.0,False,closed,48.0
VEL-01524,2019,auto_liability,A,133000.0,0,25000.0,1000000.0,30,22781.0,23719.0,18942.0,4777.0,False,closed,40.0
VEL-01525,2019,auto_liability,A,256000.0,3,25000.0,1000000.0,30,5699.0,5899.0,5614.0,285.0,False,closed,17.0
VEL-01526,2019,physical_damage,B,168000.0,1,25000.0,2000000.0,30,7053.0,7780.0,6618.0,1162.0,False,closed,21.0
VEL-01527,2019,workers_comp,B,240000.0,0,10000.0,1000000.0,30,3891.0,4058.0,3220.0,838.0,False,closed,32.0
VEL-01528,2019,auto_liability,B,79000.0,1,5000.0,1000000.0,30,5427.0,4922.0,4665.0,257.0,False,closed,36.0
VEL-01529,2019,auto_liability,A,296000.0,1,5000.0,1000000.0,30,29139.0,31040.0,28246.0,2794.0,False,closed,3.0
VEL-01530,2019,auto_liability,A,116000.0,1,5000.0,2000000.0,30,1426.0,1458.0,1386.0,72.0,False,closed,31.0
VEL-01531,2019,auto_liability,B,81000.0,0,10000.0,2000000.0,30,1770.0,1899.0,1660.0,239.0,False,closed,30.0
VEL-01532,2019,auto_liability,B,89000.0,2,25000.0,1000000.0,30,10643.0,10367.0,10537.0,0.0,False,closed,46.0
VEL-01533,2019,cargo,C,130000.0,3,5000.0,2000000.0,30,20471.0,19359.0,19578.0,0.0,False,closed,10.0
VEL-01534,2019,workers_comp,C,320000.0,2,25000.0,2000000.0,30,4008.0,4054.0,3951.0,103.0,True,closed,24.0
VEL-01535,2019,auto_liability,B,259000.0,0,5000.0,2000000.0,30,5426.0,5154.0,4764.0,390.0,False,closed,77.0
VEL-01536,2019,cargo,B,99000.0,0,10000.0,1000000.0,30,13598.0,14001.0,12075.0,1926.0,False,closed,60.0
VEL-01537,2019,auto_liability,C,188000.0,2,25000.0,2000000.0,30,2212.0,2256.0,1913.0,343.0,False,closed,16.0
VEL-01538,2019,physical_damage,A,171000.0,1,10000.0,2000000.0,30,13657.0,14366.0,11517.0,2849.0,False,closed,11.0
VEL-01539,2019,cargo,C,81000.0,0,10000.0,2000000.0,30,4740.0,4292.0,4080.0,212.0,False,closed,44.0
VEL-01540,2019,auto_liability,B,108000.0,4,10000.0,1000000.0,30,13285.0,14258.0,11011.0,3247.0,False,closed,9.0
VEL-01541,2019,workers_comp,A,63000.0,4,5000.0,2000000.0,30,12353.0,11447.0,12222.0,0.0,False,closed,10.0
VEL-01542,2019,auto_liability,B,115000.0,1,25000.0,2000000.0,30,3353.0,3368.0,3100.0,268.0,False,closed,22.0
VEL-01543,2019,physical_damage,B,46000.0,1,25000.0,2000000.0,30,2412.0,2393.0,2390.0,3.0,False,closed,12.0
VEL-01544,2019,workers_comp,C,120000.0,2,5000.0,2000000.0,30,12231.0,13646.0,10125.0,3521.0,False,closed,14.0
VEL-01545,2019,workers_comp,C,111000.0,3,25000.0,2000000.0,30,14723.0,15832.0,13624.0,2208.0,False,closed,54.0
VEL-01546,2019,auto_liability,A,120000.0,0,10000.0,1000000.0,30,4206.0,4630.0,3741.0,889.0,False,closed,53.0
VEL-01547,2019,physical_damage,A,118000.0,1,10000.0,2000000.0,30,4237.0,4063.0,4162.0,0.0,False,closed,24.0
VEL-01548,2019,cargo,B,326000.0,4,25000.0,1000000.0,30,8975.0,9067.0,7213.0,1854.0,False,closed,12.0
VEL-01549,2019,physical_damage,A,151000.0,1,10000.0,1000000.0,30,12762.0,13941.0,11755.0,2186.0,False,closed,22.0
VEL-01550,2019,workers_comp,B,204000.0,0,5000.0,1000000.0,30,6525.0,7102.0,5904.0,1198.0,False,closed,30.0
VEL-01551,2019,auto_liability,B,265000.0,1,25000.0,1000000.0,30,4837.0,4984.0,3922.0,1062.0,False,closed,35.0
VEL-01552,2019,workers_comp,B,286000.0,1,25000.0,1000000.0,30,18279.0,18473.0,16355.0,2118.0,False,closed,28.0
VEL-01553,2019,physical_damage,B,255000.0,2,5000.0,2000000.0,30,7953.0,7599.0,6822.0,777.0,False,closed,41.0
VEL-01554,2019,physical_damage,A,136000.0,0,25000.0,1000000.0,30,12690.0,12898.0,10896.0,2002.0,False,closed,17.0
VEL-01555,2019,physical_damage,B,103000.0,2,25000.0,2000000.0,30,26037.0,28391.0,21045.0,7346.0,False,closed,19.0
VEL-01556,2019,auto_liability,A,121000.0,2,5000.0,1000000.0,30,3550.0,3757.0,3428.0,329.0,False,closed,5.0
VEL-01557,2019,physical_damage,A,141000.0,0,5000.0,2000000.0,30,7783.0,8411.0,6530.0,1881.0,False,closed,38.0
VEL-01558,2019,auto_liability,C,180000.0,1,10000.0,1000000.0,30,758.0,783.0,744.0,39.0,False,closed,6.0
VEL-01559,2019,cargo,A,172000.0,1,25000.0,1000000.0,30,6622.0,6100.0,5481.0,619.0,False,closed,14.0
VEL-01560,2019,auto_liability,A,315000.0,1,10000.0,2000000.0,30,7667.0,7215.0,7479.0,0.0,False,closed,22.0
VEL-01561,2019,auto_liability,A,171000.0,0,5000.0,2000000.0,30,1992.0,1977.0,1977.0,0.0,True,closed,62.0
VEL-01562,2019,cargo,B,451000.0,0,25000.0,2000000.0,30,28558.0,31288.0,25614.0,5674.0,False,closed,31.0
VEL-01563,2019,auto_liability,A,305000.0,2,25000.0,1000000.0,30,1121.0,1127.0,1089.0,38.0,False,closed,8.0
VEL-01564,2019,workers_comp,B,141000.0,2,25000.0,1000000.0,30,35674.0,39465.0,30383.0,9082.0,False,closed,10.0
VEL-01565,2019,physical_damage,B,280000.0,1,5000.0,2000000.0,30,5472.0,5500.0,4530.0,970.0,False,closed,19.0
VEL-01566,2019,physical_damage,B,41000.0,1,25000.0,2000000.0,30,3742.0,3971.0,3545.0,426.0,False,closed,78.0
VEL-01567,2019,cargo,D,364000.0,0,25000.0,1000000.0,30,10854.0,11422.0,9917.0,1505.0,False,closed,15.0
VEL-01568,2019,physical_damage,C,222000.0,0,10000.0,1000000.0,30,8062.0,7277.0,7824.0,0.0,False,closed,10.0
VEL-01569,2019,workers_comp,A,221000.0,0,5000.0,2000000.0,30,4920.0,4897.0,4479.0,418.0,False,closed,43.0
VEL-01570,2019,cargo,A,76000.0,0,25000.0,2000000.0,30,3035.0,3114.0,3026.0,88.0,False,closed,13.0
VEL-01571,2019,cargo,A,654000.0,0,10000.0,1000000.0,30,5785.0,6458.0,5116.0,1342.0,False,closed,14.0
VEL-01572,2019,physical_damage,C,158000.0,1,10000.0,2000000.0,30,20082.0,21680.0,17701.0,3979.0,False,closed,24.0
VEL-01573,2019,auto_liability,A,167000.0,0,10000.0,1000000.0,30,6267.0,5969.0,5975.0,0.0,False,closed,22.0
VEL-01574,2019,auto_liability,B,320000.0,1,10000.0,1000000.0,30,15488.0,14945.0,15468.0,0.0,False,closed,9.0
VEL-01575,2019,auto_liability,A,163000.0,0,25000.0,2000000.0,30,2916.0,2937.0,2523.0,414.0,False,closed,26.0
VEL-01576,2019,physical_damage,C,116000.0,2,10000.0,2000000.0,30,7526.0,7370.0,6394.0,976.0,False,closed,18.0
VEL-01577,2019,workers_comp,C,252000.0,0,5000.0,2000000.0,30,12236.0,11996.0,11780.0,216.0,False,closed,16.0
VEL-01578,2019,physical_damage,B,107000.0,1,25000.0,1000000.0,30,8967.0,9188.0,7690.0,1498.0,False,closed,24.0
VEL-01579,2019,physical_damage,B,263000.0,3,5000.0,2000000.0,30,11389.0,10369.0,9468.0,901.0,False,closed,4.0
VEL-01580,2019,auto_liability,B,193000.0,1,10000.0,1000000.0,30,21134.0,21013.0,19289.0,1724.0,False,closed,25.0
VEL-01581,2019,auto_liability,A,320000.0,0,10000.0,1000000.0,30,7827.0,7169.0,6724.0,445.0,False,closed,13.0
VEL-01582,2019,auto_liability,A,97000.0,0,10000.0,1000000.0,30,5217.0,4713.0,4285.0,428.0,False,closed,27.0
VEL-01583,2019,physical_damage,B,340000.0,5,10000.0,1000000.0,30,22310.0,24258.0,20617.0,3641.0,False,closed,11.0
VEL-01584,2019,physical_damage,D,209000.0,3,5000.0,2000000.0,30,6657.0,6080.0,5849.0,231.0,False,closed,45.0
VEL-01585,2019,workers_comp,A,494000.0,1,5000.0,1000000.0,30,3918.0,4093.0,3216.0,877.0,False,closed,20.0
VEL-01586,2019,auto_liability,A,129000.0,1,25000.0,1000000.0,30,7611.0,8142.0,6558.0,1584.0,False,closed,41.0
VEL-01587,2019,cargo,B,465000.0,2,10000.0,2000000.0,30,11846.0,10875.0,10466.0,409.0,False,closed,62.0
VEL-01588,2019,auto_liability,A,258000.0,0,10000.0,1000000.0,30,5040.0,4623.0,4179.0,444.0,False,closed,18.0
VEL-01589,2019,auto_liability,A,269000.0,2,25000.0,2000000.0,30,9285.0,8417.0,8718.0,0.0,False,closed,50.0
VEL-01590,2019,cargo,C,124000.0,1,25000.0,2000000.0,30,9915.0,10833.0,8030.0,2803.0,True,closed,13.0
VEL-01591,2019,physical_damage,A,239000.0,1,10000.0,2000000.0,30,6044.0,6075.0,5345.0,730.0,False,closed,36.0
VEL-01592,2019,auto_liability,B,254000.0,1,5000.0,2000000.0,30,7479.0,6977.0,6453.0,524.0,False,closed,23.0
VEL-01593,2019,auto_liability,A,118000.0,0,25000.0,2000000.0,30,7503.0,8368.0,7377.0,991.0,False,closed,64.0
VEL-01594,2020,auto_liability,C,216000.0,2,10000.0,1000000.0,30,14172.0,13829.0,12017.0,1812.0,False,closed,24.0
VEL-01595,2020,cargo,A,203000.0,1,10000.0,1000000.0,30,4916.0,5485.0,4625.0,860.0,False,closed,35.0
VEL-01596,2020,physical_damage,C,136000.0,0,5000.0,2000000.0,30,14930.0,14795.0,13793.0,1002.0,False,closed,13.0
VEL-01597,2020,cargo,B,344000.0,0,10000.0,1000000.0,30,6179.0,6727.0,5026.0,1701.0,False,closed,44.0
VEL-01598,2020,cargo,B,491000.0,3,10000.0,2000000.0,30,4242.0,4668.0,3609.0,1059.0,False,closed,16.0
VEL-01599,2020,cargo,B,171000.0,0,25000.0,1000000.0,30,9097.0,8933.0,7474.0,1459.0,False,closed,1.0
VEL-01600,2020,auto_liability,C,125000.0,1,25000.0,2000000.0,30,11560.0,12380.0,25051.488361931388,2737.0,False,closed,142.0
VEL-01601,2020,workers_comp,D,251000.0,3,25000.0,2000000.0,30,20117.0,20989.0,19191.0,1798.0,True,closed,24.0
VEL-01602,2020,physical_damage,A,165000.0,0,5000.0,1000000.0,30,26059.0,26775.0,23034.0,3741.0,False,closed,38.0
VEL-01603,2020,workers_comp,C,196000.0,1,5000.0,1000000.0,30,27064.0,25965.0,22569.0,3396.0,True,closed,5.0
VEL-01604,2020,auto_liability,B,251000.0,2,25000.0,2000000.0,30,8021.0,8582.0,7436.0,1146.0,False,closed,23.0
VEL-01605,2020,cargo,A,94000.0,1,5000.0,2000000.0,30,9639.0,10122.0,7909.0,2213.0,False,closed,19.0
VEL-01606,2020,cargo,A,261000.0,2,5000.0,2000000.0,30,3216.0,3159.0,2717.0,442.0,False,closed,33.0
VEL-01607,2020,cargo,A,109000.0,0,10000.0,1000000.0,30,9210.0,8904.0,8743.0,161.0,False,closed,15.0
VEL-01608,2020,physical_damage,D,99000.0,1,5000.0,2000000.0,30,12640.0,11828.0,11116.0,712.0,False,closed,14.0
VEL-01609,2020,workers_comp,C,151000.0,2,5000.0,1000000.0,30,60623.0,54923.0,100141.79845198792,5451.0,False,closed,169.0
VEL-01610,2020,auto_liability,A,375000.0,0,5000.0,1000000.0,30,2631.0,2628.0,2204.0,424.0,False,closed,2.0
VEL-01611,2020,physical_damage,B,134000.0,0,5000.0,1000000.0,30,7573.0,7896.0,6759.0,1137.0,False,closed,6.0
VEL-01612,2020,auto_liability,C,229000.0,3,10000.0,1000000.0,30,4128.0,4201.0,3691.0,510.0,False,closed,11.0
VEL-01613,2020,cargo,A,115000.0,2,25000.0,2000000.0,30,9915.0,10214.0,9372.0,842.0,False,closed,58.0
VEL-01614,2020,physical_damage,B,248000.0,0,5000.0,1000000.0,30,2263.0,2177.0,2122.0,55.0,False,closed,12.0
VEL-01615,2020,cargo,B,214000.0,3,5000.0,1000000.0,30,13530.0,14133.0,11864.0,2269.0,False,closed,23.0
VEL-01616,2020,auto_liability,B,322000.0,0,10000.0,1000000.0,30,5886.0,5401.0,5851.0,0.0,False,closed,48.0
VEL-01617,2020,auto_liability,A,199000.0,0,5000.0,1000000.0,30,5470.0,5199.0,4787.0,412.0,False,closed,5.0
VEL-01618,2020,auto_liability,B,183000.0,1,25000.0,1000000.0,30,42268.0,39557.0,36064.0,3493.0,False,closed,67.0
VEL-01619,2020,cargo,A,73000.0,1,25000.0,2000000.0,30,8322.0,7994.0,6776.0,1218.0,False,closed,42.0
VEL-01620,2020,physical_damage,B,213000.0,1,10000.0,1000000.0,30,11990.0,12841.0,10841.0,2000.0,False,closed,13.0
VEL-01621,2020,auto_liability,A,269000.0,2,5000.0,1000000.0,30,4701.0,4724.0,4349.0,375.0,False,closed,50.0
VEL-01622,2020,auto_liability,B,201000.0,3,25000.0,1000000.0,30,13220.0,13976.0,12521.0,1455.0,True,closed,21.0
VEL-01623,2020,cargo,A,199000.0,3,5000.0,2000000.0,30,47934.0,51669.0,44861.0,6808.0,False,closed,38.0
VEL-01624,2020,auto_liability,A,241000.0,0,5000.0,1000000.0,30,17136.0,17027.0,16295.0,732.0,False,closed,38.0
VEL-01625,2020,physical_damage,C,280000.0,2,10000.0,1000000.0,30,13077.0,12690.0,12895.0,0.0,True,closed,35.0
VEL-01626,2020,auto_liability,A,117000.0,0,25000.0,2000000.0,30,1829.0,1674.0,1675.0,0.0,False,closed,18.0
VEL-01627,2020,workers_comp,A,176000.0,0,25000.0,1000000.0,30,15118.0,15192.0,15075.0,117.0,False,closed,16.0
VEL-01628,2020,auto_liability,B,225000.0,1,25000.0,2000000.0,30,1672.0,1828.0,1598.0,230.0,False,closed,9.0
VEL-01629,2020,cargo,B,207000.0,1,25000.0,2000000.0,30,5571.0,6137.0,4628.0,1509.0,False,closed,2.0
VEL-01630,2020,auto_liability,A,114000.0,1,5000.0,1000000.0,30,3052.0,3197.0,2696.0,501.0,False,closed,37.0
VEL-01631,2020,auto_liability,B,69000.0,1,5000.0,2000000.0,30,2518.0,2559.0,2370.0,189.0,False,closed,11.0
VEL-01632,2020,auto_liability,D,213000.0,0,25000.0,2000000.0,30,8685.0,9547.0,7312.0,2235.0,False,closed,5.0
VEL-01633,2020,cargo,A,260000.0,0,25000.0,1000000.0,30,6720.0,6500.0,6564.0,0.0,False,closed,41.0
VEL-01634,2020,auto_liability,B,416000.0,0,25000.0,1000000.0,30,3324.0,3217.0,3194.0,23.0,False,closed,35.0
VEL-01635,2020,cargo,A,224000.0,0,5000.0,2000000.0,30,11723.0,13032.0,10833.0,2199.0,False,closed,20.0
VEL-01636,2020,auto_liability,B,119000.0,3,25000.0,1000000.0,30,3339.0,3578.0,2833.0,745.0,False,closed,29.0
VEL-01637,2020,physical_damage,A,227000.0,1,25000.0,1000000.0,30,17936.0,19968.0,16626.0,3342.0,False,closed,24.0
VEL-01638,2020,physical_damage,B,172000.0,0,10000.0,1000000.0,30,13399.0,14118.0,13004.0,1114.0,False,closed,46.0
VEL-01639,2020,cargo,A,130000.0,1,5000.0,2000000.0,30,6359.0,5760.0,5951.0,0.0,False,closed,31.0
VEL-01640,2020,workers_comp,C,90000.0,2,5000.0,1000000.0,30,22596.0,23295.0,19211.0,4084.0,False,closed,4.0
VEL-01641,2020,auto_liability,A,74000.0,0,25000.0,1000000.0,30,2838.0,2789.0,2827.0,0.0,False,closed,12.0
VEL-01642,2020,auto_liability,A,129000.0,0,5000.0,2000000.0,30,2952.0,2842.0,2666.0,176.0,False,closed,8.0
VEL-01643,2020,auto_liability,B,148000.0,0,5000.0,1000000.0,30,12569.0,13217.0,12171.0,1046.0,False,closed,49.0
VEL-01644,2020,physical_damage,A,188000.0,0,10000.0,2000000.0,30,2026.0,2202.0,1927.0,275.0,False,closed,16.0
VEL-01645,2020,physical_damage,B,184000.0,1,25000.0,1000000.0,30,11735.0,12597.0,11451.0,1146.0,False,closed,30.0
VEL-01646,2020,auto_liability,A,204000.0,1,5000.0,2000000.0,30,20264.0,21975.0,17385.0,4590.0,False,closed,3.0
VEL-01647,2020,auto_liability,A,466000.0,0,10000.0,2000000.0,30,882.0,836.0,712.0,124.0,False,closed,10.0
VEL-01648,2020,auto_liability,D,176000.0,2,25000.0,1000000.0,30,53057.0,52959.0,51543.0,1416.0,False,closed,11.0
VEL-01649,2020,auto_liability,A,357000.0,4,5000.0,1000000.0,30,1100.0,1140.0,1024.0,116.0,False,closed,20.0
VEL-01650,2020,cargo,A,124000.0,1,10000.0,1000000.0,30,1604.0,1453.0,1385.0,68.0,False,closed,91.0
VEL-01651,2020,cargo,B,127000.0,1,5000.0,2000000.0,30,2165.0,2206.0,1866.0,340.0,False,closed,41.0
VEL-01652,2020,physical_damage,C,140000.0,2,5000.0,1000000.0,30,4160.0,3795.0,3742.0,53.0,False,closed,15.0
VEL-01653,2020,cargo,A,75000.0,0,10000.0,1000000.0,30,5580.0,5571.0,5500.0,71.0,False,closed,26.0
VEL-01654,2020,physical_damage,A,411000.0,0,10000.0,2000000.0,30,1585.0,1543.0,1325.0,218.0,False,closed,9.0
VEL-01655,2020,physical_damage,A,206000.0,1,25000.0,2000000.0,30,5770.0,6001.0,5696.0,305.0,False,closed,32.0
VEL-01656,2020,cargo,B,259000.0,1,25000.0,2000000.0,30,19755.0,19623.0,17310.0,2313.0,False,closed,139.0
VEL-01657,2020,physical_damage,D,426000.0,0,25000.0,2000000.0,30,6775.0,6427.0,6574.0,0.0,False,closed,13.0
VEL-01658,2020,physical_damage,B,227000.0,1,10000.0,1000000.0,30,8967.0,8343.0,7661.0,682.0,True,closed,34.0
VEL-01659,2020,workers_comp,A,406000.0,0,5000.0,2000000.0,30,17137.0,18599.0,16049.0,2550.0,False,closed,28.0
VEL-01660,2020,workers_comp,B,57000.0,2,25000.0,2000000.0,30,48878.0,44660.0,45055.0,0.0,False,closed,56.0
VEL-01661,2020,physical_damage,B,340000.0,2,5000.0,2000000.0,30,7651.0,7832.0,7459.0,373.0,False,closed,45.0
VEL-01662,2020,physical_damage,C,211000.0,2,25000.0,1000000.0,30,17261.0,17538.0,17209.0,329.0,False,closed,9.0
VEL-01663,2020,auto_liability,D,138000.0,3,25000.0,2000000.0,30,12623.0,11610.0,11789.0,0.0,False,closed,38.0
VEL-01664,2020,physical_damage,A,310000.0,1,10000.0,1000000.0,30,6970.0,6827.0,6665.0,162.0,False,closed,57.0
VEL-01665,2020,auto_liability,C,184000.0,1,5000.0,2000000.0,30,5392.0,5882.0,4672.0,1210.0,False,closed,58.0
VEL-01666,2020,physical_damage,C,129000.0,1,25000.0,2000000.0,30,13159.0,14375.0,11091.0,3284.0,False,closed,11.0
VEL-01667,2020,auto_liability,B,70000.0,3,25000.0,2000000.0,30,9699.0,8912.0,9065.0,0.0,False,closed,12.0
VEL-01668,2020,workers_comp,B,438000.0,1,10000.0,1000000.0,30,4788.0,5270.0,3993.0,1277.0,False,closed,3.0
VEL-01669,2020,auto_liability,B,50000.0,0,10000.0,2000000.0,30,4305.0,4269.0,3650.0,619.0,False,closed,30.0
VEL-01670,2020,physical_damage,B,188000.0,2,5000.0,2000000.0,30,10580.0,10917.0,9755.0,1162.0,False,closed,2.0
VEL-01671,2020,auto_liability,A,400000.0,0,5000.0,2000000.0,30,5878.0,5448.0,4821.0,627.0,False,closed,1.0
VEL-01672,2020,physical_damage,A,251000.0,2,5000.0,1000000.0,30,8612.0,8779.0,7100.0,1679.0,False,closed,6.0
VEL-01673,2020,workers_comp,A,133000.0,0,25000.0,1000000.0,30,37249.0,39002.0,34824.0,4178.0,False,closed,29.0
VEL-01674,2020,auto_liability,C,159000.0,3,10000.0,1000000.0,30,15559.0,15244.0,13990.0,1254.0,False,closed,26.0
VEL-01675,2020,auto_liability,A,134000.0,1,5000.0,2000000.0,30,1795.0,1786.0,1486.0,300.0,False,closed,48.0
VEL-01676,2020,physical_damage,D,205000.0,1,25000.0,1000000.0,30,40775.0,43231.0,37393.0,5838.0,False,closed,35.0
VEL-01677,2020,cargo,B,175000.0,2,5000.0,2000000.0,30,6198.0,5933.0,5904.0,29.0,False,closed,17.0
VEL-01678,2020,auto_liability,B,96000.0,0,25000.0,1000000.0,30,3031.0,2978.0,2719.0,259.0,False,closed,10.0
VEL-01679,2020,physical_damage,B,88000.0,2,5000.0,2000000.0,30,18611.0,19149.0,15382.0,3767.0,False,closed,12.0
VEL-01680,2020,auto_liability,C,319000.0,1,25000.0,1000000.0,30,5423.0,6010.0,4552.0,1458.0,False,closed,24.0
VEL-01681,2020,cargo,C,96000.0,1,25000.0,1000000.0,30,3559.0,3731.0,3401.0,330.0,False,closed,44.0
VEL-01682,2020,physical_damage,A,103000.0,2,10000.0,1000000.0,30,10717.0,10295.0,8921.0,1374.0,False,closed,13.0
VEL-01683,2020,cargo,B,573000.0,1,25000.0,1000000.0,30,14924.0,16483.0,14859.0,1624.0,False,closed,6.0
VEL-01684,2020,workers_comp,C,119000.0,1,25000.0,2000000.0,30,24013.0,23050.0,23611.0,0.0,False,closed,9.0
VEL-01685,2020,cargo,B,94000.0,1,25000.0,1000000.0,30,3608.0,3638.0,3068.0,570.0,False,closed,27.0
VEL-01686,2020,cargo,C,111000.0,2,10000.0,1000000.0,30,23887.0,22837.0,20434.0,2403.0,False,closed,14.0
VEL-01687,2020,physical_damage,B,264000.0,2,10000.0,2000000.0,30,5066.0,4935.0,5051.0,0.0,False,closed,7.0
VEL-01688,2020,auto_liability,B,124000.0,1,25000.0,2000000.0,30,11340.0,12211.0,11043.0,1168.0,False,closed,20.0
VEL-01689,2020,workers_comp,A,168000.0,0,10000.0,1000000.0,30,4109.0,3905.0,4099.0,0.0,False,closed,11.0
VEL-01690,2020,auto_liability,A,57000.0,0,5000.0,2000000.0,30,2231.0,2457.0,2103.0,354.0,False,closed,32.0
VEL-01691,2020,cargo,C,132000.0,1,25000.0,1000000.0,30,2861.0,3077.0,2589.0,488.0,False,closed,22.0
VEL-01692,2020,physical_damage,A,183000.0,0,10000.0,2000000.0,30,3663.0,4064.0,3164.0,900.0,False,closed,3.0
VEL-01693,2020,auto_liability,C,184000.0,0,10000.0,2000000.0,30,15669.0,16828.0,13024.0,3804.0,False,closed,12.0
VEL-01694,2020,physical_damage,C,373000.0,0,25000.0,2000000.0,30,11865.0,11835.0,11123.0,712.0,False,closed,3.0
VEL-01695,2020,cargo,D,231000.0,6,25000.0,2000000.0,30,10182.0,10531.0,9702.0,829.0,False,closed,22.0
VEL-01696,2020,auto_liability,C,43000.0,0,25000.0,2000000.0,30,19791.0,19554.0,18741.0,813.0,False,closed,13.0
VEL-01697,2020,workers_comp,D,80000.0,2,25000.0,2000000.0,30,22687.0,23052.0,19660.0,3392.0,False,closed,34.0
VEL-01698,2020,auto_liability,A,115000.0,0,25000.0,2000000.0,30,8377.0,8681.0,7922.0,759.0,False,closed,27.0
VEL-01699,2020,physical_damage,A,155000.0,0,10000.0,1000000.0,30,8594.0,7824.0,8104.0,0.0,False,closed,45.0
VEL-01700,2020,cargo,C,183000.0,2,5000.0,2000000.0,30,11898.0,12072.0,10486.0,1586.0,False,closed,33.0
VEL-01701,2020,physical_damage,B,244000.0,1,5000.0,1000000.0,30,8997.0,9123.0,7376.0,1747.0,False,closed,40.0
VEL-01702,2020,physical_damage,C,77000.0,2,5000.0,2000000.0,30,13819.0,14447.0,13785.0,662.0,False,closed,27.0
VEL-01703,2020,workers_comp,C,59000.0,5,5000.0,1000000.0,30,37669.0,37913.0,35031.0,2882.0,False,closed,18.0
VEL-01704,2020,auto_liability,D,265000.0,3,5000.0,2000000.0,30,13420.0,12167.0,12412.0,0.0,False,closed,16.0
VEL-01705,2020,cargo,A,108000.0,2,5000.0,1000000.0,30,16963.0,18020.0,13805.0,4215.0,True,closed,20.0
VEL-01706,2020,auto_liability,A,55000.0,1,5000.0,1000000.0,30,1978.0,2146.0,1827.0,319.0,False,closed,13.0
VEL-01707,2020,cargo,B,111000.0,2,25000.0,2000000.0,30,2490.0,2533.0,2263.0,270.0,False,closed,18.0
VEL-01708,2020,cargo,A,143000.0,0,5000.0,1000000.0,30,10967.0,11959.0,9653.0,2306.0,False,closed,33.0
VEL-01709,2020,physical_damage,B,97000.0,1,5000.0,2000000.0,30,9100.0,10135.0,8513.0,1622.0,False,closed,7.0
VEL-01710,2020,physical_damage,B,99000.0,3,25000.0,2000000.0,30,11314.0,10299.0,11116.0,0.0,False,closed,69.0
VEL-01711,2020,physical_damage,B,294000.0,1,25000.0,1000000.0,30,3738.0,4162.0,3679.0,483.0,False,closed,4.0
VEL-01712,2020,workers_comp,A,102000.0,2,10000.0,1000000.0,30,11791.0,11611.0,9707.0,1904.0,False,closed,47.0
VEL-01713,2020,auto_liability,C,207000.0,2,25000.0,2000000.0,30,3056.0,3143.0,2516.0,627.0,False,closed,9.0
VEL-01714,2020,auto_liability,A,198000.0,2,5000.0,1000000.0,30,4934.0,5513.0,4306.0,1207.0,False,closed,17.0
VEL-01715,2020,physical_damage,B,148000.0,5,25000.0,1000000.0,30,7616.0,7069.0,7190.0,0.0,False,closed,66.0
VEL-01716,2020,auto_liability,C,576000.0,1,10000.0,1000000.0,30,6026.0,5437.0,4985.0,452.0,False,closed,10.0
VEL-01717,2020,auto_liability,A,90000.0,0,25000.0,1000000.0,30,5857.0,5858.0,4932.0,926.0,False,closed,3.0
VEL-01718,2020,physical_damage,C,644000.0,4,10000.0,2000000.0,30,6712.0,6922.0,5729.0,1193.0,False,closed,4.0
VEL-01719,2020,auto_liability,A,110000.0,2,25000.0,2000000.0,30,4540.0,5077.0,4108.0,969.0,False,closed,17.0
VEL-01720,2020,physical_damage,B,155000.0,1,25000.0,1000000.0,30,13753.0,15164.0,13570.0,1594.0,False,closed,52.0
VEL-01721,2020,physical_damage,C,206000.0,3,10000.0,1000000.0,30,31304.0,32787.0,29088.0,3699.0,False,closed,38.0
VEL-01722,2020,cargo,C,309000.0,0,25000.0,1000000.0,30,17468.0,17907.0,15870.0,2037.0,False,closed,24.0
VEL-01723,2020,cargo,D,252000.0,4,25000.0,2000000.0,30,29210.0,31371.0,26519.0,4852.0,False,closed,7.0
VEL-01724,2020,physical_damage,C,149000.0,1,5000.0,2000000.0,30,15377.0,14970.0,14227.0,743.0,True,closed,45.0
VEL-01725,2020,cargo,A,149000.0,0,25000.0,1000000.0,30,30749.0,31558.0,29301.0,2257.0,False,closed,21.0
VEL-01726,2020,physical_damage,C,320000.0,6,5000.0,2000000.0,30,48992.0,50781.0,43671.0,7110.0,False,closed,16.0
VEL-01727,2020,auto_liability,C,383000.0,2,25000.0,2000000.0,30,4225.0,3896.0,3909.0,0.0,False,closed,17.0
VEL-01728,2020,physical_damage,D,136000.0,1,25000.0,1000000.0,30,20421.0,19816.0,19564.0,252.0,False,closed,45.0
VEL-01729,2020,cargo,B,328000.0,0,25000.0,1000000.0,30,13195.0,12017.0,11491.0,526.0,False,closed,14.0
VEL-01730,2020,physical_damage,A,236000.0,2,10000.0,1000000.0,30,22200.0,21807.0,19442.0,2365.0,False,closed,10.0
VEL-01731,2020,cargo,C,202000.0,0,25000.0,1000000.0,30,1964.0,2002.0,1613.0,389.0,False,closed,50.0
VEL-01732,2020,auto_liability,A,103000.0,1,10000.0,2000000.0,30,2817.0,2597.0,2378.0,219.0,False,closed,89.0
VEL-01733,2020,physical_damage,B,95000.0,0,10000.0,1000000.0,30,2132.0,2008.0,1963.0,45.0,False,closed,6.0
VEL-01734,2020,physical_damage,C,221000.0,2,25000.0,2000000.0,30,28305.0,26525.0,27522.0,0.0,False,closed,28.0
VEL-01735,2020,physical_damage,A,45000.0,1,10000.0,2000000.0,30,8172.0,9075.0,7243.0,1832.0,False,closed,17.0
VEL-01736,2020,physical_damage,A,139000.0,1,10000.0,1000000.0,30,10991.0,10007.0,10000.0,7.0,False,closed,94.0
VEL-01737,2020,auto_liability,B,221000.0,0,10000.0,2000000.0,30,7738.0,7034.0,14773.93849253114,0.0,False,closed,262.0
VEL-01738,2020,auto_liability,C,78000.0,0,5000.0,1000000.0,30,8558.0,8452.0,7637.0,815.0,False,closed,23.0
VEL-01739,2020,auto_liability,D,403000.0,2,5000.0,1000000.0,30,11545.0,11392.0,10980.0,412.0,False,closed,9.0
VEL-01740,2020,auto_liability,A,410000.0,1,10000.0,2000000.0,30,3362.0,3581.0,2792.0,789.0,False,closed,23.0
VEL-01741,2020,physical_damage,A,105000.0,0,10000.0,2000000.0,30,1382.0,1308.0,1149.0,159.0,False,closed,21.0
VEL-01742,2020,auto_liability,C,169000.0,3,5000.0,2000000.0,30,8857.0,8169.0,8799.0,0.0,False,closed,3.0
VEL-01743,2020,physical_damage,A,168000.0,0,5000.0,1000000.0,30,6304.0,6039.0,5874.0,165.0,False,closed,29.0
VEL-01744,2020,workers_comp,B,136000.0,2,5000.0,1000000.0,30,8362.0,9041.0,6720.0,2321.0,False,closed,12.0
VEL-01745,2020,physical_damage,B,140000.0,1,25000.0,1000000.0,30,5068.0,4953.0,4584.0,369.0,False,closed,9.0
VEL-01746,2020,auto_liability,C,228000.0,1,5000.0,1000000.0,30,18777.0,19412.0,18254.0,1158.0,False,closed,18.0
VEL-01747,2020,physical_damage,A,411000.0,0,5000.0,2000000.0,30,3741.0,3761.0,3645.0,116.0,False,closed,17.0
VEL-01748,2020,physical_damage,B,187000.0,3,10000.0,1000000.0,30,3585.0,3915.0,3550.0,365.0,False,closed,11.0
VEL-01749,2020,auto_liability,B,189000.0,0,25000.0,1000000.0,30,9369.0,8487.0,8343.0,144.0,False,closed,31.0
VEL-01750,2020,cargo,A,191000.0,0,5000.0,1000000.0,30,26354.0,26826.0,21628.0,5198.0,False,closed,29.0
VEL-01751,2020,auto_liability,A,127000.0,0,25000.0,2000000.0,30,1712.0,1827.0,1675.0,152.0,False,closed,36.0
VEL-01752,2020,physical_damage,A,245000.0,0,25000.0,2000000.0,30,3086.0,3310.0,3070.0,240.0,False,closed,17.0
VEL-01753,2020,physical_damage,A,140000.0,0,10000.0,1000000.0,30,2945.0,3135.0,2419.0,716.0,False,closed,26.0
VEL-01754,2020,workers_comp,B,110000.0,2,5000.0,2000000.0,30,17261.0,16911.0,14740.0,2171.0,False,closed,11.0
VEL-01755,2020,auto_liability,B,248000.0,0,5000.0,2000000.0,30,8641.0,9300.0,7450.0,1850.0,False,closed,10.0
VEL-01756,2020,physical_damage,B,71000.0,2,25000.0,1000000.0,30,23702.0,24504.0,20536.0,3968.0,False,closed,23.0
VEL-01757,2020,cargo,B,139000.0,0,25000.0,2000000.0,30,10019.0,10892.0,9740.0,1152.0,False,closed,20.0
VEL-01758,2020,workers_comp,B,147000.0,0,10000.0,1000000.0,30,10632.0,11637.0,9221.0,2416.0,False,closed,22.0
VEL-01759,2020,cargo,C,168000.0,0,5000.0,2000000.0,30,8050.0,8237.0,6504.0,1733.0,False,closed,65.0
VEL-01760,2020,cargo,C,83000.0,0,5000.0,1000000.0,30,30278.0,27647.0,28794.0,0.0,False,closed,37.0
VEL-01761,2020,auto_liability,A,112000.0,0,25000.0,2000000.0,30,2913.0,3252.0,2626.0,626.0,False,closed,7.0
VEL-01762,2020,physical_damage,A,167000.0,0,5000.0,2000000.0,30,3483.0,3294.0,3353.0,0.0,False,closed,29.0
VEL-01763,2020,auto_liability,A,242000.0,0,5000.0,2000000.0,30,3859.0,3994.0,3597.0,397.0,False,closed,30.0
VEL-01764,2020,physical_damage,B,170000.0,3,5000.0,2000000.0,30,7854.0,7107.0,7813.0,0.0,False,closed,18.0
VEL-01765,2020,physical_damage,A,162000.0,3,5000.0,1000000.0,30,8910.0,8083.0,8012.0,71.0,False,closed,33.0
VEL-01766,2020,physical_damage,B,118000.0,0,25000.0,2000000.0,30,4954.0,5392.0,4461.0,931.0,False,closed,41.0
VEL-01767,2020,cargo,A,181000.0,2,5000.0,2000000.0,30,32534.0,36306.0,32236.0,4070.0,False,closed,16.0
VEL-01768,2020,cargo,B,45000.0,2,10000.0,2000000.0,30,45246.0,43556.0,37876.0,5680.0,False,closed,32.0
VEL-01769,2020,auto_liability,B,248000.0,4,25000.0,2000000.0,30,2372.0,2382.0,2079.0,303.0,False,closed,1.0
VEL-01770,2020,cargo,B,291000.0,1,10000.0,1000000.0,30,11621.0,10543.0,11568.0,0.0,True,closed,11.0
VEL-01771,2020,cargo,A,178000.0,1,10000.0,2000000.0,30,3941.0,3555.0,3930.0,0.0,False,closed,15.0
VEL-01772,2020,cargo,B,111000.0,0,5000.0,1000000.0,30,8406.0,7732.0,8085.0,0.0,True,closed,25.0
VEL-01773,2020,auto_liability,B,349000.0,1,5000.0,2000000.0,30,2181.0,2389.0,2049.0,340.0,False,closed,51.0
VEL-01774,2020,physical_damage,B,128000.0,0,25000.0,2000000.0,30,6445.0,6038.0,6223.0,0.0,False,closed,38.0
VEL-01775,2020,cargo,B,351000.0,1,25000.0,1000000.0,30,12797.0,11703.0,12505.0,0.0,False,closed,28.0
VEL-01776,2020,cargo,A,157000.0,0,5000.0,2000000.0,30,9700.0,9813.0,8993.0,820.0,False,closed,35.0
VEL-01777,2020,auto_liability,B,123000.0,3,25000.0,2000000.0,30,2004.0,1888.0,1798.0,90.0,False,closed,32.0
VEL-01778,2020,physical_damage,B,161000.0,0,5000.0,1000000.0,30,1724.0,1905.0,1562.0,343.0,False,closed,34.0
VEL-01779,2020,auto_liability,C,128000.0,3,5000.0,1000000.0,30,1658.0,1782.0,1431.0,351.0,False,closed,46.0
VEL-01780,2020,physical_damage,B,165000.0,0,5000.0,1000000.0,30,20350.0,21623.0,17817.0,3806.0,False,closed,49.0
VEL-01781,2020,physical_damage,A,230000.0,0,10000.0,2000000.0,30,5706.0,5496.0,5445.0,51.0,False,closed,23.0
VEL-01782,2020,auto_liability,A,158000.0,0,5000.0,1000000.0,30,4843.0,5016.0,3920.0,1096.0,False,closed,20.0
VEL-01783,2020,cargo,A,143000.0,0,5000.0,1000000.0,30,25899.0,26778.0,25245.0,1533.0,False,closed,20.0
VEL-01784,2020,cargo,D,178000.0,5,5000.0,2000000.0,30,7204.0,6558.0,14916.101236109542,385.0,False,closed,275.0
VEL-01785,2020,auto_liability,B,218000.0,0,10000.0,1000000.0,30,7700.0,8161.0,7054.0,1107.0,False,closed,37.0
VEL-01786,2020,auto_liability,D,180000.0,1,25000.0,1000000.0,30,4981.0,5554.0,4172.0,1382.0,False,closed,29.0
VEL-01787,2020,auto_liability,A,236000.0,0,10000.0,2000000.0,30,5293.0,5116.0,5094.0,22.0,False,closed,17.0
VEL-01788,2020,auto_liability,A,240000.0,2,10000.0,1000000.0,30,1084.0,1182.0,1031.0,151.0,False,closed,10.0
VEL-01789,2020,auto_liability,C,208000.0,4,25000.0,2000000.0,30,5019.0,4737.0,4205.0,532.0,False,closed,15.0
VEL-01790,2020,auto_liability,A,257000.0,0,25000.0,2000000.0,30,4333.0,3937.0,3885.0,52.0,True,closed,9.0
VEL-01791,2020,auto_liability,B,181000.0,4,10000.0,1000000.0,30,6077.0,6036.0,5473.0,563.0,False,closed,51.0
VEL-01792,2020,auto_liability,B,317000.0,0,5000.0,2000000.0,30,1863.0,1904.0,3277.557093054951,193.0,False,closed,277.0
VEL-01793,2020,cargo,B,220000.0,4,10000.0,1000000.0,30,8588.0,8545.0,6930.0,1615.0,False,closed,43.0
VEL-01794,2020,physical_damage,B,273000.0,2,10000.0,1000000.0,30,15728.0,15030.0,15048.0,0.0,False,closed,14.0
VEL-01795,2020,auto_liability,A,164000.0,2,5000.0,2000000.0,30,4264.0,3899.0,4006.0,0.0,False,closed,35.0
VEL-01796,2020,physical_damage,B,89000.0,1,25000.0,1000000.0,30,15380.0,15224.0,14198.0,1026.0,False,closed,41.0
VEL-01797,2020,physical_damage,B,144000.0,1,5000.0,1000000.0,30,13246.0,12159.0,11527.0,632.0,False,closed,14.0
VEL-01798,2020,auto_liability,C,184000.0,2,25000.0,2000000.0,30,8224.0,7763.0,14426.379009826875,157.0,False,closed,350.0
VEL-01799,2020,cargo,B,216000.0,1,25000.0,2000000.0,30,7822.0,8473.0,7164.0,1309.0,False,closed,44.0
VEL-01800,2020,auto_liability,B,177000.0,2,10000.0,1000000.0,30,5920.0,6349.0,5067.0,1282.0,False,closed,67.0
VEL-01801,2020,physical_damage,B,373000.0,3,25000.0,1000000.0,30,3904.0,4252.0,3442.0,810.0,False,closed,8.0
VEL-01802,2020,physical_damage,A,95000.0,0,10000.0,1000000.0,30,10876.0,10839.0,10757.0,82.0,False,closed,18.0
VEL-01803,2020,auto_liability,C,75000.0,2,10000.0,1000000.0,30,8746.0,8925.0,7532.0,1393.0,False,closed,12.0
VEL-01804,2020,auto_liability,B,165000.0,0,5000.0,1000000.0,30,13887.0,15412.0,12472.0,2940.0,False,closed,23.0
VEL-01805,2020,auto_liability,A,129000.0,1,10000.0,1000000.0,30,25725.0,27634.0,22379.0,5255.0,False,closed,40.0
VEL-01806,2020,workers_comp,B,183000.0,2,25000.0,2000000.0,30,24447.0,22710.0,22834.0,0.0,False,closed,18.0
VEL-01807,2020,cargo,B,249000.0,2,10000.0,2000000.0,30,16028.0,17175.0,14093.0,3082.0,False,closed,47.0
VEL-01808,2020,cargo,B,687000.0,0,25000.0,2000000.0,30,12019.0,11498.0,11830.0,0.0,False,closed,8.0
VEL-01809,2020,auto_liability,D,94000.0,4,10000.0,1000000.0,30,16013.0,16555.0,13296.0,3259.0,False,closed,15.0
VEL-01810,2020,physical_damage,D,106000.0,4,25000.0,2000000.0,30,34323.0,31103.0,29517.0,1586.0,False,closed,5.0
VEL-01811,2020,physical_damage,B,175000.0,0,10000.0,1000000.0,30,6437.0,6356.0,6397.0,0.0,False,closed,41.0
VEL-01812,2020,auto_liability,A,87000.0,0,10000.0,2000000.0,30,1733.0,1713.0,1615.0,98.0,False,closed,5.0
VEL-01813,2020,auto_liability,C,124000.0,2,5000.0,2000000.0,30,2403.0,2453.0,2274.0,179.0,False,closed,22.0
VEL-01814,2020,physical_damage,D,339000.0,0,5000.0,2000000.0,30,25578.0,25334.0,22783.0,2551.0,False,closed,30.0
VEL-01815,2020,auto_liability,C,175000.0,3,25000.0,1000000.0,30,9767.0,9127.0,7940.0,1187.0,False,closed,5.0
VEL-01816,2020,physical_damage,B,178000.0,0,5000.0,1000000.0,30,12051.0,13152.0,9754.0,3398.0,False,closed,28.0
VEL-01817,2020,physical_damage,C,311000.0,1,25000.0,1000000.0,30,2689.0,2663.0,2566.0,97.0,True,closed,35.0
VEL-01818,2020,auto_liability,D,78000.0,2,5000.0,2000000.0,30,5414.0,4976.0,5387.0,0.0,False,closed,32.0
VEL-01819,2020,cargo,A,191000.0,0,25000.0,2000000.0,30,2575.0,2736.0,2306.0,430.0,True,closed,19.0
VEL-01820,2020,auto_liability,A,176000.0,0,5000.0,1000000.0,30,1903.0,2028.0,1794.0,234.0,False,closed,11.0
VEL-01821,2020,physical_damage,C,205000.0,1,25000.0,1000000.0,30,6301.0,5754.0,5470.0,284.0,False,closed,41.0
VEL-01822,2020,physical_damage,D,110000.0,3,5000.0,2000000.0,30,7040.0,6514.0,6693.0,0.0,False,closed,17.0
VEL-01823,2020,cargo,B,146000.0,2,5000.0,2000000.0,30,34972.0,31538.0,29863.0,1675.0,False,closed,7.0
VEL-01824,2020,auto_liability,B,171000.0,2,10000.0,2000000.0,30,2108.0,2147.0,1845.0,302.0,False,closed,35.0
VEL-01825,2020,auto_liability,B,258000.0,1,5000.0,1000000.0,30,3469.0,3552.0,3314.0,238.0,False,closed,17.0
VEL-01826,2020,physical_damage,A,126000.0,0,10000.0,2000000.0,30,3671.0,4098.0,3307.0,791.0,False,closed,77.0
VEL-01827,2020,cargo,C,244000.0,3,10000.0,1000000.0,30,13393.0,12951.0,12100.0,851.0,False,closed,20.0
VEL-01828,2020,auto_liability,D,63000.0,3,5000.0,1000000.0,30,14591.0,13624.0,11765.0,1859.0,False,closed,23.0
VEL-01829,2020,physical_damage,A,222000.0,1,10000.0,2000000.0,30,3527.0,3885.0,3038.0,847.0,False,closed,1.0
VEL-01830,2020,auto_liability,B,263000.0,2,10000.0,1000000.0,30,1552.0,1460.0,1323.0,137.0,False,closed,11.0
VEL-01831,2020,auto_liability,B,115000.0,0,10000.0,2000000.0,30,4019.0,4157.0,3558.0,599.0,True,closed,4.0
VEL-01832,2020,workers_comp,B,156000.0,0,25000.0,2000000.0,30,17315.0,15901.0,14465.0,1436.0,False,closed,6.0
VEL-01833,2020,cargo,D,180000.0,6,10000.0,1000000.0,30,6712.0,7216.0,6610.0,606.0,False,closed,37.0
VEL-01834,2020,physical_damage,C,207000.0,2,5000.0,2000000.0,30,20523.0,18918.0,19776.0,0.0,False,closed,5.0
VEL-01835,2020,auto_liability,B,324000.0,0,25000.0,2000000.0,30,2552.0,2336.0,2449.0,0.0,False,closed,11.0
VEL-01836,2020,physical_damage,A,198000.0,2,25000.0,2000000.0,30,3976.0,3733.0,3504.0,229.0,False,closed,10.0
VEL-01837,2020,cargo,B,161000.0,3,25000.0,1000000.0,30,7325.0,8005.0,6806.0,1199.0,False,closed,16.0
VEL-01838,2020,auto_liability,B,164000.0,2,5000.0,1000000.0,30,24219.0,24509.0,21034.0,3475.0,False,closed,20.0
VEL-01839,2020,cargo,C,206000.0,2,25000.0,1000000.0,30,23064.0,23812.0,19757.0,4055.0,False,closed,70.0
VEL-01840,2020,workers_comp,A,264000.0,1,10000.0,1000000.0,30,13695.0,12933.0,13454.0,0.0,False,closed,19.0
VEL-01841,2020,auto_liability,A,204000.0,1,10000.0,2000000.0,30,2100.0,2314.0,2010.0,304.0,False,closed,39.0
VEL-01842,2020,auto_liability,A,138000.0,0,10000.0,2000000.0,30,1937.0,2137.0,1885.0,252.0,False,closed,22.0
VEL-01843,2020,auto_liability,B,153000.0,3,10000.0,2000000.0,30,3258.0,3193.0,3020.0,173.0,False,closed,30.0
VEL-01844,2020,physical_damage,A,122000.0,0,5000.0,2000000.0,30,22284.0,23704.0,20825.0,2879.0,False,closed,14.0
VEL-01845,2020,cargo,B,118000.0,1,10000.0,2000000.0,30,28173.0,31216.0,28092.0,3124.0,False,closed,3.0
VEL-01846,2020,workers_comp,B,142000.0,1,25000.0,1000000.0,30,14251.0,14554.0,13039.0,1515.0,True,closed,28.0
VEL-01847,2020,cargo,C,136000.0,1,5000.0,1000000.0,30,7356.0,7404.0,6284.0,1120.0,False,closed,5.0
VEL-01848,2020,physical_damage,A,262000.0,0,5000.0,2000000.0,30,1685.0,1752.0,1418.0,334.0,False,closed,72.0
VEL-01849,2020,auto_liability,C,101000.0,4,5000.0,2000000.0,30,4799.0,4350.0,4723.0,0.0,False,closed,61.0
VEL-01850,2020,auto_liability,B,186000.0,2,10000.0,2000000.0,30,8315.0,7684.0,6995.0,689.0,False,closed,10.0
VEL-01851,2020,auto_liability,B,102000.0,0,5000.0,1000000.0,30,8547.0,8688.0,6945.0,1743.0,False,closed,26.0
VEL-01852,2020,physical_damage,A,265000.0,2,10000.0,2000000.0,30,8804.0,8715.0,8047.0,668.0,False,closed,51.0
VEL-01853,2020,auto_liability,B,209000.0,0,25000.0,2000000.0,30,3247.0,3120.0,2659.0,461.0,False,closed,26.0
VEL-01854,2020,cargo,D,333000.0,2,25000.0,2000000.0,30,22856.0,23175.0,20397.0,2778.0,False,closed,41.0
VEL-01855,2020,physical_damage,C,235000.0,1,25000.0,1000000.0,30,8604.0,8664.0,7425.0,1239.0,False,closed,40.0
VEL-01856,2020,cargo,A,109000.0,0,25000.0,2000000.0,30,16628.0,16504.0,14418.0,2086.0,False,closed,5.0
VEL-01857,2020,cargo,A,183000.0,1,10000.0,2000000.0,30,10300.0,11264.0,9802.0,1462.0,False,closed,17.0
VEL-01858,2020,physical_damage,B,133000.0,2,10000.0,1000000.0,30,14405.0,13383.0,12485.0,898.0,False,closed,39.0
VEL-01859,2020,auto_liability,B,140000.0,4,25000.0,1000000.0,30,7197.0,7908.0,7073.0,835.0,False,closed,26.0
VEL-01860,2020,workers_comp,D,110000.0,1,10000.0,1000000.0,30,13230.0,14219.0,12745.0,1474.0,False,closed,58.0
VEL-01861,2020,cargo,D,155000.0,1,5000.0,2000000.0,30,38138.0,36456.0,36953.0,0.0,False,closed,10.0
VEL-01862,2020,auto_liability,C,188000.0,0,5000.0,2000000.0,30,3071.0,3158.0,2623.0,535.0,False,closed,33.0
VEL-01863,2020,auto_liability,A,200000.0,2,25000.0,2000000.0,30,7633.0,8142.0,6626.0,1516.0,False,closed,23.0
VEL-01864,2020,auto_liability,B,601000.0,0,10000.0,1000000.0,30,3974.0,4062.0,3395.0,667.0,False,closed,6.0
VEL-01865,2020,physical_damage,A,166000.0,0,25000.0,1000000.0,30,4925.0,4607.0,4343.0,264.0,False,closed,113.0
VEL-01866,2020,physical_damage,B,188000.0,0,5000.0,1000000.0,30,9821.0,9622.0,8428.0,1194.0,False,closed,13.0
VEL-01867,2020,auto_liability,A,172000.0,1,25000.0,1000000.0,30,3064.0,3125.0,2696.0,429.0,False,closed,34.0
VEL-01868,2020,cargo,B,159000.0,1,10000.0,2000000.0,30,4740.0,4981.0,4383.0,598.0,False,closed,2.0
VEL-01869,2020,auto_liability,C,156000.0,2,10000.0,2000000.0,30,3350.0,3363.0,3080.0,283.0,False,closed,12.0
VEL-01870,2020,workers_comp,A,185000.0,0,10000.0,1000000.0,30,4407.0,4562.0,4196.0,366.0,False,closed,12.0
VEL-01871,2020,workers_comp,C,164000.0,0,25000.0,1000000.0,30,15901.0,16868.0,15382.0,1486.0,False,closed,7.0
VEL-01872,2020,auto_liability,B,257000.0,2,25000.0,2000000.0,30,7105.0,7600.0,6230.0,1370.0,True,closed,78.0
VEL-01873,2020,physical_damage,A,222000.0,0,25000.0,2000000.0,30,6117.0,6528.0,5997.0,531.0,False,closed,28.0
VEL-01874,2020,physical_damage,B,118000.0,1,10000.0,2000000.0,30,2425.0,2429.0,2136.0,293.0,False,closed,7.0
VEL-01875,2020,auto_liability,B,180000.0,3,5000.0,1000000.0,30,6182.0,6743.0,5219.0,1524.0,False,closed,20.0
VEL-01876,2020,auto_liability,B,209000.0,1,25000.0,1000000.0,30,11511.0,10774.0,10108.0,666.0,False,closed,25.0
VEL-01877,2020,workers_comp,C,158000.0,3,10000.0,2000000.0,30,6515.0,6683.0,5578.0,1105.0,False,closed,1.0
VEL-01878,2020,auto_liability,C,161000.0,3,25000.0,1000000.0,30,3423.0,3213.0,7571.8004400323625,300.0,True,closed,260.0
VEL-01879,2020,workers_comp,B,172000.0,0,10000.0,2000000.0,30,25688.0,23841.0,21135.0,2706.0,False,closed,6.0
VEL-01880,2020,physical_damage,B,242000.0,1,25000.0,1000000.0,30,7010.0,7136.0,6842.0,294.0,False,closed,24.0
VEL-01881,2020,physical_damage,C,196000.0,0,10000.0,2000000.0,30,22247.0,22894.0,18897.0,3997.0,False,closed,3.0
VEL-01882,2020,physical_damage,B,139000.0,4,25000.0,2000000.0,30,6168.0,6757.0,6046.0,711.0,False,closed,20.0
VEL-01883,2020,cargo,C,176000.0,0,25000.0,2000000.0,30,4230.0,4522.0,4155.0,367.0,False,closed,9.0
VEL-01884,2020,auto_liability,B,327000.0,1,25000.0,1000000.0,30,5415.0,5778.0,5403.0,375.0,False,closed,21.0
VEL-01885,2020,auto_liability,B,114000.0,1,10000.0,2000000.0,30,5358.0,5390.0,4667.0,723.0,False,closed,69.0
VEL-01886,2020,auto_liability,B,247000.0,1,10000.0,2000000.0,30,6994.0,6948.0,5634.0,1314.0,False,closed,33.0
VEL-01887,2020,physical_damage,B,160000.0,1,25000.0,2000000.0,30,4169.0,4442.0,3985.0,457.0,False,closed,50.0
VEL-01888,2020,auto_liability,C,1076000.0,0,10000.0,1000000.0,30,4795.0,5214.0,4594.0,620.0,False,closed,22.0
VEL-01889,2020,workers_comp,B,244000.0,2,25000.0,1000000.0,30,60452.0,57641.0,59389.0,0.0,False,closed,30.0
VEL-01890,2020,physical_damage,B,185000.0,1,25000.0,1000000.0,30,5214.0,4838.0,4721.0,117.0,False,closed,50.0
VEL-01891,2020,auto_liability,B,171000.0,0,25000.0,1000000.0,30,18737.0,18169.0,39477.40152698752,0.0,False,closed,324.0
VEL-01892,2020,workers_comp,B,87000.0,0,10000.0,1000000.0,30,5405.0,5339.0,4676.0,663.0,False,closed,22.0
VEL-01893,2020,cargo,A,141000.0,0,5000.0,2000000.0,30,10119.0,11310.0,8212.0,3098.0,False,closed,37.0
VEL-01894,2020,auto_liability,A,473000.0,2,25000.0,1000000.0,30,6076.0,6547.0,5141.0,1406.0,False,closed,9.0
VEL-01895,2020,auto_liability,B,214000.0,3,5000.0,1000000.0,30,10870.0,11722.0,25576.52136944149,1132.0,False,closed,263.0
VEL-01896,2020,cargo,A,157000.0,1,25000.0,1000000.0,30,8466.0,9427.0,8044.0,1383.0,False,closed,17.0
VEL-01897,2020,auto_liability,C,180000.0,2,5000.0,1000000.0,30,4161.0,4562.0,3456.0,1106.0,False,closed,17.0
VEL-01898,2020,cargo,C,184000.0,0,10000.0,1000000.0,30,13736.0,12912.0,11931.0,981.0,False,closed,26.0
VEL-01899,2020,auto_liability,C,114000.0,2,5000.0,1000000.0,30,2203.0,2101.0,1971.0,130.0,False,closed,13.0
VEL-01900,2020,auto_liability,B,190000.0,0,5000.0,2000000.0,30,832.0,894.0,819.0,75.0,False,closed,0.0
VEL-01901,2020,physical_damage,B,230000.0,5,5000.0,2000000.0,30,2455.0,2708.0,2367.0,341.0,False,closed,26.0
VEL-01902,2020,auto_liability,C,89000.0,3,10000.0,1000000.0,30,22617.0,22227.0,19145.0,3082.0,False,closed,30.0
VEL-01903,2020,auto_liability,B,161000.0,1,10000.0,2000000.0,30,10571.0,11829.0,9005.0,2824.0,False,closed,14.0
VEL-01904,2020,auto_liability,A,49000.0,2,25000.0,1000000.0,30,18718.0,17573.0,18389.0,0.0,False,closed,17.0
VEL-01905,2020,cargo,D,80000.0,1,5000.0,1000000.0,30,22554.0,20494.0,21447.0,0.0,False,closed,41.0
VEL-01906,2020,auto_liability,D,269000.0,3,10000.0,1000000.0,30,2724.0,3011.0,2589.0,422.0,False,closed,67.0
VEL-01907,2020,cargo,A,325000.0,0,10000.0,2000000.0,30,3987.0,3881.0,3501.0,380.0,False,closed,14.0
VEL-01908,2020,workers_comp,A,439000.0,2,10000.0,2000000.0,30,13265.0,12191.0,13011.0,0.0,False,closed,9.0
VEL-01909,2020,physical_damage,C,97000.0,1,25000.0,2000000.0,30,5163.0,5677.0,4319.0,1358.0,False,closed,70.0
VEL-01910,2020,auto_liability,B,173000.0,2,5000.0,1000000.0,30,2708.0,2606.0,2184.0,422.0,False,closed,18.0
VEL-01911,2020,auto_liability,C,154000.0,1,5000.0,2000000.0,30,2986.0,3232.0,2949.0,283.0,False,closed,38.0
VEL-01912,2020,workers_comp,B,300000.0,0,10000.0,1000000.0,30,7140.0,7920.0,5878.0,2042.0,False,closed,16.0
VEL-01913,2020,auto_liability,A,211000.0,0,5000.0,2000000.0,30,1069.0,1053.0,858.0,195.0,False,closed,20.0
VEL-01914,2020,cargo,A,188000.0,1,25000.0,2000000.0,30,11716.0,11463.0,11287.0,176.0,False,closed,35.0
VEL-01915,2020,auto_liability,D,241000.0,1,10000.0,1000000.0,30,4809.0,5058.0,4304.0,754.0,False,closed,4.0
VEL-01916,2020,workers_comp,B,145000.0,4,25000.0,1000000.0,30,33390.0,31738.0,32905.0,0.0,False,closed,38.0
VEL-01917,2020,physical_damage,B,287000.0,4,25000.0,1000000.0,30,28132.0,31086.0,25163.0,5923.0,False,closed,38.0
VEL-01918,2020,physical_damage,B,154000.0,4,25000.0,1000000.0,30,7568.0,8439.0,7014.0,1425.0,False,closed,15.0
VEL-01919,2020,physical_damage,B,306000.0,3,25000.0,1000000.0,30,17676.0,16031.0,15737.0,294.0,False,closed,18.0
VEL-01920,2020,auto_liability,A,197000.0,1,25000.0,2000000.0,30,10554.0,11417.0,9563.0,1854.0,False,closed,29.0
VEL-01921,2020,auto_liability,A,202000.0,0,10000.0,1000000.0,30,5356.0,5162.0,4561.0,601.0,False,closed,51.0
VEL-01922,2020,cargo,D,105000.0,1,10000.0,1000000.0,30,13505.0,13451.0,11050.0,2401.0,False,closed,25.0
VEL-01923,2020,physical_damage,A,87000.0,0,25000.0,2000000.0,30,17295.0,16325.0,15521.0,804.0,False,closed,22.0
VEL-01924,2020,physical_damage,C,85000.0,5,5000.0,1000000.0,30,16104.0,17406.0,14399.0,3007.0,False,closed,34.0
VEL-01925,2020,auto_liability,B,228000.0,1,5000.0,2000000.0,30,4863.0,5010.0,4508.0,502.0,False,closed,19.0
VEL-01926,2020,workers_comp,B,65000.0,1,25000.0,2000000.0,30,8710.0,9068.0,7150.0,1918.0,False,closed,11.0
VEL-01927,2020,physical_damage,D,346000.0,2,25000.0,2000000.0,30,11928.0,12585.0,10197.0,2388.0,False,closed,21.0
VEL-01928,2020,physical_damage,C,155000.0,1,25000.0,1000000.0,30,19854.0,19507.0,16308.0,3199.0,False,closed,48.0
VEL-01929,2020,auto_liability,C,95000.0,1,25000.0,2000000.0,30,11505.0,12540.0,9235.0,3305.0,False,closed,14.0
VEL-01930,2020,physical_damage,A,213000.0,1,25000.0,2000000.0,30,4167.0,3786.0,3551.0,235.0,False,closed,32.0
VEL-01931,2020,workers_comp,C,100000.0,2,10000.0,1000000.0,30,13892.0,14040.0,11440.0,2600.0,False,closed,21.0
VEL-01932,2020,cargo,B,184000.0,1,5000.0,1000000.0,30,11756.0,11803.0,9873.0,1930.0,True,closed,14.0
VEL-01933,2020,auto_liability,C,159000.0,0,5000.0,2000000.0,30,4993.0,5021.0,4557.0,464.0,False,closed,4.0
VEL-01934,2020,cargo,C,319000.0,0,25000.0,1000000.0,30,11856.0,12127.0,10750.0,1377.0,False,closed,65.0
VEL-01935,2020,cargo,A,277000.0,1,5000.0,2000000.0,30,4046.0,4238.0,3468.0,770.0,False,closed,14.0
VEL-01936,2020,auto_liability,C,282000.0,1,10000.0,1000000.0,30,3696.0,3557.0,2977.0,580.0,False,closed,6.0
VEL-01937,2020,cargo,B,145000.0,3,25000.0,2000000.0,30,12899.0,13156.0,12728.0,428.0,False,closed,49.0
VEL-01938,2020,workers_comp,A,327000.0,0,5000.0,1000000.0,30,12521.0,12186.0,12483.0,0.0,False,closed,27.0
VEL-01939,2020,physical_damage,B,174000.0,1,25000.0,1000000.0,30,6335.0,7079.0,5504.0,1575.0,False,closed,27.0
VEL-01940,2020,auto_liability,C,191000.0,1,10000.0,2000000.0,30,35260.0,38454.0,32521.0,5933.0,False,closed,18.0
VEL-01941,2020,auto_liability,A,223000.0,2,10000.0,1000000.0,30,4024.0,3630.0,3334.0,296.0,False,closed,25.0
VEL-01942,2020,workers_comp,B,206000.0,3,25000.0,2000000.0,30,21704.0,19834.0,20179.0,0.0,False,closed,39.0
VEL-01943,2020,physical_damage,B,96000.0,4,25000.0,1000000.0,30,9864.0,9534.0,8280.0,1254.0,False,closed,37.0
VEL-01944,2020,auto_liability,B,245000.0,2,10000.0,2000000.0,30,3910.0,4131.0,3537.0,594.0,False,closed,16.0
VEL-01945,2020,physical_damage,C,85000.0,2,10000.0,1000000.0,30,16381.0,18331.0,16197.0,2134.0,False,closed,70.0
VEL-01946,2020,cargo,C,226000.0,1,10000.0,2000000.0,30,29132.0,32084.0,27744.0,4340.0,False,closed,12.0
VEL-01947,2020,physical_damage,B,174000.0,1,5000.0,2000000.0,30,8071.0,7284.0,6918.0,366.0,False,closed,12.0
VEL-01948,2020,auto_liability,D,187000.0,5,5000.0,1000000.0,30,12199.0,11519.0,11880.0,0.0,False,closed,19.0
VEL-01949,2020,auto_liability,A,107000.0,0,25000.0,2000000.0,30,39231.0,43797.0,33689.0,10108.0,False,closed,18.0
VEL-01950,2020,auto_liability,B,290000.0,1,10000.0,1000000.0,30,2872.0,2878.0,2694.0,184.0,False,closed,26.0
VEL-01951,2020,cargo,B,168000.0,1,5000.0,2000000.0,30,8921.0,9203.0,7574.0,1629.0,False,closed,6.0
VEL-01952,2020,physical_damage,B,270000.0,2,5000.0,2000000.0,30,12337.0,12399.0,12020.0,379.0,False,closed,34.0
VEL-01953,2020,auto_liability,C,127000.0,1,5000.0,1000000.0,30,6859.0,6994.0,13024.347771901217,1319.0,False,closed,172.0
VEL-01954,2020,auto_liability,B,128000.0,1,10000.0,2000000.0,30,3031.0,2792.0,2554.0,238.0,False,closed,3.0
VEL-01955,2020,auto_liability,A,186000.0,1,25000.0,1000000.0,30,3189.0,3451.0,2962.0,489.0,False,closed,14.0
VEL-01956,2020,physical_damage,B,294000.0,0,10000.0,1000000.0,30,6733.0,6673.0,5445.0,1228.0,False,closed,42.0
VEL-01957,2020,physical_damage,A,96000.0,1,10000.0,2000000.0,30,5348.0,5460.0,5074.0,386.0,False,closed,18.0
VEL-01958,2020,auto_liability,C,137000.0,2,5000.0,1000000.0,30,7140.0,6932.0,6183.0,749.0,False,closed,120.0
VEL-01959,2020,physical_damage,C,142000.0,0,25000.0,2000000.0,30,32456.0,30680.0,31458.0,0.0,False,closed,32.0
VEL-01960,2020,auto_liability,A,159000.0,0,10000.0,1000000.0,30,5456.0,5213.0,4675.0,538.0,False,closed,38.0
VEL-01961,2020,auto_liability,C,145000.0,2,5000.0,2000000.0,30,5171.0,5160.0,4800.0,360.0,False,closed,33.0
VEL-01962,2020,auto_liability,A,301000.0,0,5000.0,2000000.0,30,7754.0,7233.0,7012.0,221.0,False,closed,25.0
VEL-01963,2020,physical_damage,C,253000.0,2,25000.0,1000000.0,30,15968.0,16856.0,15369.0,1487.0,False,closed,8.0
VEL-01964,2020,auto_liability,A,182000.0,0,25000.0,2000000.0,30,2060.0,1974.0,1766.0,208.0,False,closed,40.0
VEL-01965,2020,workers_comp,A,269000.0,2,10000.0,2000000.0,30,6656.0,7350.0,5368.0,1982.0,False,closed,2.0
VEL-01966,2020,physical_damage,B,294000.0,2,25000.0,2000000.0,30,3526.0,3847.0,3465.0,382.0,False,closed,25.0
VEL-01967,2020,auto_liability,B,135000.0,2,25000.0,2000000.0,30,7233.0,8013.0,6184.0,1829.0,False,closed,23.0
VEL-01968,2020,physical_damage,B,128000.0,1,10000.0,2000000.0,30,15371.0,15889.0,14910.0,979.0,False,closed,44.0
VEL-01969,2020,auto_liability,A,251000.0,2,5000.0,1000000.0,30,3902.0,4010.0,3387.0,623.0,False,closed,51.0
VEL-01970,2020,auto_liability,A,495000.0,0,10000.0,2000000.0,30,11685.0,11428.0,10102.0,1326.0,False,closed,17.0
VEL-01971,2020,auto_liability,B,58000.0,1,10000.0,1000000.0,30,3661.0,3321.0,3130.0,191.0,False,closed,35.0
VEL-01972,2020,auto_liability,B,134000.0,2,5000.0,2000000.0,30,4431.0,4755.0,4240.0,515.0,False,closed,21.0
VEL-01973,2020,auto_liability,D,262000.0,4,5000.0,2000000.0,30,7987.0,8282.0,6647.0,1635.0,False,closed,7.0
VEL-01974,2020,workers_comp,C,123000.0,1,5000.0,1000000.0,30,18063.0,17507.0,16915.0,592.0,False,closed,46.0
VEL-01975,2020,auto_liability,B,273000.0,1,5000.0,2000000.0,30,19631.0,20191.0,17595.0,2596.0,False,closed,26.0
VEL-01976,2020,physical_damage,B,201000.0,0,5000.0,2000000.0,30,3494.0,3827.0,3176.0,651.0,False,closed,4.0
VEL-01977,2020,physical_damage,C,99000.0,4,5000.0,1000000.0,30,15019.0,14104.0,14568.0,0.0,False,closed,14.0
VEL-01978,2020,auto_liability,B,145000.0,2,25000.0,1000000.0,30,5983.0,5512.0,4801.0,711.0,False,closed,24.0
VEL-01979,2020,auto_liability,B,215000.0,2,10000.0,1000000.0,30,13689.0,13614.0,12813.0,801.0,True,closed,20.0
VEL-01980,2020,physical_damage,B,118000.0,4,25000.0,2000000.0,30,2956.0,2813.0,2716.0,97.0,False,closed,33.0
VEL-01981,2020,physical_damage,C,239000.0,1,10000.0,2000000.0,30,4125.0,4562.0,3511.0,1051.0,False,closed,39.0
VEL-01982,2020,physical_damage,B,209000.0,0,25000.0,1000000.0,30,29030.0,31606.0,23302.0,8304.0,False,closed,18.0
VEL-01983,2020,physical_damage,A,156000.0,0,10000.0,2000000.0,30,16995.0,15767.0,16654.0,0.0,False,closed,3.0
VEL-01984,2020,physical_damage,B,217000.0,1,10000.0,1000000.0,30,18140.0,17704.0,16674.0,1030.0,False,closed,37.0
VEL-01985,2020,auto_liability,B,152000.0,0,10000.0,2000000.0,30,5151.0,5461.0,5148.0,313.0,False,closed,22.0
VEL-01986,2020,auto_liability,B,200000.0,2,25000.0,2000000.0,30,12535.0,12649.0,11486.0,1163.0,False,closed,7.0
VEL-01987,2020,physical_damage,A,112000.0,0,5000.0,1000000.0,30,6663.0,7379.0,5863.0,1516.0,False,closed,13.0
VEL-01988,2020,physical_damage,B,354000.0,4,10000.0,2000000.0,30,3568.0,3940.0,3304.0,636.0,False,closed,12.0
VEL-01989,2020,physical_damage,C,159000.0,1,25000.0,1000000.0,30,8892.0,8023.0,8818.0,0.0,False,closed,50.0
VEL-01990,2020,physical_damage,C,313000.0,0,25000.0,1000000.0,30,8073.0,8949.0,6780.0,2169.0,False,closed,16.0
VEL-01991,2020,workers_comp,A,500000.0,0,25000.0,2000000.0,30,4847.0,4493.0,4830.0,0.0,False,closed,39.0
VEL-01992,2020,cargo,B,383000.0,0,25000.0,2000000.0,30,6817.0,6411.0,5916.0,495.0,False,closed,27.0
VEL-01993,2020,physical_damage,C,179000.0,0,25000.0,1000000.0,30,5846.0,6214.0,5236.0,978.0,False,closed,25.0
VEL-01994,2020,auto_liability,A,194000.0,1,10000.0,2000000.0,30,6835.0,7167.0,6216.0,951.0,False,closed,18.0
VEL-01995,2020,auto_liability,B,177000.0,2,25000.0,1000000.0,30,11715.0,10924.0,9675.0,1249.0,False,closed,26.0
VEL-01996,2020,physical_damage,A,209000.0,1,10000.0,2000000.0,30,15252.0,16954.0,12970.0,3984.0,False,closed,40.0
VEL-01997,2020,cargo,B,122000.0,2,5000.0,1000000.0,30,23865.0,23984.0,20699.0,3285.0,False,closed,17.0
VEL-01998,2020,physical_damage,B,76000.0,1,25000.0,2000000.0,30,3619.0,3745.0,3116.0,629.0,False,closed,103.0
VEL-01999,2020,cargo,B,210000.0,0,10000.0,1000000.0,30,16110.0,15055.0,12985.0,2070.0,False,closed,29.0
VEL-02000,2020,auto_liability,B,185000.0,1,5000.0,2000000.0,30,10385.0,11314.0,9849.0,1465.0,False,closed,22.0
VEL-02001,2020,auto_liability,A,375000.0,1,25000.0,1000000.0,30,6297.0,6838.0,6146.0,692.0,False,closed,13.0
VEL-02002,2020,physical_damage,B,427000.0,1,10000.0,1000000.0,30,3974.0,3871.0,3401.0,470.0,False,closed,63.0
VEL-02003,2020,cargo,A,94000.0,0,5000.0,2000000.0,30,965.0,976.0,775.0,201.0,False,closed,32.0
VEL-02004,2020,auto_liability,D,116000.0,3,10000.0,2000000.0,30,9466.0,8623.0,8726.0,0.0,False,closed,15.0
VEL-02005,2020,workers_comp,A,261000.0,1,5000.0,2000000.0,30,5661.0,6155.0,5059.0,1096.0,False,closed,41.0
VEL-02006,2020,physical_damage,A,317000.0,0,10000.0,2000000.0,30,12922.0,12103.0,10633.0,1470.0,False,closed,15.0
VEL-02007,2020,auto_liability,A,192000.0,0,5000.0,2000000.0,30,1527.0,1648.0,1493.0,155.0,False,closed,30.0
VEL-02008,2020,physical_damage,A,186000.0,0,10000.0,1000000.0,30,9927.0,9276.0,9153.0,123.0,False,closed,40.0
VEL-02009,2020,workers_comp,B,75000.0,1,25000.0,2000000.0,30,9299.0,9363.0,8931.0,432.0,True,closed,36.0
VEL-02010,2020,workers_comp,A,538000.0,0,5000.0,2000000.0,30,3892.0,4295.0,3199.0,1096.0,False,closed,20.0
VEL-02011,2020,workers_comp,C,129000.0,5,25000.0,2000000.0,30,11206.0,10471.0,9911.0,560.0,False,closed,43.0
VEL-02012,2020,physical_damage,D,236000.0,3,25000.0,1000000.0,30,10707.0,10140.0,9926.0,214.0,False,closed,15.0
VEL-02013,2020,cargo,C,213000.0,2,10000.0,1000000.0,30,23824.0,23773.0,21054.0,2719.0,False,closed,40.0
VEL-02014,2020,auto_liability,B,118000.0,0,10000.0,1000000.0,30,10250.0,10692.0,9888.0,804.0,False,closed,36.0
VEL-02015,2020,cargo,A,272000.0,0,10000.0,1000000.0,30,21659.0,19651.0,21392.0,0.0,False,closed,14.0
VEL-02016,2020,physical_damage,A,362000.0,1,25000.0,2000000.0,30,11602.0,11490.0,11089.0,401.0,False,closed,18.0
VEL-02017,2020,auto_liability,C,176000.0,1,25000.0,2000000.0,30,4875.0,4658.0,4257.0,401.0,False,closed,10.0
VEL-02018,2020,auto_liability,A,193000.0,1,10000.0,1000000.0,30,3313.0,3156.0,2913.0,243.0,False,closed,38.0
VEL-02019,2020,auto_liability,D,247000.0,4,25000.0,2000000.0,30,9456.0,9024.0,8590.0,434.0,False,closed,35.0
VEL-02020,2020,physical_damage,C,288000.0,3,25000.0,1000000.0,30,7564.0,7881.0,6256.0,1625.0,False,closed,14.0
VEL-02021,2020,auto_liability,C,273000.0,2,10000.0,2000000.0,30,1989.0,2098.0,1836.0,262.0,False,closed,29.0
VEL-02022,2020,physical_damage,D,118000.0,3,25000.0,2000000.0,30,2552.0,2406.0,2423.0,0.0,False,closed,7.0
VEL-02023,2020,auto_liability,A,116000.0,0,10000.0,1000000.0,30,8135.0,7708.0,6639.0,1069.0,False,closed,37.0
VEL-02024,2020,auto_liability,A,139000.0,0,25000.0,2000000.0,30,5012.0,5374.0,4771.0,603.0,False,closed,62.0
VEL-02025,2020,auto_liability,B,50000.0,0,25000.0,2000000.0,30,24687.0,27458.0,22861.0,4597.0,False,closed,22.0
VEL-02026,2020,auto_liability,B,96000.0,1,25000.0,2000000.0,30,3830.0,3882.0,3616.0,266.0,False,closed,10.0
VEL-02027,2020,physical_damage,A,165000.0,0,10000.0,1000000.0,30,14339.0,15907.0,11905.0,4002.0,False,closed,23.0
VEL-02028,2020,physical_damage,B,131000.0,1,25000.0,1000000.0,30,8959.0,9287.0,8443.0,844.0,False,closed,5.0
VEL-02029,2020,auto_liability,A,121000.0,0,25000.0,1000000.0,30,6623.0,6369.0,5584.0,785.0,False,closed,9.0
VEL-02030,2020,auto_liability,B,275000.0,3,25000.0,1000000.0,30,5911.0,6571.0,5243.0,1328.0,False,closed,62.0
VEL-02031,2020,auto_liability,A,212000.0,0,5000.0,2000000.0,30,10530.0,9922.0,10281.0,0.0,False,closed,11.0
VEL-02032,2020,auto_liability,C,267000.0,2,10000.0,2000000.0,30,10088.0,11005.0,9498.0,1507.0,False,closed,40.0
VEL-02033,2020,physical_damage,C,167000.0,0,5000.0,2000000.0,30,6869.0,7540.0,6036.0,1504.0,False,closed,15.0
VEL-02034,2020,cargo,C,148000.0,3,25000.0,2000000.0,30,11770.0,11543.0,11567.0,0.0,False,closed,8.0
VEL-02035,2020,auto_liability,B,119000.0,1,25000.0,2000000.0,30,4719.0,4275.0,3886.0,389.0,False,closed,21.0
VEL-02036,2020,physical_damage,A,203000.0,1,5000.0,1000000.0,30,6970.0,7638.0,5761.0,1877.0,False,closed,7.0
VEL-02037,2020,physical_damage,C,76000.0,1,25000.0,1000000.0,30,11602.0,11738.0,11160.0,578.0,False,closed,6.0
VEL-02038,2020,auto_liability,B,119000.0,2,5000.0,2000000.0,30,4067.0,3969.0,3552.0,417.0,True,closed,13.0
VEL-02039,2020,workers_comp,A,239000.0,0,5000.0,1000000.0,30,6805.0,7012.0,6488.0,524.0,True,closed,5.0
VEL-02040,2020,auto_liability,A,271000.0,0,10000.0,2000000.0,30,4562.0,5049.0,3693.0,1356.0,False,closed,32.0
VEL-02041,2020,auto_liability,A,175000.0,1,25000.0,2000000.0,30,1212.0,1292.0,989.0,303.0,False,closed,23.0
VEL-02042,2020,auto_liability,B,104000.0,1,25000.0,1000000.0,30,7603.0,7867.0,6814.0,1053.0,False,closed,29.0
VEL-02043,2020,auto_liability,B,237000.0,0,25000.0,1000000.0,30,7417.0,8015.0,6544.0,1471.0,False,closed,21.0
VEL-02044,2020,physical_damage,B,127000.0,3,10000.0,2000000.0,30,779.0,804.0,728.0,76.0,False,closed,60.0
VEL-02045,2020,physical_damage,A,170000.0,0,25000.0,2000000.0,30,2883.0,2858.0,2622.0,236.0,False,closed,6.0
VEL-02046,2020,physical_damage,B,114000.0,2,25000.0,1000000.0,30,7876.0,8626.0,7725.0,901.0,False,closed,86.0
VEL-02047,2020,auto_liability,D,430000.0,1,10000.0,2000000.0,30,1543.0,1555.0,1236.0,319.0,False,closed,8.0
VEL-02048,2020,cargo,A,368000.0,0,10000.0,2000000.0,30,11825.0,12329.0,10469.0,1860.0,False,closed,14.0
VEL-02049,2020,auto_liability,C,120000.0,4,10000.0,2000000.0,30,14332.0,13833.0,13346.0,487.0,False,closed,32.0
VEL-02050,2020,physical_damage,A,103000.0,0,10000.0,2000000.0,30,9334.0,9856.0,7579.0,2277.0,False,closed,22.0
VEL-02051,2020,physical_damage,C,176000.0,2,25000.0,2000000.0,30,19831.0,21841.0,19410.0,2431.0,False,closed,18.0
VEL-02052,2020,auto_liability,B,243000.0,1,5000.0,1000000.0,30,5174.0,5088.0,4875.0,213.0,False,closed,40.0
VEL-02053,2020,auto_liability,C,328000.0,2,5000.0,2000000.0,30,12977.0,14023.0,11493.0,2530.0,True,closed,25.0
VEL-02054,2020,physical_damage,B,175000.0,3,25000.0,2000000.0,30,13516.0,15036.0,12495.0,2541.0,False,closed,18.0
VEL-02055,2020,auto_liability,B,100000.0,1,10000.0,2000000.0,30,5085.0,5259.0,4339.0,920.0,False,closed,66.0
VEL-02056,2020,auto_liability,C,208000.0,0,10000.0,2000000.0,30,7292.0,7206.0,6534.0,672.0,False,closed,83.0
VEL-02057,2020,workers_comp,B,205000.0,0,25000.0,2000000.0,30,3663.0,3589.0,3059.0,530.0,False,closed,16.0
VEL-02058,2020,auto_liability,D,84000.0,1,5000.0,1000000.0,30,3022.0,2761.0,2447.0,314.0,False,closed,17.0
VEL-02059,2020,auto_liability,C,159000.0,0,25000.0,2000000.0,30,14561.0,14292.0,12232.0,2060.0,False,closed,38.0
VEL-02060,2020,auto_liability,A,156000.0,0,5000.0,2000000.0,30,9972.0,9712.0,9512.0,200.0,False,closed,22.0
VEL-02061,2020,auto_liability,C,113000.0,0,5000.0,1000000.0,30,3689.0,3588.0,3192.0,396.0,False,closed,22.0
VEL-02062,2020,workers_comp,B,200000.0,2,10000.0,2000000.0,30,4042.0,3993.0,9250.156905417813,203.0,False,closed,210.0
VEL-02063,2020,auto_liability,D,298000.0,0,5000.0,2000000.0,30,1879.0,1796.0,1841.0,0.0,False,closed,40.0
VEL-02064,2020,physical_damage,B,292000.0,2,10000.0,1000000.0,30,18986.0,20367.0,15770.0,4597.0,False,closed,29.0
VEL-02065,2020,physical_damage,B,118000.0,0,5000.0,1000000.0,30,10312.0,10420.0,9734.0,686.0,False,closed,70.0
VEL-02066,2020,workers_comp,B,136000.0,1,25000.0,2000000.0,30,53574.0,57170.0,47589.0,9581.0,False,closed,29.0
VEL-02067,2020,workers_comp,A,251000.0,0,5000.0,1000000.0,30,27110.0,25052.0,25157.0,0.0,False,closed,10.0
VEL-02068,2020,auto_liability,B,154000.0,1,5000.0,1000000.0,30,25656.0,28106.0,25235.0,2871.0,False,closed,44.0
VEL-02069,2020,physical_damage,C,152000.0,1,5000.0,1000000.0,30,18180.0,17297.0,17395.0,0.0,False,closed,24.0
VEL-02070,2020,auto_liability,A,516000.0,0,5000.0,2000000.0,30,2995.0,2891.0,2891.0,0.0,False,closed,11.0
VEL-02071,2020,physical_damage,B,53000.0,2,5000.0,1000000.0,30,6171.0,6483.0,5141.0,1342.0,False,closed,13.0
VEL-02072,2020,auto_liability,C,132000.0,3,5000.0,2000000.0,30,15700.0,16915.0,39290.73975132047,1774.0,False,closed,266.0
VEL-02073,2020,auto_liability,C,121000.0,1,5000.0,2000000.0,30,2330.0,2439.0,2317.0,122.0,False,closed,10.0
VEL-02074,2020,cargo,A,176000.0,1,25000.0,2000000.0,30,12997.0,13269.0,12844.0,425.0,False,closed,33.0
VEL-02075,2020,workers_comp,A,407000.0,0,5000.0,2000000.0,30,7638.0,7295.0,7332.0,0.0,False,closed,42.0
VEL-02076,2020,physical_damage,C,168000.0,0,10000.0,2000000.0,30,25581.0,23754.0,24745.0,0.0,False,closed,62.0
VEL-02077,2020,cargo,C,157000.0,2,10000.0,2000000.0,30,8309.0,7986.0,7585.0,401.0,False,closed,39.0
VEL-02078,2020,workers_comp,A,194000.0,0,5000.0,1000000.0,30,5999.0,5675.0,5925.0,0.0,False,closed,14.0
VEL-02079,2020,auto_liability,A,156000.0,2,5000.0,1000000.0,30,9359.0,9545.0,8881.0,664.0,False,closed,19.0
VEL-02080,2020,cargo,A,216000.0,0,10000.0,1000000.0,30,751.0,795.0,615.0,180.0,False,closed,26.0
VEL-02081,2020,physical_damage,D,606000.0,2,25000.0,2000000.0,30,26411.0,27648.0,23064.0,4584.0,False,closed,21.0
VEL-02082,2020,physical_damage,D,130000.0,2,5000.0,2000000.0,30,14779.0,14113.0,12159.0,1954.0,False,closed,6.0
VEL-02083,2020,auto_liability,A,163000.0,0,10000.0,2000000.0,30,2901.0,2954.0,2855.0,99.0,False,closed,14.0
VEL-02084,2020,auto_liability,B,174000.0,2,5000.0,2000000.0,30,9161.0,10070.0,7337.0,2733.0,False,closed,27.0
VEL-02085,2020,auto_liability,A,66000.0,0,25000.0,2000000.0,30,3162.0,3238.0,2846.0,392.0,False,closed,10.0
VEL-02086,2020,physical_damage,B,240000.0,0,25000.0,1000000.0,30,12712.0,11993.0,11966.0,27.0,False,closed,10.0
VEL-02087,2020,auto_liability,B,175000.0,1,25000.0,1000000.0,30,5951.0,6421.0,5257.0,1164.0,False,closed,74.0
VEL-02088,2020,workers_comp,B,71000.0,3,5000.0,2000000.0,30,22448.0,21688.0,22074.0,0.0,False,closed,39.0
VEL-02089,2020,cargo,B,158000.0,2,5000.0,2000000.0,30,5034.0,5548.0,4373.0,1175.0,False,closed,26.0
VEL-02090,2020,auto_liability,B,195000.0,1,25000.0,2000000.0,30,3345.0,3559.0,2931.0,628.0,False,closed,11.0
VEL-02091,2020,auto_liability,B,117000.0,0,10000.0,1000000.0,30,22254.0,20899.0,18854.0,2045.0,False,closed,15.0
VEL-02092,2020,auto_liability,D,303000.0,1,25000.0,1000000.0,30,10453.0,9624.0,16141.8745184503,0.0,False,closed,290.0
VEL-02093,2020,auto_liability,A,136000.0,3,5000.0,2000000.0,30,3966.0,3833.0,3667.0,166.0,False,closed,25.0
VEL-02094,2020,cargo,A,88000.0,1,5000.0,1000000.0,30,4269.0,4730.0,4044.0,686.0,False,closed,32.0
VEL-02095,2020,auto_liability,C,264000.0,1,10000.0,2000000.0,30,4579.0,5112.0,4212.0,900.0,False,closed,7.0
VEL-02096,2020,physical_damage,B,169000.0,1,5000.0,1000000.0,30,9458.0,9676.0,8365.0,1311.0,False,closed,5.0
VEL-02097,2020,physical_damage,A,192000.0,2,10000.0,2000000.0,30,2608.0,2434.0,2092.0,342.0,False,closed,22.0
VEL-02098,2020,workers_comp,C,83000.0,1,10000.0,2000000.0,30,14979.0,15111.0,14262.0,849.0,False,closed,10.0
VEL-02099,2020,physical_damage,B,93000.0,3,10000.0,1000000.0,30,6520.0,7107.0,6463.0,644.0,False,closed,9.0
VEL-02100,2020,auto_liability,C,111000.0,2,5000.0,1000000.0,30,1549.0,1589.0,1304.0,285.0,False,closed,15.0
VEL-02101,2020,physical_damage,A,167000.0,0,10000.0,1000000.0,30,6528.0,5994.0,6066.0,0.0,False,closed,34.0
VEL-02102,2020,auto_liability,C,169000.0,2,25000.0,2000000.0,30,16985.0,17284.0,15735.0,1549.0,False,closed,6.0
VEL-02103,2020,auto_liability,A,348000.0,0,25000.0,2000000.0,30,3269.0,3653.0,2647.0,1006.0,False,closed,42.0
VEL-02104,2020,cargo,C,375000.0,3,10000.0,1000000.0,30,10699.0,9838.0,9734.0,104.0,True,closed,15.0
VEL-02105,2020,auto_liability,B,192000.0,0,25000.0,2000000.0,30,6729.0,6446.0,6283.0,163.0,False,closed,62.0
VEL-02106,2020,auto_liability,C,172000.0,2,25000.0,1000000.0,30,4298.0,4644.0,4143.0,501.0,False,closed,19.0
VEL-02107,2020,cargo,C,445000.0,2,25000.0,1000000.0,30,3381.0,3582.0,3065.0,517.0,False,closed,0.0
VEL-02108,2020,cargo,C,185000.0,1,25000.0,2000000.0,30,12848.0,14195.0,10288.0,3907.0,False,closed,3.0
VEL-02109,2020,auto_liability,C,292000.0,1,25000.0,2000000.0,30,4833.0,4496.0,10307.090338190214,122.0,False,closed,328.0
VEL-02110,2020,cargo,C,143000.0,1,10000.0,2000000.0,30,7719.0,7824.0,7635.0,189.0,False,closed,14.0
VEL-02111,2020,physical_damage,C,171000.0,2,25000.0,2000000.0,30,27434.0,28032.0,24878.0,3154.0,False,closed,53.0
VEL-02112,2020,physical_damage,C,158000.0,4,25000.0,1000000.0,30,10494.0,10794.0,9759.0,1035.0,False,closed,16.0
VEL-02113,2020,physical_damage,A,129000.0,0,10000.0,2000000.0,30,3694.0,3447.0,2964.0,483.0,False,closed,15.0
VEL-02114,2020,auto_liability,B,215000.0,2,25000.0,1000000.0,30,3301.0,3455.0,3186.0,269.0,False,closed,69.0
VEL-02115,2020,workers_comp,C,121000.0,2,25000.0,2000000.0,30,51186.0,56729.0,44665.0,12064.0,False,closed,10.0
VEL-02116,2020,auto_liability,A,171000.0,2,5000.0,1000000.0,30,8335.0,8098.0,6825.0,1273.0,False,closed,9.0
VEL-02117,2020,auto_liability,A,219000.0,2,5000.0,2000000.0,30,1189.0,1317.0,1158.0,159.0,False,closed,5.0
VEL-02118,2020,physical_damage,C,493000.0,1,5000.0,2000000.0,30,15225.0,15468.0,13133.0,2335.0,False,closed,27.0
VEL-02119,2020,auto_liability,C,73000.0,1,5000.0,2000000.0,30,4649.0,4983.0,4542.0,441.0,True,closed,20.0
VEL-02120,2020,cargo,C,187000.0,0,10000.0,1000000.0,30,8090.0,8577.0,7002.0,1575.0,False,closed,9.0
VEL-02121,2020,cargo,B,246000.0,3,25000.0,1000000.0,30,23923.0,25868.0,20099.0,5769.0,False,closed,31.0
VEL-02122,2020,auto_liability,B,153000.0,3,5000.0,1000000.0,30,9489.0,10370.0,9428.0,942.0,False,closed,9.0
VEL-02123,2020,auto_liability,A,273000.0,1,5000.0,1000000.0,30,2393.0,2423.0,1923.0,500.0,False,closed,7.0
VEL-02124,2020,physical_damage,B,232000.0,0,10000.0,1000000.0,30,7800.0,7426.0,6950.0,476.0,False,closed,10.0
VEL-02125,2020,auto_liability,A,227000.0,2,10000.0,1000000.0,30,7322.0,7046.0,6785.0,261.0,False,closed,18.0
VEL-02126,2020,workers_comp,B,147000.0,1,25000.0,1000000.0,30,11572.0,10856.0,11443.0,0.0,False,closed,42.0
VEL-02127,2020,auto_liability,B,162000.0,2,10000.0,1000000.0,30,7563.0,6858.0,6894.0,0.0,False,closed,11.0
VEL-02128,2020,physical_damage,B,161000.0,1,10000.0,1000000.0,30,4678.0,5208.0,4173.0,1035.0,False,closed,40.0
VEL-02129,2020,workers_comp,D,112000.0,2,5000.0,1000000.0,30,49936.0,52145.0,42498.0,9647.0,False,closed,7.0
VEL-02130,2020,workers_comp,C,196000.0,1,10000.0,2000000.0,30,46132.0,44374.0,39619.0,4755.0,False,closed,68.0
VEL-02131,2020,auto_liability,B,109000.0,1,25000.0,2000000.0,30,3370.0,3302.0,2881.0,421.0,False,closed,18.0
VEL-02132,2020,physical_damage,A,115000.0,0,10000.0,1000000.0,30,2224.0,2101.0,1994.0,107.0,False,closed,7.0
VEL-02133,2020,physical_damage,A,93000.0,1,25000.0,2000000.0,30,4540.0,5035.0,3698.0,1337.0,False,closed,18.0
VEL-02134,2020,cargo,A,304000.0,0,10000.0,1000000.0,30,16166.0,17871.0,15586.0,2285.0,False,closed,46.0
VEL-02135,2020,cargo,A,137000.0,2,25000.0,1000000.0,30,9842.0,9679.0,19251.948759581574,27.0,False,closed,147.0
VEL-02136,2020,cargo,B,118000.0,2,5000.0,1000000.0,30,9871.0,10892.0,8662.0,2230.0,False,closed,4.0
VEL-02137,2020,physical_damage,A,263000.0,0,5000.0,2000000.0,30,7427.0,6875.0,6920.0,0.0,False,closed,6.0
VEL-02138,2020,cargo,A,147000.0,0,25000.0,2000000.0,30,2767.0,2921.0,2749.0,172.0,False,closed,11.0
VEL-02139,2020,cargo,D,211000.0,4,10000.0,1000000.0,30,14846.0,14203.0,14231.0,0.0,False,closed,60.0
VEL-02140,2020,auto_liability,B,165000.0,1,5000.0,1000000.0,30,5125.0,5641.0,4601.0,1040.0,False,closed,31.0
VEL-02141,2020,workers_comp,A,214000.0,1,25000.0,2000000.0,30,6439.0,5935.0,5252.0,683.0,True,closed,47.0
VEL-02142,2020,auto_liability,C,197000.0,1,5000.0,1000000.0,30,12275.0,12077.0,10804.0,1273.0,False,closed,46.0
VEL-02143,2020,auto_liability,B,64000.0,2,5000.0,2000000.0,30,3381.0,3596.0,2877.0,719.0,False,closed,8.0
VEL-02144,2020,auto_liability,D,362000.0,3,5000.0,2000000.0,30,5105.0,4798.0,4161.0,637.0,False,closed,47.0
VEL-02145,2020,physical_damage,B,290000.0,0,25000.0,1000000.0,30,13405.0,14032.0,11025.0,3007.0,False,closed,18.0
VEL-02146,2020,auto_liability,B,90000.0,0,25000.0,2000000.0,30,8924.0,9416.0,8045.0,1371.0,False,closed,60.0
VEL-02147,2020,physical_damage,C,275000.0,1,5000.0,2000000.0,30,10210.0,11137.0,9637.0,1500.0,False,closed,42.0
VEL-02148,2020,cargo,A,161000.0,1,25000.0,1000000.0,30,10028.0,11175.0,8100.0,3075.0,False,closed,9.0
VEL-02149,2020,auto_liability,B,190000.0,1,10000.0,2000000.0,30,7439.0,6943.0,6334.0,609.0,False,closed,21.0
VEL-02150,2020,auto_liability,C,332000.0,3,5000.0,1000000.0,30,8727.0,8217.0,7118.0,1099.0,False,closed,47.0
VEL-02151,2020,cargo,A,289000.0,2,5000.0,2000000.0,30,4030.0,3925.0,3790.0,135.0,False,closed,13.0
VEL-02152,2020,auto_liability,B,287000.0,2,10000.0,1000000.0,30,10396.0,10578.0,9740.0,838.0,False,closed,16.0
VEL-02153,2020,workers_comp,B,468000.0,0,5000.0,2000000.0,30,57757.0,62420.0,48486.0,13934.0,False,closed,8.0
VEL-02154,2020,cargo,A,302000.0,1,25000.0,1000000.0,30,11273.0,12313.0,10629.0,1684.0,False,closed,12.0
VEL-02155,2020,auto_liability,A,135000.0,1,25000.0,1000000.0,30,3724.0,4129.0,9717.891869804002,799.0,False,closed,327.0
VEL-02156,2020,physical_damage,D,98000.0,1,10000.0,2000000.0,30,28632.0,27481.0,27915.0,0.0,False,closed,10.0
VEL-02157,2020,cargo,D,268000.0,3,10000.0,2000000.0,30,24675.0,24953.0,24003.0,950.0,False,closed,6.0
VEL-02158,2020,workers_comp,D,80000.0,0,10000.0,1000000.0,30,10762.0,12037.0,10431.0,1606.0,False,closed,44.0
VEL-02159,2020,workers_comp,A,152000.0,2,5000.0,2000000.0,30,9663.0,9855.0,9133.0,722.0,False,closed,12.0
VEL-02160,2020,physical_damage,B,152000.0,1,10000.0,2000000.0,30,5144.0,5481.0,5140.0,341.0,False,closed,34.0
VEL-02161,2020,physical_damage,B,129000.0,0,10000.0,2000000.0,30,17172.0,18549.0,15851.0,2698.0,False,closed,20.0
VEL-02162,2020,auto_liability,A,343000.0,0,25000.0,1000000.0,30,1692.0,1602.0,1583.0,19.0,True,closed,46.0
VEL-02163,2020,workers_comp,C,210000.0,1,10000.0,1000000.0,30,39857.0,41627.0,32371.0,9256.0,False,closed,5.0
VEL-02164,2020,auto_liability,A,162000.0,2,25000.0,2000000.0,30,2729.0,2656.0,2460.0,196.0,False,closed,7.0
VEL-02165,2020,auto_liability,C,276000.0,3,10000.0,1000000.0,30,8488.0,8586.0,8041.0,545.0,False,closed,6.0
VEL-02166,2020,cargo,A,148000.0,2,25000.0,1000000.0,30,6081.0,6774.0,5885.0,889.0,False,closed,18.0
VEL-02167,2020,cargo,D,319000.0,0,25000.0,1000000.0,30,20532.0,19945.0,16968.0,2977.0,False,closed,25.0
VEL-02168,2020,physical_damage,C,476000.0,1,5000.0,2000000.0,30,23226.0,25405.0,23054.0,2351.0,False,closed,13.0
VEL-02169,2020,physical_damage,B,169000.0,0,10000.0,2000000.0,30,12732.0,13305.0,10932.0,2373.0,False,closed,17.0
VEL-02170,2020,workers_comp,B,166000.0,0,10000.0,1000000.0,30,5081.0,4578.0,4243.0,335.0,False,closed,37.0
VEL-02171,2020,physical_damage,B,311000.0,1,25000.0,2000000.0,30,6532.0,6093.0,5250.0,843.0,False,closed,3.0
VEL-02172,2020,auto_liability,A,71000.0,1,10000.0,1000000.0,30,5035.0,5087.0,4337.0,750.0,False,closed,38.0
VEL-02173,2020,workers_comp,C,99000.0,1,5000.0,1000000.0,30,63969.0,67192.0,61857.0,5335.0,False,closed,18.0
VEL-02174,2020,workers_comp,C,110000.0,4,5000.0,1000000.0,30,10542.0,11514.0,9510.0,2004.0,True,closed,10.0
VEL-02175,2020,workers_comp,C,83000.0,0,5000.0,2000000.0,30,11468.0,11307.0,9247.0,2060.0,False,closed,20.0
VEL-02176,2020,auto_liability,D,180000.0,2,10000.0,1000000.0,30,4626.0,4607.0,4078.0,529.0,False,closed,20.0
VEL-02177,2020,auto_liability,B,207000.0,0,5000.0,2000000.0,30,5340.0,5901.0,4792.0,1109.0,False,closed,10.0
VEL-02178,2020,auto_liability,B,177000.0,2,25000.0,1000000.0,30,9138.0,8443.0,8711.0,0.0,False,closed,25.0
VEL-02179,2020,physical_damage,C,177000.0,1,10000.0,2000000.0,30,4596.0,4712.0,7550.249125464324,444.0,False,closed,230.0
VEL-02180,2020,workers_comp,B,278000.0,0,10000.0,1000000.0,30,36561.0,39157.0,30963.0,8194.0,False,closed,32.0
VEL-02181,2020,physical_damage,C,300000.0,0,25000.0,1000000.0,30,25083.0,24231.0,23538.0,693.0,False,closed,8.0
VEL-02182,2020,auto_liability,A,325000.0,2,25000.0,1000000.0,30,8344.0,9120.0,7635.0,1485.0,False,closed,15.0
VEL-02183,2020,auto_liability,B,168000.0,1,25000.0,2000000.0,30,8895.0,9306.0,7249.0,2057.0,False,closed,14.0
VEL-02184,2021,physical_damage,A,143000.0,2,5000.0,2000000.0,30,8675.0,8646.0,7989.0,657.0,False,closed,12.0
VEL-02185,2021,physical_damage,C,525000.0,2,25000.0,1000000.0,30,22566.0,20348.0,20759.0,0.0,False,closed,79.0
VEL-02186,2021,auto_liability,D,187000.0,1,10000.0,2000000.0,30,5756.0,6327.0,5441.0,886.0,False,closed,40.0
VEL-02187,2021,auto_liability,B,70000.0,0,10000.0,1000000.0,30,8072.0,8115.0,7479.0,636.0,False,closed,5.0
VEL-02188,2021,auto_liability,B,309000.0,1,10000.0,1000000.0,30,3414.0,3202.0,2887.0,315.0,False,closed,12.0
VEL-02189,2021,cargo,A,333000.0,2,5000.0,2000000.0,30,2688.0,2614.0,2319.0,295.0,False,closed,15.0
VEL-02190,2021,cargo,A,124000.0,0,10000.0,2000000.0,30,1897.0,1949.0,1594.0,355.0,False,closed,16.0
VEL-02191,2021,physical_damage,C,195000.0,3,5000.0,2000000.0,30,16083.0,17125.0,14301.0,2824.0,False,closed,34.0
VEL-02192,2021,cargo,A,185000.0,0,5000.0,1000000.0,30,6181.0,6481.0,5935.0,546.0,False,closed,20.0
VEL-02193,2021,physical_damage,A,126000.0,2,10000.0,2000000.0,30,5786.0,5650.0,5460.0,190.0,False,closed,42.0
VEL-02194,2021,workers_comp,B,193000.0,3,25000.0,1000000.0,30,3536.0,3629.0,2903.0,726.0,False,closed,29.0
VEL-02195,2021,auto_liability,B,84000.0,3,5000.0,1000000.0,30,18893.0,17857.0,16141.0,1716.0,False,closed,14.0
VEL-02196,2021,physical_damage,C,221000.0,1,10000.0,2000000.0,30,5940.0,5965.0,5576.0,389.0,False,closed,25.0
VEL-02197,2021,cargo,C,303000.0,2,25000.0,2000000.0,30,3066.0,3103.0,2768.0,335.0,False,closed,11.0
VEL-02198,2021,auto_liability,A,121000.0,2,5000.0,1000000.0,30,1555.0,1570.0,1431.0,139.0,False,closed,27.0
VEL-02199,2021,physical_damage,B,257000.0,1,10000.0,2000000.0,30,4728.0,5268.0,4410.0,858.0,False,closed,15.0
VEL-02200,2021,cargo,A,270000.0,0,25000.0,2000000.0,30,16621.0,16285.0,15577.0,708.0,False,closed,12.0
VEL-02201,2021,auto_liability,C,244000.0,3,5000.0,2000000.0,30,8986.0,9388.0,7614.0,1774.0,False,closed,26.0
VEL-02202,2021,auto_liability,C,378000.0,4,25000.0,2000000.0,30,9317.0,8758.0,8782.0,0.0,False,closed,0.0
VEL-02203,2021,physical_damage,B,184000.0,2,25000.0,1000000.0,30,4427.0,4491.0,3740.0,751.0,False,closed,60.0
VEL-02204,2021,physical_damage,A,126000.0,0,10000.0,1000000.0,30,11570.0,11550.0,10159.0,1391.0,False,closed,5.0
VEL-02205,2021,auto_liability,B,273000.0,1,5000.0,2000000.0,30,5112.0,4965.0,4375.0,590.0,False,closed,28.0
VEL-02206,2021,auto_liability,C,239000.0,2,5000.0,1000000.0,30,14194.0,15268.0,29741.60745956405,3387.0,False,closed,149.0
VEL-02207,2021,physical_damage,C,63000.0,1,25000.0,2000000.0,30,4991.0,4647.0,4282.0,365.0,False,closed,31.0
VEL-02208,2021,workers_comp,A,190000.0,2,5000.0,1000000.0,30,6055.0,6020.0,4923.0,1097.0,False,closed,29.0
VEL-02209,2021,physical_damage,B,126000.0,2,5000.0,2000000.0,30,3862.0,3605.0,3811.0,0.0,False,closed,21.0
VEL-02210,2021,auto_liability,C,152000.0,2,5000.0,2000000.0,30,3926.0,3980.0,3442.0,538.0,False,closed,16.0
VEL-02211,2021,auto_liability,B,192000.0,0,5000.0,1000000.0,30,2754.0,2879.0,2729.0,150.0,False,closed,33.0
VEL-02212,2021,auto_liability,B,393000.0,0,5000.0,2000000.0,30,7708.0,8466.0,6509.0,1957.0,False,closed,18.0
VEL-02213,2021,auto_liability,B,226000.0,4,25000.0,2000000.0,30,3722.0,3870.0,3271.0,599.0,False,closed,63.0
VEL-02214,2021,cargo,A,131000.0,3,5000.0,1000000.0,30,2435.0,2659.0,2405.0,254.0,False,closed,11.0
VEL-02215,2021,cargo,C,138000.0,2,10000.0,2000000.0,30,8344.0,8192.0,7110.0,1082.0,False,closed,4.0
VEL-02216,2021,physical_damage,B,203000.0,1,5000.0,2000000.0,30,4401.0,4861.0,3888.0,973.0,False,closed,47.0
VEL-02217,2021,workers_comp,A,224000.0,1,25000.0,1000000.0,30,2685.0,2650.0,2432.0,218.0,False,closed,18.0
VEL-02218,2021,cargo,A,711000.0,0,25000.0,2000000.0,30,8905.0,9890.0,7414.0,2476.0,False,closed,23.0
VEL-02219,2021,cargo,D,114000.0,3,25000.0,1000000.0,30,16043.0,15616.0,15035.0,581.0,False,closed,5.0
VEL-02220,2021,workers_comp,A,138000.0,0,5000.0,2000000.0,30,9513.0,10015.0,8539.0,1476.0,True,closed,11.0
VEL-02221,2021,workers_comp,B,297000.0,1,10000.0,1000000.0,30,36159.0,35263.0,32609.0,2654.0,False,closed,15.0
VEL-02222,2021,auto_liability,A,154000.0,0,10000.0,1000000.0,30,1328.0,1304.0,1277.0,27.0,False,closed,23.0
VEL-02223,2021,physical_damage,C,201000.0,1,5000.0,1000000.0,30,14700.0,15251.0,11966.0,3285.0,False,closed,27.0
VEL-02224,2021,workers_comp,B,82000.0,1,25000.0,2000000.0,30,14510.0,15712.0,14354.0,1358.0,False,closed,44.0
VEL-02225,2021,physical_damage,B,81000.0,1,10000.0,2000000.0,30,3510.0,3273.0,3060.0,213.0,False,closed,31.0
VEL-02226,2021,physical_damage,C,258000.0,2,5000.0,1000000.0,30,24128.0,22076.0,23252.0,0.0,False,closed,18.0
VEL-02227,2021,physical_damage,A,111000.0,3,10000.0,1000000.0,30,2473.0,2447.0,2312.0,135.0,False,closed,32.0
VEL-02228,2021,auto_liability,B,268000.0,5,5000.0,1000000.0,30,5928.0,6201.0,5640.0,561.0,False,closed,26.0
VEL-02229,2021,cargo,D,144000.0,4,25000.0,1000000.0,30,22573.0,23714.0,20966.0,2748.0,False,closed,13.0
VEL-02230,2021,physical_damage,C,214000.0,0,10000.0,1000000.0,30,6986.0,7693.0,6663.0,1030.0,True,closed,11.0
VEL-02231,2021,auto_liability,C,331000.0,1,5000.0,1000000.0,30,3789.0,4231.0,3593.0,638.0,False,closed,29.0
VEL-02232,2021,physical_damage,A,123000.0,0,10000.0,1000000.0,30,12098.0,12127.0,10196.0,1931.0,False,closed,22.0
VEL-02233,2021,cargo,B,124000.0,0,5000.0,1000000.0,30,23323.0,25821.0,22672.0,3149.0,False,closed,32.0
VEL-02234,2021,physical_damage,A,324000.0,1,10000.0,1000000.0,30,4150.0,4610.0,3443.0,1167.0,False,closed,12.0
VEL-02235,2021,auto_liability,D,185000.0,1,25000.0,1000000.0,30,20927.0,21014.0,17386.0,3628.0,False,closed,11.0
VEL-02236,2021,auto_liability,A,170000.0,0,5000.0,1000000.0,30,5496.0,5509.0,4622.0,887.0,False,closed,21.0
VEL-02237,2021,auto_liability,A,286000.0,1,10000.0,1000000.0,30,1763.0,1717.0,1575.0,142.0,False,closed,21.0
VEL-02238,2021,auto_liability,A,112000.0,2,25000.0,1000000.0,30,7837.0,8443.0,7727.0,716.0,False,closed,14.0
VEL-02239,2021,auto_liability,B,180000.0,0,5000.0,2000000.0,30,4846.0,5016.0,3994.0,1022.0,False,closed,20.0
VEL-02240,2021,cargo,C,98000.0,2,5000.0,1000000.0,30,8574.0,8472.0,8545.0,0.0,False,closed,5.0
VEL-02241,2021,physical_damage,B,94000.0,1,5000.0,1000000.0,30,10139.0,9722.0,8344.0,1378.0,False,closed,24.0
VEL-02242,2021,physical_damage,B,253000.0,6,10000.0,1000000.0,30,9981.0,10419.0,8956.0,1463.0,False,closed,7.0
VEL-02243,2021,physical_damage,A,334000.0,2,5000.0,2000000.0,30,3448.0,3219.0,5907.94510564499,220.0,False,closed,296.0
VEL-02244,2021,auto_liability,B,201000.0,2,5000.0,2000000.0,30,3494.0,3836.0,3277.0,559.0,False,closed,17.0
VEL-02245,2021,auto_liability,C,88000.0,3,5000.0,2000000.0,30,10563.0,11755.0,9691.0,2064.0,False,closed,3.0
VEL-02246,2021,workers_comp,A,171000.0,1,10000.0,2000000.0,30,17537.0,17802.0,14906.0,2896.0,False,closed,15.0
VEL-02247,2021,physical_damage,C,215000.0,0,10000.0,2000000.0,30,35211.0,37353.0,31870.0,5483.0,False,closed,27.0
VEL-02248,2021,auto_liability,B,180000.0,2,5000.0,1000000.0,30,5182.0,5048.0,4611.0,437.0,False,closed,42.0
VEL-02249,2021,cargo,B,326000.0,1,10000.0,1000000.0,30,11237.0,12312.0,9563.0,2749.0,False,closed,24.0
VEL-02250,2021,physical_damage,C,121000.0,0,25000.0,2000000.0,30,5160.0,5304.0,4358.0,946.0,False,closed,31.0
VEL-02251,2021,cargo,A,213000.0,2,10000.0,2000000.0,30,36594.0,33198.0,30705.0,2493.0,False,closed,29.0
VEL-02252,2021,cargo,B,153000.0,2,5000.0,1000000.0,30,12091.0,11325.0,9773.0,1552.0,False,closed,27.0
VEL-02253,2021,cargo,B,175000.0,3,25000.0,1000000.0,30,14252.0,15284.0,11752.0,3532.0,False,closed,27.0
VEL-02254,2021,physical_damage,B,154000.0,1,5000.0,1000000.0,30,20564.0,21751.0,16848.0,4903.0,False,closed,2.0
VEL-02255,2021,auto_liability,B,233000.0,1,25000.0,2000000.0,30,9454.0,9725.0,8121.0,1604.0,True,closed,62.0
VEL-02256,2021,auto_liability,B,100000.0,1,10000.0,2000000.0,30,3048.0,3220.0,2505.0,715.0,False,closed,39.0
VEL-02257,2021,auto_liability,A,157000.0,3,25000.0,1000000.0,30,3498.0,3509.0,3266.0,243.0,False,closed,7.0
VEL-02258,2021,physical_damage,D,216000.0,2,5000.0,2000000.0,30,27692.0,30483.0,26150.0,4333.0,False,closed,28.0
VEL-02259,2021,workers_comp,A,280000.0,2,5000.0,1000000.0,30,13087.0,14236.0,13049.0,1187.0,False,closed,21.0
VEL-02260,2021,cargo,C,311000.0,1,5000.0,2000000.0,30,8482.0,8097.0,8280.0,0.0,False,closed,52.0
VEL-02261,2021,physical_damage,A,200000.0,1,5000.0,1000000.0,30,5363.0,5324.0,5042.0,282.0,False,closed,25.0
VEL-02262,2021,physical_damage,A,321000.0,0,10000.0,2000000.0,30,14328.0,13093.0,27207.852576679983,0.0,False,closed,150.0
VEL-02263,2021,auto_liability,C,343000.0,1,5000.0,2000000.0,30,2685.0,2981.0,2613.0,368.0,True,closed,27.0
VEL-02264,2021,cargo,B,171000.0,0,10000.0,1000000.0,30,9017.0,8412.0,8808.0,0.0,False,closed,18.0
VEL-02265,2021,auto_liability,B,485000.0,1,5000.0,2000000.0,30,12758.0,13125.0,10275.0,2850.0,False,closed,55.0
VEL-02266,2021,auto_liability,B,390000.0,1,25000.0,2000000.0,30,11974.0,12648.0,11503.0,1145.0,False,closed,7.0
VEL-02267,2021,workers_comp,C,158000.0,0,10000.0,1000000.0,30,6946.0,7169.0,6066.0,1103.0,False,closed,47.0
VEL-02268,2021,physical_damage,C,172000.0,1,25000.0,1000000.0,30,8722.0,8251.0,7521.0,730.0,False,closed,40.0
VEL-02269,2021,auto_liability,B,144000.0,2,10000.0,1000000.0,30,7158.0,7358.0,6994.0,364.0,False,closed,3.0
VEL-02270,2021,cargo,C,172000.0,1,25000.0,1000000.0,30,15033.0,14152.0,14063.0,89.0,False,closed,5.0
VEL-02271,2021,physical_damage,C,217000.0,1,10000.0,2000000.0,30,7974.0,7216.0,7542.0,0.0,False,closed,16.0
VEL-02272,2021,auto_liability,B,209000.0,2,25000.0,2000000.0,30,3534.0,3432.0,3482.0,0.0,False,closed,30.0
VEL-02273,2021,physical_damage,D,150000.0,1,25000.0,1000000.0,30,9464.0,8989.0,8367.0,622.0,False,closed,28.0
VEL-02274,2021,physical_damage,A,232000.0,1,5000.0,1000000.0,30,7135.0,7268.0,6824.0,444.0,False,closed,56.0
VEL-02275,2021,cargo,B,332000.0,0,25000.0,2000000.0,30,10305.0,10031.0,8402.0,1629.0,False,closed,31.0
VEL-02276,2021,auto_liability,B,285000.0,3,10000.0,2000000.0,30,19169.0,20845.0,15544.0,5301.0,False,closed,39.0
VEL-02277,2021,physical_damage,A,253000.0,2,10000.0,2000000.0,30,8455.0,8312.0,7128.0,1184.0,False,closed,19.0
VEL-02278,2021,auto_liability,A,155000.0,0,10000.0,2000000.0,30,7853.0,7777.0,6729.0,1048.0,False,closed,38.0
VEL-02279,2021,auto_liability,B,157000.0,2,25000.0,1000000.0,30,8695.0,9362.0,6964.0,2398.0,False,closed,15.0
VEL-02280,2021,auto_liability,A,416000.0,0,25000.0,1000000.0,30,3550.0,3689.0,3472.0,217.0,False,closed,16.0
VEL-02281,2021,cargo,D,187000.0,3,10000.0,1000000.0,30,28933.0,29129.0,26471.0,2658.0,False,closed,26.0
VEL-02282,2021,workers_comp,D,125000.0,1,25000.0,1000000.0,30,12176.0,11630.0,10980.0,650.0,False,closed,19.0
VEL-02283,2021,physical_damage,A,285000.0,1,10000.0,2000000.0,30,14209.0,15894.0,11810.0,4084.0,False,closed,14.0
VEL-02284,2021,cargo,A,412000.0,0,10000.0,2000000.0,30,13722.0,13599.0,13217.0,382.0,False,closed,16.0
VEL-02285,2021,physical_damage,C,87000.0,0,25000.0,1000000.0,30,6539.0,6285.0,6158.0,127.0,False,closed,18.0
VEL-02286,2021,physical_damage,C,413000.0,2,25000.0,2000000.0,30,17979.0,17677.0,15888.0,1789.0,False,closed,20.0
VEL-02287,2021,workers_comp,B,112000.0,1,10000.0,1000000.0,30,9052.0,9110.0,7501.0,1609.0,False,closed,26.0
VEL-02288,2021,cargo,B,279000.0,0,5000.0,1000000.0,30,18787.0,19495.0,18696.0,799.0,False,closed,24.0
VEL-02289,2021,physical_damage,C,189000.0,2,5000.0,1000000.0,30,4457.0,4096.0,4364.0,0.0,False,closed,101.0
VEL-02290,2021,cargo,B,135000.0,1,25000.0,2000000.0,30,12001.0,11836.0,9871.0,1965.0,False,closed,73.0
VEL-02291,2021,auto_liability,C,114000.0,0,10000.0,1000000.0,30,18341.0,16739.0,16166.0,573.0,False,closed,9.0
VEL-02292,2021,physical_damage,A,110000.0,0,5000.0,2000000.0,30,4228.0,4074.0,3807.0,267.0,False,closed,7.0
VEL-02293,2021,auto_liability,B,98000.0,1,10000.0,2000000.0,30,1257.0,1222.0,1163.0,59.0,False,closed,18.0
VEL-02294,2021,auto_liability,C,152000.0,0,25000.0,1000000.0,30,3682.0,3855.0,9180.262693244325,400.0,False,closed,348.0
VEL-02295,2021,physical_damage,B,300000.0,1,25000.0,1000000.0,30,11372.0,10699.0,10753.0,0.0,False,closed,10.0
VEL-02296,2021,auto_liability,B,160000.0,1,25000.0,2000000.0,30,5092.0,4963.0,4429.0,534.0,False,closed,7.0
VEL-02297,2021,physical_damage,B,474000.0,0,10000.0,1000000.0,30,2351.0,2123.0,2085.0,38.0,False,closed,46.0
VEL-02298,2021,auto_liability,B,161000.0,3,25000.0,1000000.0,30,3634.0,3535.0,2999.0,536.0,False,closed,31.0
VEL-02299,2021,cargo,A,129000.0,1,25000.0,2000000.0,30,5755.0,6431.0,5192.0,1239.0,False,closed,13.0
VEL-02300,2021,auto_liability,C,181000.0,1,25000.0,2000000.0,30,1463.0,1577.0,1409.0,168.0,False,closed,50.0
VEL-02301,2021,auto_liability,D,412000.0,4,25000.0,2000000.0,30,5746.0,5985.0,4781.0,1204.0,False,closed,24.0
VEL-02302,2021,auto_liability,C,126000.0,0,5000.0,1000000.0,30,5839.0,5758.0,5209.0,549.0,False,closed,15.0
VEL-02303,2021,physical_damage,B,181000.0,1,10000.0,1000000.0,30,5413.0,4946.0,4441.0,505.0,False,closed,18.0
VEL-02304,2021,auto_liability,A,299000.0,1,25000.0,1000000.0,30,3074.0,3200.0,2586.0,614.0,False,closed,12.0
VEL-02305,2021,auto_liability,C,142000.0,0,25000.0,1000000.0,30,17406.0,18441.0,16173.0,2268.0,False,closed,54.0
VEL-02306,2021,workers_comp,B,234000.0,2,5000.0,1000000.0,30,4195.0,4231.0,3420.0,811.0,False,closed,36.0
VEL-02307,2021,auto_liability,B,167000.0,1,10000.0,2000000.0,30,3514.0,3355.0,3242.0,113.0,True,closed,13.0
VEL-02308,2021,auto_liability,B,164000.0,0,5000.0,2000000.0,30,12528.0,13925.0,10788.0,3137.0,False,closed,43.0
VEL-02309,2021,auto_liability,C,170000.0,1,5000.0,1000000.0,30,7327.0,7849.0,6313.0,1536.0,False,closed,5.0
VEL-02310,2021,physical_damage,B,161000.0,2,5000.0,2000000.0,30,2699.0,2544.0,2584.0,0.0,False,closed,75.0
VEL-02311,2021,workers_comp,A,263000.0,1,10000.0,2000000.0,30,13844.0,12944.0,12508.0,436.0,False,closed,4.0
VEL-02312,2021,workers_comp,B,84000.0,4,25000.0,2000000.0,30,1889.0,1967.0,1725.0,242.0,False,closed,68.0
VEL-02313,2021,physical_damage,B,96000.0,1,5000.0,2000000.0,30,5229.0,5001.0,5079.0,0.0,False,closed,26.0
VEL-02314,2021,auto_liability,D,143000.0,3,5000.0,2000000.0,30,12075.0,13463.0,11485.0,1978.0,True,closed,27.0
VEL-02315,2021,auto_liability,B,85000.0,2,10000.0,2000000.0,30,1941.0,2107.0,1561.0,546.0,False,closed,10.0
VEL-02316,2021,physical_damage,B,113000.0,0,10000.0,2000000.0,30,12745.0,12512.0,11505.0,1007.0,True,closed,28.0
VEL-02317,2021,cargo,B,99000.0,1,5000.0,1000000.0,30,10441.0,11134.0,9091.0,2043.0,False,closed,9.0
VEL-02318,2021,cargo,B,169000.0,1,10000.0,1000000.0,30,9698.0,8952.0,8779.0,173.0,False,closed,6.0
VEL-02319,2021,cargo,D,78000.0,2,5000.0,2000000.0,30,104385.0,96604.0,86847.0,9757.0,False,closed,12.0
VEL-02320,2021,auto_liability,B,155000.0,1,5000.0,2000000.0,30,9671.0,9234.0,8499.0,735.0,False,closed,58.0
VEL-02321,2021,auto_liability,B,130000.0,1,5000.0,2000000.0,30,5945.0,6530.0,4921.0,1609.0,True,closed,12.0
VEL-02322,2021,auto_liability,B,297000.0,2,25000.0,1000000.0,30,1511.0,1641.0,1471.0,170.0,False,closed,17.0
VEL-02323,2021,physical_damage,B,81000.0,2,25000.0,1000000.0,30,2379.0,2652.0,2107.0,545.0,False,closed,38.0
VEL-02324,2021,auto_liability,B,79000.0,3,10000.0,1000000.0,30,3931.0,3876.0,3683.0,193.0,False,closed,12.0
VEL-02325,2021,workers_comp,D,82000.0,3,25000.0,1000000.0,30,18999.0,19561.0,17010.0,2551.0,False,closed,20.0
VEL-02326,2021,auto_liability,C,102000.0,1,10000.0,1000000.0,30,10436.0,11545.0,9886.0,1659.0,False,closed,11.0
VEL-02327,2021,auto_liability,A,113000.0,0,10000.0,2000000.0,30,2114.0,2335.0,1812.0,523.0,False,closed,18.0
VEL-02328,2021,physical_damage,B,237000.0,0,10000.0,2000000.0,30,5386.0,5713.0,5183.0,530.0,False,closed,26.0
VEL-02329,2021,auto_liability,D,118000.0,5,5000.0,2000000.0,30,11649.0,11989.0,10003.0,1986.0,False,closed,8.0
VEL-02330,2021,auto_liability,C,158000.0,1,10000.0,2000000.0,30,2097.0,2181.0,1888.0,293.0,False,closed,55.0
VEL-02331,2021,physical_damage,A,164000.0,2,25000.0,1000000.0,30,5810.0,5230.0,5243.0,0.0,False,closed,43.0
VEL-02332,2021,physical_damage,A,229000.0,2,5000.0,1000000.0,30,12784.0,13062.0,10789.0,2273.0,False,closed,6.0
VEL-02333,2021,physical_damage,B,88000.0,1,5000.0,2000000.0,30,5766.0,6374.0,10772.26095012354,1211.0,False,closed,299.0
VEL-02334,2021,auto_liability,D,117000.0,1,25000.0,1000000.0,30,9256.0,10285.0,7472.0,2813.0,False,closed,26.0
VEL-02335,2021,physical_damage,C,172000.0,2,10000.0,2000000.0,30,10149.0,10149.0,20701.436650414074,638.0,False,closed,281.0
VEL-02336,2021,auto_liability,C,340000.0,0,10000.0,2000000.0,30,9263.0,9446.0,8646.0,800.0,False,closed,8.0
VEL-02337,2021,auto_liability,C,125000.0,1,5000.0,2000000.0,30,9109.0,9565.0,7336.0,2229.0,False,closed,8.0
VEL-02338,2021,physical_damage,B,121000.0,2,10000.0,1000000.0,30,6809.0,6892.0,5931.0,961.0,False,closed,32.0
VEL-02339,2021,physical_damage,B,249000.0,2,5000.0,2000000.0,30,5713.0,6234.0,4938.0,1296.0,False,closed,41.0
VEL-02340,2021,auto_liability,B,181000.0,3,10000.0,2000000.0,30,4257.0,4136.0,3445.0,691.0,False,closed,40.0
VEL-02341,2021,physical_damage,D,174000.0,0,5000.0,2000000.0,30,17705.0,19808.0,16749.0,3059.0,False,closed,32.0
VEL-02342,2021,cargo,A,425000.0,1,5000.0,1000000.0,30,4208.0,4589.0,3443.0,1146.0,False,closed,9.0
VEL-02343,2021,auto_liability,A,121000.0,2,25000.0,2000000.0,30,12044.0,12522.0,10847.0,1675.0,False,closed,5.0
VEL-02344,2021,auto_liability,B,252000.0,2,25000.0,1000000.0,30,792.0,823.0,1818.1991362520826,38.0,False,closed,211.0
VEL-02345,2021,physical_damage,D,444000.0,3,25000.0,2000000.0,30,17509.0,18209.0,16031.0,2178.0,False,closed,15.0
VEL-02346,2021,physical_damage,B,140000.0,4,10000.0,2000000.0,30,27643.0,25289.0,25835.0,0.0,False,closed,24.0
VEL-02347,2021,cargo,B,537000.0,0,5000.0,1000000.0,30,10999.0,10904.0,9837.0,1067.0,False,closed,20.0
VEL-02348,2021,cargo,B,251000.0,0,10000.0,1000000.0,30,16326.0,15227.0,15718.0,0.0,False,closed,4.0
VEL-02349,2021,auto_liability,B,207000.0,0,10000.0,2000000.0,30,7216.0,7104.0,6798.0,306.0,False,closed,16.0
VEL-02350,2021,cargo,A,361000.0,3,25000.0,1000000.0,30,66476.0,66092.0,56796.0,9296.0,False,closed,38.0
VEL-02351,2021,physical_damage,A,197000.0,0,10000.0,2000000.0,30,13109.0,13169.0,11659.0,1510.0,False,closed,2.0
VEL-02352,2021,physical_damage,B,52000.0,1,5000.0,1000000.0,30,24275.0,26586.0,22440.0,4146.0,False,closed,57.0
VEL-02353,2021,auto_liability,A,202000.0,1,25000.0,1000000.0,30,2969.0,3151.0,2439.0,712.0,False,closed,29.0
VEL-02354,2021,auto_liability,B,164000.0,1,25000.0,1000000.0,30,5857.0,5272.0,5116.0,156.0,False,closed,8.0
VEL-02355,2021,cargo,C,87000.0,2,25000.0,1000000.0,30,8884.0,8321.0,8698.0,0.0,True,closed,25.0
VEL-02356,2021,auto_liability,B,252000.0,4,25000.0,2000000.0,30,4259.0,4020.0,4159.0,0.0,False,closed,1.0
VEL-02357,2021,auto_liability,A,136000.0,2,5000.0,1000000.0,30,2766.0,2566.0,2376.0,190.0,False,closed,8.0
VEL-02358,2021,auto_liability,A,115000.0,0,5000.0,2000000.0,30,4965.0,4772.0,4887.0,0.0,False,closed,8.0
VEL-02359,2021,physical_damage,A,523000.0,1,10000.0,2000000.0,30,3270.0,3286.0,3053.0,233.0,False,closed,9.0
VEL-02360,2021,physical_damage,C,314000.0,3,10000.0,2000000.0,30,17767.0,19808.0,17135.0,2673.0,False,closed,24.0
VEL-02361,2021,physical_damage,B,380000.0,1,10000.0,1000000.0,30,8657.0,8142.0,7715.0,427.0,False,closed,14.0
VEL-02362,2021,auto_liability,A,429000.0,1,25000.0,2000000.0,30,7495.0,6767.0,7415.0,0.0,False,closed,9.0
VEL-02363,2021,auto_liability,A,95000.0,0,25000.0,1000000.0,30,2702.0,2450.0,2440.0,10.0,False,closed,11.0
VEL-02364,2021,auto_liability,C,447000.0,1,10000.0,2000000.0,30,9317.0,8974.0,8016.0,958.0,False,closed,70.0
VEL-02365,2021,workers_comp,B,108000.0,2,25000.0,1000000.0,30,82048.0,75659.0,72620.0,3039.0,False,closed,20.0
VEL-02366,2021,cargo,A,108000.0,0,25000.0,1000000.0,30,17039.0,15466.0,14868.0,598.0,False,closed,16.0
VEL-02367,2021,physical_damage,B,213000.0,2,10000.0,2000000.0,30,12776.0,11580.0,11504.0,76.0,False,closed,62.0
VEL-02368,2021,workers_comp,A,151000.0,1,10000.0,1000000.0,30,20346.0,20594.0,20165.0,429.0,False,closed,19.0
VEL-02369,2021,physical_damage,C,417000.0,1,5000.0,1000000.0,30,25746.0,24120.0,21430.0,2690.0,False,closed,18.0
VEL-02370,2021,auto_liability,C,151000.0,1,10000.0,1000000.0,30,19351.0,17664.0,17325.0,339.0,False,closed,7.0
VEL-02371,2021,auto_liability,D,247000.0,1,5000.0,2000000.0,30,5721.0,5512.0,5654.0,0.0,False,closed,35.0
VEL-02372,2021,cargo,B,178000.0,1,10000.0,1000000.0,30,7833.0,8344.0,7738.0,606.0,False,closed,11.0
VEL-02373,2021,cargo,B,124000.0,1,10000.0,2000000.0,30,13143.0,13417.0,10532.0,2885.0,False,closed,5.0
VEL-02374,2021,cargo,B,158000.0,1,10000.0,1000000.0,30,32899.0,34452.0,31661.0,2791.0,False,closed,53.0
VEL-02375,2021,cargo,C,146000.0,0,10000.0,1000000.0,30,25753.0,27531.0,21201.0,6330.0,False,closed,29.0
VEL-02376,2021,physical_damage,D,195000.0,3,10000.0,2000000.0,30,8740.0,8832.0,7339.0,1493.0,False,closed,14.0
VEL-02377,2021,auto_liability,B,168000.0,0,5000.0,1000000.0,30,8960.0,9958.0,7198.0,2760.0,False,closed,18.0
VEL-02378,2021,physical_damage,D,273000.0,1,5000.0,2000000.0,30,18382.0,18163.0,15659.0,2504.0,False,closed,19.0
VEL-02379,2021,cargo,B,157000.0,2,5000.0,1000000.0,30,7887.0,7729.0,7447.0,282.0,False,closed,18.0
VEL-02380,2021,cargo,B,207000.0,2,25000.0,1000000.0,30,6686.0,6350.0,6361.0,0.0,False,closed,24.0
VEL-02381,2021,auto_liability,B,403000.0,1,5000.0,2000000.0,30,1448.0,1534.0,1355.0,179.0,False,closed,14.0
VEL-02382,2021,auto_liability,D,229000.0,2,10000.0,2000000.0,30,2842.0,2851.0,2612.0,239.0,False,closed,18.0
VEL-02383,2021,workers_comp,C,708000.0,2,10000.0,2000000.0,30,7601.0,7559.0,6928.0,631.0,True,closed,4.0
VEL-02384,2021,cargo,C,192000.0,1,25000.0,1000000.0,30,45489.0,48264.0,36753.0,11511.0,False,closed,10.0
VEL-02385,2021,auto_liability,C,211000.0,1,5000.0,2000000.0,30,7926.0,7370.0,6508.0,862.0,False,closed,61.0
VEL-02386,2021,auto_liability,B,244000.0,2,25000.0,1000000.0,30,12447.0,12830.0,10322.0,2508.0,False,closed,42.0
VEL-02387,2021,physical_damage,B,321000.0,1,25000.0,1000000.0,30,9813.0,10851.0,9748.0,1103.0,False,closed,28.0
VEL-02388,2021,physical_damage,B,265000.0,0,10000.0,1000000.0,30,7129.0,7983.0,6244.0,1739.0,False,closed,5.0
VEL-02389,2021,auto_liability,B,179000.0,1,25000.0,2000000.0,30,18515.0,18596.0,17427.0,1169.0,False,closed,35.0
VEL-02390,2021,workers_comp,B,165000.0,2,5000.0,1000000.0,30,11864.0,12024.0,11586.0,438.0,False,closed,56.0
VEL-02391,2021,auto_liability,D,149000.0,2,5000.0,2000000.0,30,15665.0,17481.0,14050.0,3431.0,False,closed,26.0
VEL-02392,2021,physical_damage,A,182000.0,1,5000.0,2000000.0,30,8186.0,8341.0,7371.0,970.0,False,closed,14.0
VEL-02393,2021,auto_liability,A,86000.0,0,25000.0,1000000.0,30,2844.0,3107.0,2460.0,647.0,False,closed,14.0
VEL-02394,2021,auto_liability,B,99000.0,0,25000.0,2000000.0,30,3919.0,3881.0,3760.0,121.0,False,closed,18.0
VEL-02395,2021,auto_liability,A,103000.0,3,10000.0,1000000.0,30,7321.0,7587.0,6638.0,949.0,False,closed,8.0
VEL-02396,2021,physical_damage,B,364000.0,1,10000.0,2000000.0,30,6081.0,5637.0,4980.0,657.0,False,closed,40.0
VEL-02397,2021,cargo,A,206000.0,1,10000.0,1000000.0,30,22195.0,20373.0,18127.0,2246.0,False,closed,14.0
VEL-02398,2021,workers_comp,B,300000.0,2,10000.0,1000000.0,30,9920.0,9884.0,8919.0,965.0,False,closed,11.0
VEL-02399,2021,physical_damage,C,162000.0,0,25000.0,2000000.0,30,16094.0,16797.0,14959.0,1838.0,True,closed,51.0
VEL-02400,2021,auto_liability,B,213000.0,4,25000.0,2000000.0,30,5903.0,6274.0,5300.0,974.0,False,closed,12.0
VEL-02401,2021,auto_liability,B,121000.0,3,5000.0,2000000.0,30,5240.0,5140.0,5099.0,41.0,False,closed,17.0
VEL-02402,2021,auto_liability,B,70000.0,2,5000.0,1000000.0,30,8033.0,8792.0,7677.0,1115.0,False,closed,13.0
VEL-02403,2021,cargo,B,160000.0,2,5000.0,1000000.0,30,8322.0,8259.0,7999.0,260.0,False,closed,24.0
VEL-02404,2021,auto_liability,B,141000.0,2,25000.0,1000000.0,30,3464.0,3353.0,2783.0,570.0,False,closed,28.0
VEL-02405,2021,auto_liability,A,133000.0,1,10000.0,1000000.0,30,2888.0,2840.0,2853.0,0.0,False,closed,28.0
VEL-02406,2021,physical_damage,C,91000.0,2,25000.0,2000000.0,30,11494.0,10474.0,11428.0,0.0,False,closed,31.0
VEL-02407,2021,cargo,A,240000.0,2,10000.0,1000000.0,30,9858.0,8981.0,9327.0,0.0,False,closed,38.0
VEL-02408,2021,workers_comp,C,264000.0,2,25000.0,2000000.0,30,38094.0,35882.0,37262.0,0.0,False,closed,16.0
VEL-02409,2021,auto_liability,B,235000.0,0,25000.0,2000000.0,30,7274.0,8081.0,6555.0,1526.0,False,closed,42.0
VEL-02410,2021,auto_liability,A,306000.0,0,25000.0,2000000.0,30,8654.0,9653.0,8173.0,1480.0,False,closed,19.0
VEL-02411,2021,physical_damage,A,120000.0,0,10000.0,2000000.0,30,13125.0,11879.0,11793.0,86.0,False,closed,2.0
VEL-02412,2021,cargo,A,241000.0,1,10000.0,2000000.0,30,7664.0,7235.0,6231.0,1004.0,False,closed,9.0
VEL-02413,2021,cargo,A,175000.0,1,10000.0,2000000.0,30,19328.0,21242.0,38617.05501604801,3563.0,False,closed,162.0
VEL-02414,2021,workers_comp,C,142000.0,3,5000.0,2000000.0,30,10410.0,10452.0,9951.0,501.0,False,closed,16.0
VEL-02415,2021,auto_liability,C,182000.0,2,5000.0,1000000.0,30,1735.0,1570.0,1520.0,50.0,False,closed,26.0
VEL-02416,2021,physical_damage,B,113000.0,1,25000.0,2000000.0,30,852.0,789.0,710.0,79.0,False,closed,9.0
VEL-02417,2021,physical_damage,B,153000.0,1,25000.0,1000000.0,30,6941.0,6328.0,6766.0,0.0,False,closed,25.0
VEL-02418,2021,auto_liability,B,178000.0,1,10000.0,1000000.0,30,12737.0,12388.0,12661.0,0.0,False,closed,28.0
VEL-02419,2021,auto_liability,B,76000.0,0,25000.0,1000000.0,30,4034.0,4230.0,3961.0,269.0,False,closed,57.0
VEL-02420,2021,physical_damage,D,376000.0,3,25000.0,2000000.0,30,405.0,442.0,390.0,52.0,False,closed,18.0
VEL-02421,2021,auto_liability,D,290000.0,3,10000.0,1000000.0,30,23461.0,24041.0,20126.0,3915.0,False,closed,5.0
VEL-02422,2021,cargo,C,266000.0,0,25000.0,2000000.0,30,35021.0,34811.0,28602.0,6209.0,False,closed,20.0
VEL-02423,2021,auto_liability,C,418000.0,4,25000.0,1000000.0,30,3703.0,3896.0,3217.0,679.0,False,closed,8.0
VEL-02424,2021,auto_liability,A,250000.0,1,25000.0,1000000.0,30,6189.0,6250.0,12233.911665100588,1011.0,False,closed,334.0
VEL-02425,2021,workers_comp,B,242000.0,3,25000.0,2000000.0,30,35631.0,36577.0,30088.0,6489.0,True,closed,27.0
VEL-02426,2021,workers_comp,B,403000.0,1,5000.0,2000000.0,30,7529.0,8128.0,7364.0,764.0,False,closed,12.0
VEL-02427,2021,auto_liability,C,143000.0,2,10000.0,1000000.0,30,4018.0,3653.0,3301.0,352.0,False,closed,29.0
VEL-02428,2021,physical_damage,D,94000.0,3,10000.0,2000000.0,30,14815.0,14424.0,12216.0,2208.0,False,closed,52.0
VEL-02429,2021,physical_damage,B,286000.0,2,5000.0,1000000.0,30,14772.0,15957.0,12851.0,3106.0,False,closed,27.0
VEL-02430,2021,cargo,A,160000.0,2,5000.0,1000000.0,30,8119.0,7591.0,6672.0,919.0,False,closed,9.0
VEL-02431,2021,auto_liability,B,299000.0,1,25000.0,1000000.0,30,7573.0,7410.0,6663.0,747.0,False,closed,42.0
VEL-02432,2021,physical_damage,C,249000.0,3,25000.0,2000000.0,30,12649.0,12529.0,12578.0,0.0,True,closed,14.0
VEL-02433,2021,physical_damage,C,128000.0,1,10000.0,1000000.0,30,13614.0,12493.0,11091.0,1402.0,False,closed,16.0
VEL-02434,2021,physical_damage,A,175000.0,2,25000.0,1000000.0,30,8925.0,9714.0,7545.0,2169.0,False,closed,38.0
VEL-02435,2021,auto_liability,C,105000.0,2,10000.0,1000000.0,30,3451.0,3130.0,3389.0,0.0,False,closed,6.0
VEL-02436,2021,physical_damage,A,185000.0,0,10000.0,1000000.0,30,1560.0,1664.0,1297.0,367.0,False,closed,24.0
VEL-02437,2021,auto_liability,A,166000.0,2,10000.0,1000000.0,30,3167.0,2922.0,3090.0,0.0,False,closed,24.0
VEL-02438,2021,cargo,B,268000.0,3,25000.0,2000000.0,30,5692.0,5377.0,5011.0,366.0,False,closed,30.0
VEL-02439,2021,physical_damage,D,454000.0,1,5000.0,2000000.0,30,2492.0,2694.0,2385.0,309.0,False,closed,20.0
VEL-02440,2021,physical_damage,C,207000.0,3,25000.0,2000000.0,30,26930.0,24295.0,22079.0,2216.0,False,closed,23.0
VEL-02441,2021,physical_damage,B,158000.0,0,5000.0,1000000.0,30,4621.0,4619.0,4357.0,262.0,False,closed,32.0
VEL-02442,2021,physical_damage,A,192000.0,1,5000.0,2000000.0,30,12855.0,14294.0,29448.70723458525,3200.0,False,closed,178.0
VEL-02443,2021,physical_damage,C,173000.0,0,10000.0,1000000.0,30,5328.0,5964.0,5064.0,900.0,False,closed,2.0
VEL-02444,2021,auto_liability,B,145000.0,1,25000.0,2000000.0,30,6809.0,7350.0,5470.0,1880.0,False,closed,38.0
VEL-02445,2021,auto_liability,C,204000.0,0,5000.0,1000000.0,30,8513.0,8049.0,7517.0,532.0,False,closed,12.0
VEL-02446,2021,physical_damage,A,105000.0,1,5000.0,1000000.0,30,8308.0,7582.0,7422.0,160.0,False,closed,29.0
VEL-02447,2021,physical_damage,C,120000.0,1,10000.0,2000000.0,30,8397.0,8298.0,7354.0,944.0,True,closed,29.0
VEL-02448,2021,cargo,B,204000.0,1,10000.0,1000000.0,30,8392.0,7595.0,8378.0,0.0,False,closed,37.0
VEL-02449,2021,workers_comp,A,287000.0,0,10000.0,2000000.0,30,9875.0,9519.0,9419.0,100.0,False,closed,32.0
VEL-02450,2021,cargo,C,233000.0,5,10000.0,2000000.0,30,99261.0,101807.0,84684.0,17123.0,False,closed,114.0
VEL-02451,2021,workers_comp,A,158000.0,0,5000.0,1000000.0,30,28631.0,26254.0,26758.0,0.0,False,closed,27.0
VEL-02452,2021,workers_comp,C,313000.0,1,10000.0,2000000.0,30,8722.0,9067.0,7511.0,1556.0,False,closed,18.0
VEL-02453,2021,cargo,D,212000.0,2,10000.0,2000000.0,30,13483.0,14062.0,13115.0,947.0,False,closed,24.0
VEL-02454,2021,workers_comp,A,422000.0,1,5000.0,1000000.0,30,4225.0,4073.0,3745.0,328.0,False,closed,5.0
VEL-02455,2021,auto_liability,B,232000.0,3,5000.0,2000000.0,30,19361.0,17899.0,17124.0,775.0,False,closed,17.0
VEL-02456,2021,physical_damage,A,180000.0,1,10000.0,2000000.0,30,11950.0,11699.0,9755.0,1944.0,False,closed,55.0
VEL-02457,2021,physical_damage,C,101000.0,1,25000.0,2000000.0,30,8344.0,8248.0,7274.0,974.0,False,closed,22.0
VEL-02458,2021,workers_comp,B,338000.0,1,5000.0,1000000.0,30,5421.0,5610.0,4577.0,1033.0,False,closed,16.0
VEL-02459,2021,auto_liability,B,294000.0,1,5000.0,2000000.0,30,2611.0,2781.0,2470.0,311.0,False,closed,3.0
VEL-02460,2021,physical_damage,B,355000.0,2,10000.0,1000000.0,30,5782.0,5620.0,5558.0,62.0,False,closed,29.0
VEL-02461,2021,physical_damage,C,139000.0,2,10000.0,2000000.0,30,6803.0,6474.0,6059.0,415.0,False,closed,1.0
VEL-02462,2021,auto_liability,B,107000.0,4,10000.0,2000000.0,30,4255.0,4622.0,4092.0,530.0,False,closed,20.0
VEL-02463,2021,physical_damage,A,354000.0,3,10000.0,2000000.0,30,5491.0,5628.0,5352.0,276.0,False,closed,2.0
VEL-02464,2021,auto_liability,B,181000.0,1,25000.0,1000000.0,30,2239.0,2036.0,1871.0,165.0,False,closed,14.0
VEL-02465,2021,physical_damage,A,55000.0,0,5000.0,2000000.0,30,7493.0,6804.0,7101.0,0.0,False,closed,7.0
VEL-02466,2021,auto_liability,C,249000.0,2,25000.0,1000000.0,30,6394.0,6279.0,5193.0,1086.0,False,closed,7.0
VEL-02467,2021,auto_liability,A,97000.0,1,5000.0,2000000.0,30,7277.0,8055.0,6216.0,1839.0,False,closed,19.0
VEL-02468,2021,cargo,B,360000.0,3,5000.0,2000000.0,30,3723.0,3413.0,3069.0,344.0,False,closed,16.0
VEL-02469,2021,physical_damage,C,309000.0,3,5000.0,2000000.0,30,16796.0,16146.0,14700.0,1446.0,False,closed,48.0
VEL-02470,2021,auto_liability,C,69000.0,0,25000.0,1000000.0,30,14763.0,16303.0,11919.0,4384.0,False,closed,42.0
VEL-02471,2021,auto_liability,C,214000.0,3,25000.0,2000000.0,30,8731.0,9349.0,7458.0,1891.0,True,closed,9.0
VEL-02472,2021,auto_liability,A,180000.0,1,25000.0,2000000.0,30,2422.0,2440.0,2272.0,168.0,False,closed,48.0
VEL-02473,2021,cargo,C,244000.0,4,5000.0,1000000.0,30,6668.0,7230.0,6536.0,694.0,False,closed,82.0
VEL-02474,2021,physical_damage,B,100000.0,4,25000.0,2000000.0,30,7233.0,8011.0,6300.0,1711.0,False,closed,57.0
VEL-02475,2021,auto_liability,A,90000.0,0,5000.0,1000000.0,30,5686.0,5879.0,5647.0,232.0,False,closed,16.0
VEL-02476,2021,physical_damage,B,281000.0,2,5000.0,2000000.0,30,11292.0,11165.0,10699.0,466.0,False,closed,48.0
VEL-02477,2021,auto_liability,D,69000.0,0,10000.0,1000000.0,30,8535.0,8726.0,8297.0,429.0,False,closed,26.0
VEL-02478,2021,auto_liability,D,172000.0,1,5000.0,1000000.0,30,2352.0,2522.0,2012.0,510.0,False,closed,41.0
VEL-02479,2021,physical_damage,B,224000.0,1,10000.0,2000000.0,30,6237.0,6315.0,6214.0,101.0,False,closed,45.0
VEL-02480,2021,cargo,C,260000.0,2,5000.0,1000000.0,30,12062.0,13005.0,9880.0,3125.0,False,closed,40.0
VEL-02481,2021,workers_comp,A,214000.0,1,10000.0,1000000.0,30,6817.0,7000.0,6469.0,531.0,False,closed,9.0
VEL-02482,2021,workers_comp,B,556000.0,3,10000.0,1000000.0,30,16782.0,17277.0,15228.0,2049.0,False,closed,39.0
VEL-02483,2021,physical_damage,A,326000.0,2,10000.0,1000000.0,30,14596.0,16288.0,12909.0,3379.0,False,closed,53.0
VEL-02484,2021,auto_liability,A,167000.0,0,5000.0,1000000.0,30,1844.0,2063.0,1817.0,246.0,False,closed,8.0
VEL-02485,2021,cargo,A,169000.0,1,5000.0,2000000.0,30,12060.0,11559.0,10268.0,1291.0,False,closed,12.0
VEL-02486,2021,physical_damage,A,126000.0,3,25000.0,1000000.0,30,3411.0,3206.0,3305.0,0.0,False,closed,88.0
VEL-02487,2021,auto_liability,C,199000.0,4,25000.0,1000000.0,30,3316.0,3533.0,3128.0,405.0,False,closed,28.0
VEL-02488,2021,physical_damage,A,511000.0,0,10000.0,2000000.0,30,5141.0,5752.0,4979.0,773.0,False,closed,32.0
VEL-02489,2021,physical_damage,B,256000.0,1,25000.0,2000000.0,30,31589.0,29425.0,31512.0,0.0,False,closed,39.0
VEL-02490,2021,auto_liability,A,173000.0,0,10000.0,2000000.0,30,6899.0,6964.0,6325.0,639.0,False,closed,14.0
VEL-02491,2021,auto_liability,C,101000.0,0,25000.0,2000000.0,30,5645.0,6146.0,5432.0,714.0,False,closed,15.0
VEL-02492,2021,auto_liability,A,53000.0,0,25000.0,2000000.0,30,10662.0,11248.0,10039.0,1209.0,False,closed,13.0
VEL-02493,2021,cargo,A,174000.0,3,25000.0,2000000.0,30,8839.0,9254.0,7998.0,1256.0,False,closed,30.0
VEL-02494,2021,cargo,B,124000.0,5,5000.0,1000000.0,30,14223.0,14969.0,13459.0,1510.0,False,closed,8.0
VEL-02495,2021,auto_liability,B,217000.0,0,25000.0,2000000.0,30,2485.0,2503.0,2276.0,227.0,False,closed,4.0
VEL-02496,2021,workers_comp,B,104000.0,2,5000.0,1000000.0,30,5802.0,6318.0,5244.0,1074.0,False,closed,12.0
VEL-02497,2021,auto_liability,C,261000.0,3,10000.0,1000000.0,30,2172.0,2315.0,1888.0,427.0,False,closed,34.0
VEL-02498,2021,cargo,C,161000.0,0,10000.0,2000000.0,30,24312.0,26580.0,23337.0,3243.0,False,closed,37.0
VEL-02499,2021,auto_liability,C,133000.0,1,5000.0,2000000.0,30,2300.0,2434.0,2278.0,156.0,False,closed,28.0
VEL-02500,2021,workers_comp,B,210000.0,1,5000.0,2000000.0,30,35358.0,35694.0,32688.0,3006.0,False,closed,41.0
VEL-02501,2021,cargo,A,143000.0,1,25000.0,2000000.0,30,2903.0,3123.0,2450.0,673.0,False,closed,20.0
VEL-02502,2021,cargo,B,177000.0,0,25000.0,2000000.0,30,9862.0,11001.0,9079.0,1922.0,False,closed,3.0
VEL-02503,2021,cargo,B,125000.0,4,10000.0,1000000.0,30,11665.0,11618.0,10050.0,1568.0,False,closed,62.0
VEL-02504,2021,cargo,B,227000.0,5,5000.0,1000000.0,30,4132.0,4347.0,4119.0,228.0,False,closed,16.0
VEL-02505,2021,cargo,C,79000.0,4,10000.0,2000000.0,30,2676.0,2752.0,2631.0,121.0,False,closed,21.0
VEL-02506,2021,auto_liability,B,171000.0,2,10000.0,1000000.0,30,3574.0,3991.0,3124.0,867.0,False,closed,35.0
VEL-02507,2021,cargo,C,238000.0,3,25000.0,1000000.0,30,40386.0,41641.0,34759.0,6882.0,False,closed,30.0
VEL-02508,2021,physical_damage,A,276000.0,0,25000.0,2000000.0,30,18217.0,18007.0,16916.0,1091.0,False,closed,4.0
VEL-02509,2021,physical_damage,D,236000.0,3,10000.0,1000000.0,30,4268.0,4470.0,3604.0,866.0,False,closed,9.0
VEL-02510,2021,workers_comp,B,342000.0,1,5000.0,1000000.0,30,12604.0,11967.0,11975.0,0.0,False,closed,39.0
VEL-02511,2021,physical_damage,B,204000.0,2,10000.0,2000000.0,30,6452.0,6480.0,5602.0,878.0,False,closed,31.0
VEL-02512,2021,physical_damage,D,640000.0,0,10000.0,1000000.0,30,26961.0,24456.0,24927.0,0.0,False,closed,15.0
VEL-02513,2021,auto_liability,C,140000.0,3,10000.0,1000000.0,30,8651.0,8449.0,7891.0,558.0,False,closed,36.0
VEL-02514,2021,auto_liability,B,67000.0,1,5000.0,1000000.0,30,2751.0,3037.0,2398.0,639.0,False,closed,15.0
VEL-02515,2021,physical_damage,D,62000.0,5,5000.0,2000000.0,30,63079.0,70583.0,53017.0,17566.0,False,closed,12.0
VEL-02516,2021,auto_liability,B,71000.0,0,10000.0,1000000.0,30,9827.0,9916.0,9084.0,832.0,False,closed,68.0
VEL-02517,2021,auto_liability,B,177000.0,2,5000.0,2000000.0,30,2941.0,2780.0,2642.0,138.0,False,closed,20.0
VEL-02518,2021,cargo,B,77000.0,2,25000.0,1000000.0,30,24824.0,25046.0,23917.0,1129.0,False,closed,22.0
VEL-02519,2021,auto_liability,B,87000.0,1,5000.0,2000000.0,30,10232.0,11403.0,9793.0,1610.0,True,closed,34.0
VEL-02520,2021,workers_comp,B,252000.0,1,5000.0,1000000.0,30,31702.0,33878.0,28603.0,5275.0,False,closed,13.0
VEL-02521,2021,auto_liability,C,74000.0,0,5000.0,1000000.0,30,2781.0,2794.0,2708.0,86.0,False,closed,20.0
VEL-02522,2021,workers_comp,B,185000.0,1,10000.0,1000000.0,30,14254.0,15097.0,12282.0,2815.0,False,closed,15.0
VEL-02523,2021,physical_damage,C,274000.0,3,10000.0,2000000.0,30,5716.0,5466.0,5437.0,29.0,False,closed,26.0
VEL-02524,2021,auto_liability,B,319000.0,1,25000.0,2000000.0,30,4815.0,4812.0,4488.0,324.0,False,closed,19.0
VEL-02525,2021,physical_damage,B,201000.0,3,10000.0,2000000.0,30,6677.0,7055.0,5721.0,1334.0,False,closed,21.0
VEL-02526,2021,cargo,D,90000.0,2,10000.0,2000000.0,30,20655.0,18697.0,16852.0,1845.0,False,closed,10.0
VEL-02527,2021,cargo,B,110000.0,1,10000.0,1000000.0,30,4761.0,4913.0,3857.0,1056.0,False,closed,17.0
VEL-02528,2021,workers_comp,A,362000.0,0,10000.0,2000000.0,30,22226.0,22449.0,18495.0,3954.0,False,closed,17.0
VEL-02529,2021,auto_liability,B,391000.0,0,5000.0,2000000.0,30,3949.0,3731.0,3195.0,536.0,False,closed,4.0
VEL-02530,2021,auto_liability,B,145000.0,1,25000.0,2000000.0,30,7430.0,7538.0,6209.0,1329.0,False,closed,4.0
VEL-02531,2021,physical_damage,B,275000.0,0,25000.0,2000000.0,30,7237.0,6773.0,6705.0,68.0,False,closed,19.0
VEL-02532,2021,auto_liability,B,259000.0,3,25000.0,1000000.0,30,6851.0,6476.0,6024.0,452.0,False,closed,16.0
VEL-02533,2021,auto_liability,B,151000.0,1,10000.0,1000000.0,30,9688.0,9166.0,8460.0,706.0,False,closed,24.0
VEL-02534,2021,physical_damage,C,300000.0,4,10000.0,1000000.0,30,7272.0,7691.0,7183.0,508.0,False,closed,4.0
VEL-02535,2021,cargo,C,115000.0,3,25000.0,2000000.0,30,24160.0,25734.0,21482.0,4252.0,False,closed,25.0
VEL-02536,2021,workers_comp,B,239000.0,3,10000.0,2000000.0,30,9082.0,9199.0,8694.0,505.0,False,closed,15.0
VEL-02537,2021,auto_liability,B,241000.0,2,10000.0,1000000.0,30,7387.0,7290.0,7070.0,220.0,False,closed,19.0
VEL-02538,2021,physical_damage,B,166000.0,2,10000.0,2000000.0,30,7200.0,7069.0,6523.0,546.0,False,closed,28.0
VEL-02539,2021,physical_damage,C,135000.0,2,5000.0,2000000.0,30,5687.0,5510.0,5419.0,91.0,False,closed,6.0
VEL-02540,2021,auto_liability,C,385000.0,3,10000.0,2000000.0,30,1220.0,1194.0,1061.0,133.0,False,closed,23.0
VEL-02541,2021,physical_damage,A,121000.0,0,10000.0,2000000.0,30,3433.0,3641.0,3232.0,409.0,False,closed,106.0
VEL-02542,2021,auto_liability,C,115000.0,4,25000.0,1000000.0,30,4021.0,3882.0,3387.0,495.0,False,closed,8.0
VEL-02543,2021,physical_damage,B,90000.0,3,10000.0,1000000.0,30,5369.0,5599.0,5062.0,537.0,False,closed,24.0
VEL-02544,2021,cargo,C,160000.0,0,25000.0,2000000.0,30,32244.0,29498.0,28078.0,1420.0,False,closed,55.0
VEL-02545,2021,auto_liability,C,163000.0,0,10000.0,2000000.0,30,3154.0,3199.0,2918.0,281.0,False,closed,11.0
VEL-02546,2021,workers_comp,C,120000.0,1,10000.0,1000000.0,30,23922.0,21900.0,23632.0,0.0,False,closed,89.0
VEL-02547,2021,auto_liability,C,312000.0,0,25000.0,1000000.0,30,48532.0,45083.0,39974.0,5109.0,False,closed,7.0
VEL-02548,2021,auto_liability,D,191000.0,1,10000.0,1000000.0,30,4083.0,4518.0,3312.0,1206.0,False,closed,29.0
VEL-02549,2021,auto_liability,B,240000.0,1,10000.0,1000000.0,30,7572.0,7841.0,6541.0,1300.0,False,closed,14.0
VEL-02550,2021,auto_liability,D,90000.0,1,25000.0,2000000.0,30,14244.0,12905.0,12173.0,732.0,False,closed,4.0
VEL-02551,2021,auto_liability,B,153000.0,0,5000.0,2000000.0,30,5647.0,5741.0,5160.0,581.0,False,closed,27.0
VEL-02552,2021,physical_damage,A,390000.0,0,25000.0,2000000.0,30,7302.0,7042.0,6329.0,713.0,False,closed,12.0
VEL-02553,2021,physical_damage,C,304000.0,1,25000.0,1000000.0,30,15988.0,17512.0,14438.0,3074.0,True,closed,15.0
VEL-02554,2021,cargo,D,227000.0,1,10000.0,1000000.0,30,95647.0,92398.0,94577.0,0.0,False,closed,8.0
VEL-02555,2021,cargo,A,319000.0,1,5000.0,2000000.0,30,4961.0,4909.0,4152.0,757.0,False,closed,8.0
VEL-02556,2021,physical_damage,D,261000.0,2,5000.0,2000000.0,30,17294.0,19078.0,13915.0,5163.0,False,closed,10.0
VEL-02557,2021,auto_liability,B,212000.0,3,10000.0,1000000.0,30,6378.0,6279.0,5961.0,318.0,False,closed,51.0
VEL-02558,2021,auto_liability,A,222000.0,1,25000.0,1000000.0,30,22306.0,21641.0,19904.0,1737.0,False,closed,17.0
VEL-02559,2021,auto_liability,A,231000.0,1,10000.0,2000000.0,30,14491.0,15021.0,14363.0,658.0,False,closed,28.0
VEL-02560,2021,auto_liability,C,149000.0,2,25000.0,2000000.0,30,29584.0,31405.0,24527.0,6878.0,False,closed,1.0
VEL-02561,2021,physical_damage,B,436000.0,0,10000.0,2000000.0,30,12208.0,12367.0,11446.0,921.0,False,closed,47.0
VEL-02562,2021,workers_comp,B,606000.0,1,25000.0,2000000.0,30,17181.0,16974.0,15189.0,1785.0,False,closed,19.0
VEL-02563,2021,auto_liability,B,199000.0,4,10000.0,2000000.0,30,5782.0,6450.0,5769.0,681.0,False,closed,10.0
VEL-02564,2021,auto_liability,D,181000.0,1,10000.0,2000000.0,30,6336.0,6400.0,5136.0,1264.0,False,closed,17.0
VEL-02565,2021,physical_damage,A,591000.0,0,5000.0,2000000.0,30,3634.0,3671.0,3045.0,626.0,False,closed,31.0
VEL-02566,2021,physical_damage,C,231000.0,2,10000.0,1000000.0,30,12781.0,12297.0,10831.0,1466.0,False,closed,26.0
VEL-02567,2021,physical_damage,B,247000.0,0,5000.0,1000000.0,30,14253.0,15166.0,36247.47673094708,1722.0,False,closed,243.0
VEL-02568,2021,cargo,B,234000.0,3,10000.0,1000000.0,30,13184.0,13687.0,12710.0,977.0,False,closed,3.0
VEL-02569,2021,physical_damage,A,194000.0,1,5000.0,2000000.0,30,2031.0,2073.0,1860.0,213.0,False,closed,36.0
VEL-02570,2021,auto_liability,B,157000.0,1,5000.0,2000000.0,30,8304.0,8297.0,7075.0,1222.0,False,closed,13.0
VEL-02571,2021,auto_liability,B,276000.0,1,10000.0,1000000.0,30,44346.0,48482.0,35649.0,12833.0,False,closed,9.0
VEL-02572,2021,auto_liability,B,90000.0,3,5000.0,2000000.0,30,5285.0,5625.0,4493.0,1132.0,False,closed,30.0
VEL-02573,2021,auto_liability,C,315000.0,4,5000.0,1000000.0,30,3070.0,3070.0,3042.0,28.0,False,closed,17.0
VEL-02574,2021,auto_liability,A,393000.0,1,5000.0,2000000.0,30,12167.0,13533.0,11476.0,2057.0,False,closed,67.0
VEL-02575,2021,cargo,A,167000.0,2,25000.0,2000000.0,30,3999.0,4202.0,3250.0,952.0,False,closed,3.0
VEL-02576,2021,auto_liability,B,155000.0,0,10000.0,1000000.0,30,6158.0,6439.0,12047.678724322473,337.0,False,closed,164.0
VEL-02577,2021,auto_liability,B,496000.0,2,5000.0,1000000.0,30,6949.0,7190.0,6389.0,801.0,False,closed,35.0
VEL-02578,2021,auto_liability,C,172000.0,2,25000.0,1000000.0,30,4558.0,4124.0,3878.0,246.0,False,closed,3.0
VEL-02579,2021,physical_damage,A,142000.0,1,5000.0,2000000.0,30,3255.0,3334.0,3092.0,242.0,False,closed,16.0
VEL-02580,2021,physical_damage,A,298000.0,1,25000.0,2000000.0,30,8103.0,8829.0,6921.0,1908.0,False,closed,6.0
VEL-02581,2021,physical_damage,B,109000.0,0,25000.0,2000000.0,30,3367.0,3636.0,2736.0,900.0,False,closed,3.0
VEL-02582,2021,auto_liability,A,67000.0,2,10000.0,1000000.0,30,6086.0,6518.0,5737.0,781.0,False,closed,49.0
VEL-02583,2021,auto_liability,C,188000.0,2,10000.0,1000000.0,30,9813.0,10297.0,9678.0,619.0,False,closed,27.0
VEL-02584,2021,auto_liability,B,145000.0,1,10000.0,1000000.0,30,2397.0,2500.0,2263.0,237.0,False,closed,46.0
VEL-02585,2021,auto_liability,A,127000.0,1,25000.0,2000000.0,30,7867.0,8414.0,6370.0,2044.0,False,closed,33.0
VEL-02586,2021,workers_comp,C,130000.0,2,5000.0,1000000.0,30,6025.0,5564.0,5802.0,0.0,False,closed,11.0
VEL-02587,2021,workers_comp,D,138000.0,2,25000.0,1000000.0,30,22640.0,22524.0,19661.0,2863.0,True,closed,22.0
VEL-02588,2021,workers_comp,A,161000.0,1,5000.0,1000000.0,30,6011.0,5945.0,5886.0,59.0,False,closed,32.0
VEL-02589,2021,auto_liability,B,60000.0,4,5000.0,1000000.0,30,2243.0,2383.0,1930.0,453.0,False,closed,17.0
VEL-02590,2021,physical_damage,A,275000.0,0,5000.0,1000000.0,30,4448.0,4401.0,3965.0,436.0,False,closed,23.0
VEL-02591,2021,auto_liability,C,158000.0,0,10000.0,1000000.0,30,7636.0,8247.0,7534.0,713.0,False,closed,18.0
VEL-02592,2021,physical_damage,B,155000.0,3,25000.0,2000000.0,30,13594.0,13673.0,12243.0,1430.0,False,closed,11.0
VEL-02593,2021,auto_liability,B,160000.0,1,5000.0,1000000.0,30,8802.0,8060.0,7565.0,495.0,False,closed,22.0
VEL-02594,2021,auto_liability,B,280000.0,2,10000.0,1000000.0,30,2909.0,3241.0,2460.0,781.0,False,closed,15.0
VEL-02595,2021,cargo,B,216000.0,0,10000.0,1000000.0,30,9520.0,10624.0,8399.0,2225.0,False,closed,41.0
VEL-02596,2021,auto_liability,A,561000.0,0,5000.0,2000000.0,30,630.0,698.0,519.0,179.0,False,closed,5.0
VEL-02597,2021,auto_liability,A,64000.0,0,10000.0,1000000.0,30,8366.0,7575.0,7800.0,0.0,True,closed,22.0
VEL-02598,2021,physical_damage,B,280000.0,0,25000.0,2000000.0,30,7886.0,8541.0,7643.0,898.0,False,closed,27.0
VEL-02599,2021,auto_liability,B,302000.0,2,25000.0,1000000.0,30,4933.0,5494.0,4105.0,1389.0,False,closed,59.0
VEL-02600,2021,physical_damage,A,44000.0,0,5000.0,2000000.0,30,5252.0,4747.0,4629.0,118.0,False,closed,14.0
VEL-02601,2021,auto_liability,B,246000.0,1,5000.0,1000000.0,30,1326.0,1329.0,1113.0,216.0,False,closed,22.0
VEL-02602,2021,physical_damage,A,175000.0,1,10000.0,1000000.0,30,8157.0,8379.0,7909.0,470.0,False,closed,21.0
VEL-02603,2021,auto_liability,D,173000.0,2,5000.0,1000000.0,30,9209.0,8774.0,7875.0,899.0,False,closed,20.0
VEL-02604,2021,auto_liability,B,184000.0,2,5000.0,1000000.0,30,5198.0,5096.0,5180.0,0.0,False,closed,13.0
VEL-02605,2021,cargo,C,225000.0,5,25000.0,1000000.0,30,27146.0,27818.0,24149.0,3669.0,False,closed,30.0
VEL-02606,2021,cargo,A,153000.0,3,25000.0,1000000.0,30,7541.0,8001.0,6339.0,1662.0,False,closed,27.0
VEL-02607,2021,auto_liability,A,129000.0,0,10000.0,2000000.0,30,3050.0,3039.0,2863.0,176.0,False,closed,6.0
VEL-02608,2021,auto_liability,B,299000.0,1,25000.0,2000000.0,30,12961.0,14503.0,10966.0,3537.0,False,closed,11.0
VEL-02609,2021,auto_liability,B,185000.0,4,5000.0,2000000.0,30,4643.0,4831.0,4511.0,320.0,False,closed,26.0
VEL-02610,2021,auto_liability,B,280000.0,0,10000.0,2000000.0,30,2908.0,2779.0,2685.0,94.0,False,closed,14.0
VEL-02611,2021,cargo,C,698000.0,1,5000.0,2000000.0,30,2423.0,2672.0,2066.0,606.0,False,closed,19.0
VEL-02612,2021,auto_liability,B,94000.0,1,5000.0,2000000.0,30,3925.0,3685.0,3775.0,0.0,False,closed,40.0
VEL-02613,2021,physical_damage,D,118000.0,1,10000.0,2000000.0,30,8582.0,8252.0,7131.0,1121.0,False,closed,39.0
VEL-02614,2021,physical_damage,A,129000.0,0,10000.0,2000000.0,30,2838.0,2568.0,2725.0,0.0,False,closed,10.0
VEL-02615,2021,auto_liability,B,175000.0,0,5000.0,1000000.0,30,7753.0,7553.0,6612.0,941.0,False,closed,34.0
VEL-02616,2021,auto_liability,A,424000.0,0,25000.0,2000000.0,30,1310.0,1275.0,1095.0,180.0,False,closed,22.0
VEL-02617,2021,physical_damage,A,230000.0,1,10000.0,2000000.0,30,5975.0,5638.0,4827.0,811.0,False,closed,65.0
VEL-02618,2021,auto_liability,B,318000.0,1,5000.0,1000000.0,30,5696.0,5206.0,5666.0,0.0,False,closed,33.0
VEL-02619,2021,cargo,C,473000.0,1,25000.0,2000000.0,30,26383.0,26602.0,23510.0,3092.0,False,closed,33.0
VEL-02620,2021,auto_liability,B,68000.0,1,25000.0,1000000.0,30,5449.0,5232.0,4632.0,600.0,False,closed,13.0
VEL-02621,2021,physical_damage,A,154000.0,2,25000.0,1000000.0,30,5218.0,5808.0,4452.0,1356.0,False,closed,14.0
VEL-02622,2021,auto_liability,B,131000.0,1,25000.0,2000000.0,30,11814.0,12915.0,11635.0,1280.0,False,closed,12.0
VEL-02623,2021,physical_damage,D,227000.0,1,25000.0,2000000.0,30,33257.0,33124.0,29944.0,3180.0,False,closed,38.0
VEL-02624,2021,auto_liability,D,110000.0,2,10000.0,1000000.0,30,9909.0,9169.0,9570.0,0.0,False,closed,2.0
VEL-02625,2021,auto_liability,A,413000.0,2,25000.0,2000000.0,30,2371.0,2332.0,2322.0,10.0,False,closed,19.0
VEL-02626,2021,cargo,B,143000.0,2,10000.0,1000000.0,30,14819.0,13561.0,12177.0,1384.0,False,closed,7.0
VEL-02627,2021,auto_liability,B,125000.0,0,5000.0,2000000.0,30,2325.0,2593.0,2088.0,505.0,False,closed,38.0
VEL-02628,2021,auto_liability,B,109000.0,1,25000.0,1000000.0,30,14496.0,13845.0,12560.0,1285.0,False,closed,39.0
VEL-02629,2021,auto_liability,C,95000.0,4,5000.0,1000000.0,30,8167.0,8665.0,7206.0,1459.0,False,closed,2.0
VEL-02630,2021,auto_liability,C,179000.0,2,5000.0,1000000.0,30,3407.0,3564.0,3193.0,371.0,False,closed,12.0
VEL-02631,2021,physical_damage,A,136000.0,0,25000.0,1000000.0,30,25999.0,28336.0,21908.0,6428.0,False,closed,9.0
VEL-02632,2021,auto_liability,C,214000.0,3,10000.0,1000000.0,30,2332.0,2402.0,2249.0,153.0,False,closed,22.0
VEL-02633,2021,physical_damage,D,144000.0,1,25000.0,1000000.0,30,25658.0,26834.0,24564.0,2270.0,False,closed,18.0
VEL-02634,2021,auto_liability,D,230000.0,0,25000.0,1000000.0,30,6371.0,6644.0,5493.0,1151.0,False,closed,28.0
VEL-02635,2021,physical_damage,B,203000.0,0,10000.0,2000000.0,30,5401.0,5617.0,4732.0,885.0,False,closed,32.0
VEL-02636,2021,auto_liability,A,315000.0,0,25000.0,1000000.0,30,1434.0,1461.0,1253.0,208.0,False,closed,42.0
VEL-02637,2021,auto_liability,C,263000.0,1,25000.0,2000000.0,30,1590.0,1666.0,1414.0,252.0,False,closed,15.0
VEL-02638,2021,cargo,C,140000.0,0,25000.0,1000000.0,30,14875.0,13763.0,14273.0,0.0,False,closed,32.0
VEL-02639,2021,physical_damage,A,339000.0,1,10000.0,2000000.0,30,3077.0,3198.0,2731.0,467.0,False,closed,20.0
VEL-02640,2021,auto_liability,A,137000.0,1,25000.0,1000000.0,30,9852.0,9874.0,9123.0,751.0,False,closed,17.0
VEL-02641,2021,physical_damage,C,116000.0,1,10000.0,2000000.0,30,9324.0,9159.0,8286.0,873.0,False,closed,28.0
VEL-02642,2021,cargo,B,283000.0,2,5000.0,2000000.0,30,13233.0,13110.0,10597.0,2513.0,False,closed,63.0
VEL-02643,2021,physical_damage,A,97000.0,1,5000.0,2000000.0,30,26999.0,29259.0,25190.0,4069.0,False,closed,30.0
VEL-02644,2021,physical_damage,D,129000.0,1,25000.0,1000000.0,30,3348.0,3693.0,3063.0,630.0,False,closed,38.0
VEL-02645,2021,auto_liability,B,85000.0,0,25000.0,1000000.0,30,6047.0,6301.0,10463.362977435205,1156.0,False,closed,123.0
VEL-02646,2021,physical_damage,B,86000.0,2,25000.0,2000000.0,30,5694.0,5588.0,5308.0,280.0,False,closed,27.0
VEL-02647,2021,auto_liability,B,210000.0,0,25000.0,2000000.0,30,9150.0,8878.0,8468.0,410.0,False,closed,34.0
VEL-02648,2021,workers_comp,A,114000.0,0,5000.0,1000000.0,30,9087.0,9774.0,8447.0,1327.0,False,closed,7.0
VEL-02649,2021,physical_damage,B,418000.0,1,5000.0,1000000.0,30,5274.0,5277.0,4872.0,405.0,False,closed,27.0
VEL-02650,2021,auto_liability,B,374000.0,1,25000.0,2000000.0,30,3004.0,3312.0,2760.0,552.0,False,closed,99.0
VEL-02651,2021,cargo,B,216000.0,1,10000.0,1000000.0,30,8652.0,8566.0,8567.0,0.0,True,closed,36.0
VEL-02652,2021,auto_liability,C,130000.0,3,5000.0,1000000.0,30,2282.0,2190.0,2242.0,0.0,False,closed,19.0
VEL-02653,2021,physical_damage,B,179000.0,3,5000.0,1000000.0,30,12644.0,13880.0,11806.0,2074.0,False,closed,55.0
VEL-02654,2021,physical_damage,B,159000.0,1,10000.0,2000000.0,30,966.0,948.0,939.0,9.0,False,closed,4.0
VEL-02655,2021,auto_liability,A,317000.0,1,10000.0,1000000.0,30,6616.0,7372.0,5883.0,1489.0,False,closed,47.0
VEL-02656,2021,cargo,B,70000.0,1,5000.0,2000000.0,30,14834.0,14665.0,12730.0,1935.0,False,closed,43.0
VEL-02657,2021,cargo,D,166000.0,0,5000.0,2000000.0,30,15992.0,15674.0,15003.0,671.0,False,closed,7.0
VEL-02658,2021,workers_comp,A,188000.0,2,10000.0,1000000.0,30,8036.0,8570.0,6443.0,2127.0,False,closed,43.0
VEL-02659,2021,physical_damage,B,221000.0,1,10000.0,2000000.0,30,15756.0,15557.0,14663.0,894.0,False,closed,30.0
VEL-02660,2021,physical_damage,B,255000.0,2,25000.0,1000000.0,30,13793.0,12953.0,13366.0,0.0,False,closed,4.0
VEL-02661,2021,auto_liability,A,148000.0,0,10000.0,2000000.0,30,8179.0,8472.0,6613.0,1859.0,False,closed,25.0
VEL-02662,2021,auto_liability,B,245000.0,1,25000.0,1000000.0,30,4006.0,4077.0,3687.0,390.0,False,closed,21.0
VEL-02663,2021,cargo,A,100000.0,0,5000.0,1000000.0,30,11597.0,12687.0,10356.0,2331.0,False,closed,15.0
VEL-02664,2021,workers_comp,A,315000.0,0,10000.0,1000000.0,30,9508.0,9725.0,8636.0,1089.0,False,closed,24.0
VEL-02665,2021,cargo,B,217000.0,0,25000.0,1000000.0,30,7017.0,7416.0,5628.0,1788.0,False,closed,14.0
VEL-02666,2021,auto_liability,B,169000.0,1,10000.0,1000000.0,30,12264.0,12023.0,11018.0,1005.0,False,closed,33.0
VEL-02667,2021,auto_liability,B,315000.0,2,10000.0,1000000.0,30,1996.0,2084.0,1761.0,323.0,False,closed,21.0
VEL-02668,2021,auto_liability,D,126000.0,2,25000.0,1000000.0,30,6690.0,6965.0,5483.0,1482.0,False,closed,28.0
VEL-02669,2021,auto_liability,B,77000.0,0,5000.0,1000000.0,30,2082.0,1959.0,1673.0,286.0,False,closed,3.0
VEL-02670,2021,auto_liability,B,231000.0,2,5000.0,2000000.0,30,1367.0,1322.0,1140.0,182.0,False,closed,41.0
VEL-02671,2021,cargo,D,188000.0,3,5000.0,1000000.0,30,38338.0,35592.0,35085.0,507.0,False,closed,19.0
VEL-02672,2021,auto_liability,B,152000.0,3,10000.0,1000000.0,30,9110.0,10109.0,8208.0,1901.0,False,closed,9.0
VEL-02673,2021,auto_liability,A,128000.0,0,5000.0,1000000.0,30,5571.0,5541.0,5182.0,359.0,False,closed,12.0
VEL-02674,2021,cargo,A,226000.0,0,25000.0,2000000.0,30,3441.0,3681.0,2758.0,923.0,False,closed,26.0
VEL-02675,2021,workers_comp,B,279000.0,1,10000.0,2000000.0,30,12322.0,11171.0,10669.0,502.0,False,closed,27.0
VEL-02676,2021,physical_damage,A,114000.0,0,5000.0,2000000.0,30,10911.0,11875.0,9034.0,2841.0,False,closed,15.0
VEL-02677,2021,physical_damage,B,90000.0,2,25000.0,2000000.0,30,1799.0,1851.0,1705.0,146.0,False,closed,7.0
VEL-02678,2021,physical_damage,B,253000.0,2,5000.0,2000000.0,30,13077.0,11855.0,10565.0,1290.0,False,closed,5.0
VEL-02679,2021,workers_comp,B,105000.0,2,5000.0,1000000.0,30,16873.0,15419.0,16431.0,0.0,False,closed,26.0
VEL-02680,2021,physical_damage,A,339000.0,1,25000.0,2000000.0,30,24809.0,26184.0,23845.0,2339.0,False,closed,14.0
VEL-02681,2021,physical_damage,B,365000.0,2,25000.0,1000000.0,30,3878.0,3729.0,3134.0,595.0,False,closed,2.0
VEL-02682,2021,physical_damage,C,135000.0,3,25000.0,2000000.0,30,38025.0,35309.0,35118.0,191.0,False,closed,26.0
VEL-02683,2021,workers_comp,B,571000.0,0,10000.0,2000000.0,30,13345.0,13385.0,13109.0,276.0,False,closed,19.0
VEL-02684,2021,cargo,D,158000.0,4,25000.0,1000000.0,30,20072.0,19966.0,16836.0,3130.0,False,closed,12.0
VEL-02685,2021,cargo,B,173000.0,0,10000.0,1000000.0,30,19387.0,18507.0,19366.0,0.0,False,closed,13.0
VEL-02686,2021,auto_liability,A,171000.0,1,5000.0,1000000.0,30,25244.0,28264.0,24338.0,3926.0,False,closed,15.0
VEL-02687,2021,physical_damage,B,225000.0,3,10000.0,2000000.0,30,16740.0,18652.0,16675.0,1977.0,False,closed,13.0
VEL-02688,2021,auto_liability,A,273000.0,0,10000.0,1000000.0,30,18184.0,19195.0,16095.0,3100.0,False,closed,15.0
VEL-02689,2021,auto_liability,A,215000.0,0,10000.0,2000000.0,30,4759.0,4322.0,4271.0,51.0,False,closed,60.0
VEL-02690,2021,workers_comp,B,127000.0,3,10000.0,1000000.0,30,21483.0,23313.0,20591.0,2722.0,False,closed,47.0
VEL-02691,2021,cargo,B,154000.0,1,25000.0,2000000.0,30,19978.0,20603.0,17049.0,3554.0,False,closed,8.0
VEL-02692,2021,workers_comp,B,83000.0,2,10000.0,2000000.0,30,4679.0,4282.0,3831.0,451.0,False,closed,26.0
VEL-02693,2021,auto_liability,C,109000.0,1,25000.0,2000000.0,30,8093.0,7441.0,6664.0,777.0,False,closed,19.0
VEL-02694,2021,auto_liability,B,196000.0,2,25000.0,1000000.0,30,6512.0,6475.0,5609.0,866.0,False,closed,14.0
VEL-02695,2021,auto_liability,C,181000.0,0,5000.0,1000000.0,30,10495.0,10834.0,9147.0,1687.0,False,closed,14.0
VEL-02696,2021,auto_liability,B,136000.0,1,5000.0,1000000.0,30,18746.0,17973.0,17573.0,400.0,False,closed,31.0
VEL-02697,2021,auto_liability,B,202000.0,2,10000.0,1000000.0,30,9249.0,8985.0,7898.0,1087.0,False,closed,12.0
VEL-02698,2021,physical_damage,A,124000.0,0,10000.0,2000000.0,30,8109.0,7939.0,6874.0,1065.0,False,closed,15.0
VEL-02699,2021,auto_liability,B,177000.0,2,5000.0,2000000.0,30,6043.0,5456.0,5149.0,307.0,False,closed,26.0
VEL-02700,2021,physical_damage,B,185000.0,0,10000.0,1000000.0,30,8413.0,9328.0,7421.0,1907.0,False,closed,49.0
VEL-02701,2021,workers_comp,B,295000.0,1,5000.0,2000000.0,30,4576.0,4342.0,4084.0,258.0,False,closed,13.0
VEL-02702,2021,auto_liability,A,299000.0,2,25000.0,1000000.0,30,3883.0,3842.0,3486.0,356.0,False,closed,25.0
VEL-02703,2021,physical_damage,C,109000.0,2,10000.0,1000000.0,30,5004.0,4742.0,4661.0,81.0,False,closed,32.0
VEL-02704,2021,auto_liability,B,148000.0,0,5000.0,2000000.0,30,2011.0,2026.0,1739.0,287.0,False,closed,19.0
VEL-02705,2021,auto_liability,A,75000.0,1,10000.0,1000000.0,30,9698.0,10565.0,19551.746156775203,880.0,False,closed,335.0
VEL-02706,2021,physical_damage,A,486000.0,1,25000.0,2000000.0,30,3227.0,3533.0,3020.0,513.0,False,closed,29.0
VEL-02707,2021,physical_damage,C,62000.0,0,10000.0,2000000.0,30,4476.0,4178.0,4091.0,87.0,False,closed,6.0
VEL-02708,2021,physical_damage,A,173000.0,1,25000.0,1000000.0,30,1878.0,1784.0,1816.0,0.0,True,closed,11.0
VEL-02709,2021,auto_liability,B,83000.0,1,5000.0,1000000.0,30,13112.0,12585.0,11877.0,708.0,False,closed,14.0
VEL-02710,2021,cargo,B,184000.0,2,10000.0,2000000.0,30,29664.0,32304.0,29305.0,2999.0,False,closed,17.0
VEL-02711,2021,cargo,C,200000.0,3,10000.0,2000000.0,30,16860.0,18271.0,15038.0,3233.0,False,closed,34.0
VEL-02712,2021,cargo,C,243000.0,0,5000.0,2000000.0,30,9904.0,10810.0,9579.0,1231.0,True,closed,25.0
VEL-02713,2021,cargo,A,132000.0,0,10000.0,1000000.0,30,12398.0,12249.0,10210.0,2039.0,False,closed,45.0
VEL-02714,2021,cargo,B,254000.0,0,10000.0,2000000.0,30,15192.0,16975.0,15028.0,1947.0,False,closed,58.0
VEL-02715,2021,physical_damage,D,127000.0,4,10000.0,1000000.0,30,12641.0,11848.0,12599.0,0.0,False,closed,24.0
VEL-02716,2021,auto_liability,A,112000.0,1,25000.0,2000000.0,30,5533.0,5668.0,4766.0,902.0,False,closed,51.0
VEL-02717,2021,workers_comp,A,120000.0,0,25000.0,2000000.0,30,2960.0,2845.0,2655.0,190.0,False,closed,24.0
VEL-02718,2021,auto_liability,A,122000.0,0,10000.0,1000000.0,30,5048.0,5104.0,4834.0,270.0,False,closed,20.0
VEL-02719,2021,auto_liability,C,412000.0,0,25000.0,2000000.0,30,4901.0,5379.0,4130.0,1249.0,False,closed,15.0
VEL-02720,2021,auto_liability,D,279000.0,4,5000.0,2000000.0,30,7059.0,7876.0,6851.0,1025.0,False,closed,24.0
VEL-02721,2021,physical_damage,B,245000.0,0,25000.0,2000000.0,30,7280.0,7119.0,6550.0,569.0,False,closed,34.0
VEL-02722,2021,physical_damage,B,66000.0,0,5000.0,1000000.0,30,2792.0,2813.0,2645.0,168.0,False,closed,15.0
VEL-02723,2021,physical_damage,B,171000.0,2,25000.0,1000000.0,30,9557.0,9206.0,8055.0,1151.0,False,closed,33.0
VEL-02724,2021,physical_damage,B,246000.0,2,10000.0,1000000.0,30,12623.0,13649.0,10588.0,3061.0,True,closed,25.0
VEL-02725,2021,workers_comp,A,74000.0,0,5000.0,2000000.0,30,2037.0,1899.0,1645.0,254.0,False,closed,6.0
VEL-02726,2021,cargo,D,290000.0,2,25000.0,2000000.0,30,4860.0,4922.0,4518.0,404.0,False,closed,53.0
VEL-02727,2021,auto_liability,A,104000.0,0,5000.0,2000000.0,30,13269.0,14213.0,12000.0,2213.0,False,closed,10.0
VEL-02728,2021,cargo,A,177000.0,0,5000.0,2000000.0,30,2731.0,2706.0,2541.0,165.0,False,closed,16.0
VEL-02729,2021,cargo,C,202000.0,0,10000.0,1000000.0,30,21391.0,20171.0,17994.0,2177.0,False,closed,11.0
VEL-02730,2021,auto_liability,B,169000.0,2,5000.0,2000000.0,30,10579.0,10677.0,8956.0,1721.0,False,closed,15.0
VEL-02731,2021,workers_comp,B,177000.0,0,25000.0,1000000.0,30,50614.0,53917.0,45177.0,8740.0,False,closed,64.0
VEL-02732,2021,physical_damage,A,226000.0,1,5000.0,1000000.0,30,5113.0,5111.0,4434.0,677.0,False,closed,18.0
VEL-02733,2021,physical_damage,B,320000.0,1,10000.0,2000000.0,30,4451.0,4982.0,3645.0,1337.0,False,closed,35.0
VEL-02734,2021,auto_liability,A,383000.0,0,5000.0,1000000.0,30,2632.0,2787.0,2545.0,242.0,False,closed,12.0
VEL-02735,2021,auto_liability,B,353000.0,1,10000.0,2000000.0,30,3148.0,2891.0,3108.0,0.0,False,closed,62.0
VEL-02736,2021,physical_damage,C,192000.0,1,10000.0,2000000.0,30,2763.0,2893.0,2749.0,144.0,False,closed,53.0
VEL-02737,2021,physical_damage,A,66000.0,0,25000.0,1000000.0,30,2770.0,2978.0,2713.0,265.0,False,closed,27.0
VEL-02738,2021,cargo,B,103000.0,0,10000.0,2000000.0,30,6781.0,7534.0,5823.0,1711.0,False,closed,17.0
VEL-02739,2021,cargo,B,141000.0,0,10000.0,2000000.0,30,7168.0,7739.0,6749.0,990.0,False,closed,10.0
VEL-02740,2021,auto_liability,B,246000.0,0,5000.0,1000000.0,30,9478.0,10238.0,8846.0,1392.0,False,closed,8.0
VEL-02741,2021,auto_liability,D,323000.0,2,10000.0,1000000.0,30,14033.0,12909.0,12886.0,23.0,False,closed,11.0
VEL-02742,2021,auto_liability,A,148000.0,2,5000.0,2000000.0,30,4622.0,4386.0,3924.0,462.0,False,closed,10.0
VEL-02743,2021,cargo,A,128000.0,1,5000.0,2000000.0,30,2147.0,2160.0,1948.0,212.0,False,closed,19.0
VEL-02744,2021,auto_liability,D,188000.0,2,10000.0,1000000.0,30,12439.0,12413.0,10029.0,2384.0,False,closed,21.0
VEL-02745,2021,auto_liability,B,198000.0,0,25000.0,2000000.0,30,4375.0,4014.0,4136.0,0.0,False,closed,32.0
VEL-02746,2021,auto_liability,B,253000.0,0,25000.0,2000000.0,30,1332.0,1373.0,1067.0,306.0,False,closed,35.0
VEL-02747,2021,cargo,C,263000.0,1,25000.0,1000000.0,30,8205.0,8455.0,7616.0,839.0,False,closed,21.0
VEL-02748,2021,physical_damage,C,161000.0,2,25000.0,2000000.0,30,5223.0,4912.0,5152.0,0.0,False,closed,26.0
VEL-02749,2021,physical_damage,C,52000.0,1,25000.0,1000000.0,30,9398.0,9573.0,7995.0,1578.0,False,closed,43.0
VEL-02750,2021,workers_comp,B,146000.0,3,5000.0,2000000.0,30,15917.0,16713.0,13541.0,3172.0,False,closed,10.0
VEL-02751,2021,physical_damage,C,41000.0,1,10000.0,2000000.0,30,31712.0,29983.0,28464.0,1519.0,False,closed,20.0
VEL-02752,2021,auto_liability,B,165000.0,0,25000.0,2000000.0,30,3252.0,3453.0,3199.0,254.0,False,closed,13.0
VEL-02753,2021,auto_liability,C,687000.0,2,10000.0,1000000.0,30,7365.0,7004.0,6076.0,928.0,False,closed,20.0
VEL-02754,2021,cargo,C,332000.0,3,25000.0,1000000.0,30,5566.0,6129.0,4777.0,1352.0,False,closed,41.0
VEL-02755,2021,auto_liability,C,215000.0,4,25000.0,1000000.0,30,4293.0,4679.0,3588.0,1091.0,False,closed,3.0
VEL-02756,2021,workers_comp,C,546000.0,1,10000.0,1000000.0,30,5549.0,5030.0,4522.0,508.0,False,closed,19.0
VEL-02757,2021,workers_comp,C,107000.0,2,10000.0,1000000.0,30,14250.0,14770.0,12027.0,2743.0,False,closed,14.0
VEL-02758,2021,auto_liability,C,220000.0,2,5000.0,1000000.0,30,9866.0,10347.0,9499.0,848.0,True,closed,14.0
VEL-02759,2021,workers_comp,D,235000.0,5,5000.0,2000000.0,30,14353.0,13177.0,12642.0,535.0,False,closed,60.0
VEL-02760,2021,physical_damage,A,127000.0,2,10000.0,1000000.0,30,17883.0,17633.0,15831.0,1802.0,False,closed,47.0
VEL-02761,2021,auto_liability,A,135000.0,1,10000.0,1000000.0,30,4199.0,4034.0,4077.0,0.0,False,closed,16.0
VEL-02762,2021,cargo,D,255000.0,0,5000.0,2000000.0,30,28532.0,31751.0,25070.0,6681.0,False,closed,29.0
VEL-02763,2021,cargo,A,204000.0,0,10000.0,1000000.0,30,6576.0,5937.0,6453.0,0.0,False,closed,21.0
VEL-02764,2021,physical_damage,B,135000.0,1,25000.0,2000000.0,30,7527.0,7427.0,6742.0,685.0,False,closed,17.0
VEL-02765,2021,workers_comp,B,169000.0,0,10000.0,2000000.0,30,44220.0,43447.0,36528.0,6919.0,False,closed,52.0
VEL-02766,2021,cargo,C,251000.0,1,5000.0,1000000.0,30,6100.0,5863.0,5848.0,15.0,False,closed,19.0
VEL-02767,2021,auto_liability,B,163000.0,1,5000.0,1000000.0,30,8962.0,9754.0,7415.0,2339.0,False,closed,4.0
VEL-02768,2021,auto_liability,A,125000.0,0,25000.0,1000000.0,30,1300.0,1193.0,1290.0,0.0,False,closed,45.0
VEL-02769,2021,physical_damage,B,219000.0,1,25000.0,2000000.0,30,6460.0,6221.0,6124.0,97.0,False,closed,28.0
VEL-02770,2021,physical_damage,A,169000.0,1,10000.0,2000000.0,30,12446.0,12024.0,10398.0,1626.0,False,closed,13.0
VEL-02771,2021,physical_damage,C,192000.0,2,10000.0,2000000.0,30,48566.0,53421.0,41972.0,11449.0,False,closed,4.0
VEL-02772,2021,auto_liability,B,100000.0,3,25000.0,2000000.0,30,10217.0,9867.0,8550.0,1317.0,False,closed,28.0
VEL-02773,2021,physical_damage,C,176000.0,3,25000.0,1000000.0,30,11077.0,12043.0,10621.0,1422.0,False,closed,22.0
VEL-02774,2021,auto_liability,C,150000.0,4,10000.0,1000000.0,30,5437.0,5891.0,4733.0,1158.0,False,closed,11.0
VEL-02775,2021,physical_damage,C,87000.0,3,5000.0,2000000.0,30,7379.0,8099.0,6746.0,1353.0,False,closed,5.0
VEL-02776,2021,cargo,A,388000.0,0,10000.0,1000000.0,30,8742.0,9084.0,7984.0,1100.0,False,closed,15.0
VEL-02777,2021,auto_liability,A,194000.0,2,5000.0,1000000.0,30,4753.0,5237.0,4500.0,737.0,False,closed,19.0
VEL-02778,2021,cargo,A,204000.0,1,25000.0,2000000.0,30,21357.0,21293.0,20926.0,367.0,False,closed,9.0
VEL-02779,2021,auto_liability,A,278000.0,1,25000.0,2000000.0,30,2370.0,2161.0,2003.0,158.0,False,closed,8.0
VEL-02780,2021,cargo,D,362000.0,5,10000.0,2000000.0,30,7771.0,7196.0,7346.0,0.0,False,closed,50.0
VEL-02781,2021,auto_liability,D,301000.0,2,5000.0,2000000.0,30,18311.0,18254.0,18185.0,69.0,False,closed,5.0
VEL-02782,2021,physical_damage,C,129000.0,3,5000.0,1000000.0,30,15496.0,15949.0,13003.0,2946.0,False,closed,13.0
VEL-02783,2021,physical_damage,B,202000.0,2,10000.0,1000000.0,30,5688.0,5145.0,5255.0,0.0,False,closed,35.0
VEL-02784,2021,cargo,B,134000.0,1,25000.0,1000000.0,30,8768.0,9492.0,8115.0,1377.0,False,closed,45.0
VEL-02785,2021,physical_damage,A,161000.0,0,10000.0,1000000.0,30,9617.0,9752.0,8041.0,1711.0,False,closed,1.0
VEL-02786,2021,physical_damage,A,219000.0,0,10000.0,2000000.0,30,5244.0,5515.0,5183.0,332.0,False,closed,19.0
VEL-02787,2021,auto_liability,B,328000.0,1,25000.0,1000000.0,30,3238.0,3394.0,3228.0,166.0,False,closed,14.0
VEL-02788,2021,physical_damage,B,106000.0,1,10000.0,2000000.0,30,8662.0,8781.0,8208.0,573.0,False,closed,44.0
VEL-02789,2021,cargo,A,266000.0,1,5000.0,2000000.0,30,14227.0,13023.0,13257.0,0.0,False,closed,17.0
VEL-02790,2021,physical_damage,C,219000.0,2,10000.0,1000000.0,30,4753.0,4653.0,4602.0,51.0,False,closed,7.0
VEL-02791,2021,physical_damage,A,108000.0,1,10000.0,1000000.0,30,4622.0,4307.0,4298.0,9.0,False,closed,16.0
VEL-02792,2021,workers_comp,A,774000.0,0,5000.0,2000000.0,30,15649.0,14470.0,14337.0,133.0,False,closed,8.0
VEL-02793,2021,physical_damage,A,171000.0,4,10000.0,2000000.0,30,1708.0,1597.0,1616.0,0.0,False,closed,39.0
VEL-02794,2021,physical_damage,D,330000.0,3,25000.0,2000000.0,30,9464.0,10089.0,8616.0,1473.0,True,closed,5.0
VEL-02795,2021,cargo,C,176000.0,1,25000.0,1000000.0,30,24200.0,26309.0,19858.0,6451.0,False,closed,11.0
VEL-02796,2021,auto_liability,A,218000.0,2,25000.0,1000000.0,30,2326.0,2264.0,1975.0,289.0,False,closed,33.0
VEL-02797,2021,workers_comp,B,283000.0,1,5000.0,1000000.0,30,19845.0,18459.0,19309.0,0.0,False,closed,42.0
VEL-02798,2021,physical_damage,A,186000.0,1,10000.0,1000000.0,30,37460.0,41250.0,80387.7274943785,10099.0,False,closed,266.0
VEL-02799,2021,physical_damage,D,183000.0,2,10000.0,1000000.0,30,19279.0,19669.0,40219.637917404194,3543.0,False,closed,377.0
VEL-02800,2021,workers_comp,C,340000.0,1,10000.0,2000000.0,30,7533.0,7684.0,7213.0,471.0,False,closed,14.0
VEL-02801,2021,workers_comp,A,316000.0,0,25000.0,1000000.0,30,56517.0,54698.0,53411.0,1287.0,False,closed,30.0
VEL-02802,2021,auto_liability,B,625000.0,2,25000.0,1000000.0,30,9909.0,10224.0,8018.0,2206.0,True,closed,20.0
VEL-02803,2021,physical_damage,A,212000.0,1,10000.0,1000000.0,30,14056.0,13957.0,12586.0,1371.0,False,closed,17.0
VEL-02804,2021,physical_damage,B,75000.0,2,5000.0,2000000.0,30,10358.0,10944.0,9801.0,1143.0,False,closed,7.0
VEL-02805,2021,auto_liability,A,89000.0,0,5000.0,1000000.0,30,2541.0,2802.0,2097.0,705.0,False,closed,18.0
VEL-02806,2021,physical_damage,D,237000.0,1,25000.0,1000000.0,30,10778.0,10098.0,10630.0,0.0,False,closed,32.0
VEL-02807,2021,physical_damage,C,110000.0,0,10000.0,1000000.0,30,8196.0,8556.0,6773.0,1783.0,False,closed,61.0
VEL-02808,2021,cargo,B,89000.0,1,5000.0,1000000.0,30,39257.0,41104.0,34235.0,6869.0,False,closed,6.0
VEL-02809,2021,workers_comp,C,324000.0,1,25000.0,1000000.0,30,38774.0,42055.0,33097.0,8958.0,False,closed,23.0
VEL-02810,2021,physical_damage,C,81000.0,3,25000.0,2000000.0,30,7730.0,7508.0,7003.0,505.0,False,closed,34.0
VEL-02811,2021,auto_liability,D,80000.0,5,10000.0,1000000.0,30,10008.0,10133.0,8047.0,2086.0,False,closed,1.0
VEL-02812,2021,physical_damage,B,198000.0,0,10000.0,2000000.0,30,12205.0,12225.0,25500.41490008344,1038.0,False,closed,217.0
VEL-02813,2021,auto_liability,B,331000.0,2,25000.0,2000000.0,30,14397.0,15451.0,13629.0,1822.0,False,closed,19.0
VEL-02814,2021,auto_liability,B,273000.0,0,25000.0,1000000.0,30,10865.0,11174.0,10386.0,788.0,False,closed,30.0
VEL-02815,2021,auto_liability,B,102000.0,2,25000.0,2000000.0,30,2367.0,2506.0,2073.0,433.0,False,closed,31.0
VEL-02816,2021,physical_damage,A,266000.0,2,25000.0,1000000.0,30,15758.0,16377.0,15636.0,741.0,False,closed,18.0
VEL-02817,2021,auto_liability,C,109000.0,3,5000.0,1000000.0,30,2802.0,3034.0,2658.0,376.0,False,closed,17.0
VEL-02818,2021,workers_comp,B,211000.0,1,5000.0,2000000.0,30,8926.0,9518.0,7458.0,2060.0,False,closed,23.0
VEL-02819,2021,cargo,A,39000.0,1,5000.0,2000000.0,30,2715.0,2767.0,2289.0,478.0,False,closed,10.0
VEL-02820,2021,cargo,A,96000.0,0,5000.0,1000000.0,30,6356.0,6507.0,6199.0,308.0,False,closed,16.0
VEL-02821,2021,cargo,D,218000.0,1,5000.0,1000000.0,30,26476.0,26895.0,21570.0,5325.0,False,closed,45.0
VEL-02822,2021,auto_liability,A,167000.0,1,25000.0,2000000.0,30,4694.0,4475.0,4120.0,355.0,False,closed,3.0
VEL-02823,2021,auto_liability,B,221000.0,0,5000.0,2000000.0,30,12239.0,13492.0,10607.0,2885.0,False,closed,41.0
VEL-02824,2021,physical_damage,D,26000.0,1,10000.0,1000000.0,30,24966.0,23597.0,21794.0,1803.0,False,closed,9.0
VEL-02825,2021,auto_liability,A,364000.0,0,5000.0,2000000.0,30,3867.0,3887.0,3164.0,723.0,False,closed,38.0
VEL-02826,2021,physical_damage,B,280000.0,1,10000.0,2000000.0,30,5285.0,5116.0,4426.0,690.0,False,closed,20.0
VEL-02827,2021,physical_damage,B,518000.0,0,25000.0,2000000.0,30,20988.0,19337.0,17579.0,1758.0,False,closed,29.0
VEL-02828,2021,physical_damage,A,137000.0,1,5000.0,2000000.0,30,10931.0,11782.0,10012.0,1770.0,False,closed,27.0
VEL-02829,2021,auto_liability,B,290000.0,0,25000.0,2000000.0,30,11896.0,11771.0,10064.0,1707.0,False,closed,30.0
VEL-02830,2021,workers_comp,C,246000.0,0,25000.0,2000000.0,30,38969.0,39727.0,34816.0,4911.0,True,closed,4.0
VEL-02831,2021,workers_comp,A,164000.0,1,5000.0,2000000.0,30,8343.0,9029.0,7177.0,1852.0,False,closed,24.0
VEL-02832,2021,physical_damage,B,235000.0,1,10000.0,1000000.0,30,4765.0,4316.0,3855.0,461.0,False,closed,30.0
VEL-02833,2021,auto_liability,C,190000.0,1,25000.0,2000000.0,30,7872.0,7614.0,6821.0,793.0,False,closed,33.0
VEL-02834,2021,auto_liability,B,257000.0,0,5000.0,2000000.0,30,3795.0,4035.0,3561.0,474.0,False,closed,15.0
VEL-02835,2021,physical_damage,A,166000.0,1,10000.0,2000000.0,30,3950.0,3836.0,3543.0,293.0,False,closed,5.0
VEL-02836,2021,auto_liability,B,190000.0,0,5000.0,1000000.0,30,2844.0,2854.0,2668.0,186.0,False,closed,48.0
VEL-02837,2021,cargo,D,124000.0,2,10000.0,2000000.0,30,13956.0,15541.0,11557.0,3984.0,False,closed,20.0
VEL-02838,2021,auto_liability,B,148000.0,2,5000.0,1000000.0,30,4355.0,4363.0,4232.0,131.0,False,closed,56.0
VEL-02839,2021,workers_comp,D,202000.0,0,25000.0,2000000.0,30,26035.0,28462.0,24676.0,3786.0,False,closed,39.0
VEL-02840,2021,physical_damage,A,213000.0,0,5000.0,2000000.0,30,10027.0,9144.0,8184.0,960.0,False,closed,24.0
VEL-02841,2021,auto_liability,A,221000.0,1,10000.0,2000000.0,30,11451.0,12795.0,10092.0,2703.0,False,closed,24.0
VEL-02842,2021,physical_damage,C,286000.0,3,25000.0,1000000.0,30,12189.0,12872.0,11311.0,1561.0,True,closed,10.0
VEL-02843,2021,auto_liability,A,125000.0,0,25000.0,1000000.0,30,5368.0,5591.0,5265.0,326.0,False,closed,30.0
VEL-02844,2021,workers_comp,A,124000.0,0,5000.0,2000000.0,30,14884.0,15499.0,13818.0,1681.0,False,closed,39.0
VEL-02845,2021,physical_damage,B,79000.0,1,25000.0,2000000.0,30,8953.0,8987.0,8865.0,122.0,False,closed,6.0
VEL-02846,2021,cargo,B,349000.0,1,10000.0,2000000.0,30,13585.0,12351.0,11375.0,976.0,False,closed,27.0
VEL-02847,2021,auto_liability,A,483000.0,0,5000.0,2000000.0,30,2973.0,2892.0,2676.0,216.0,False,closed,18.0
VEL-02848,2021,physical_damage,B,220000.0,1,5000.0,1000000.0,30,8726.0,9073.0,7111.0,1962.0,False,closed,84.0
VEL-02849,2021,auto_liability,B,251000.0,2,25000.0,1000000.0,30,2103.0,2115.0,1893.0,222.0,False,closed,21.0
VEL-02850,2021,auto_liability,B,124000.0,2,10000.0,2000000.0,30,12360.0,12748.0,9890.0,2858.0,False,closed,6.0
VEL-02851,2021,auto_liability,C,195000.0,1,5000.0,1000000.0,30,7829.0,8012.0,6278.0,1734.0,False,closed,18.0
VEL-02852,2021,physical_damage,A,373000.0,0,10000.0,2000000.0,30,9240.0,9057.0,7653.0,1404.0,False,closed,5.0
VEL-02853,2021,physical_damage,A,214000.0,2,10000.0,2000000.0,30,2306.0,2308.0,2006.0,302.0,False,closed,5.0
VEL-02854,2021,cargo,A,89000.0,0,10000.0,1000000.0,30,4098.0,3879.0,3549.0,330.0,False,closed,27.0
VEL-02855,2021,auto_liability,C,212000.0,3,5000.0,2000000.0,30,4261.0,4358.0,4258.0,100.0,False,closed,38.0
VEL-02856,2021,cargo,B,183000.0,1,25000.0,2000000.0,30,2264.0,2261.0,1860.0,401.0,False,closed,62.0
VEL-02857,2021,physical_damage,A,285000.0,2,5000.0,1000000.0,30,13689.0,12344.0,11465.0,879.0,False,closed,22.0
VEL-02858,2021,auto_liability,A,421000.0,2,5000.0,1000000.0,30,7103.0,7218.0,6885.0,333.0,False,closed,64.0
VEL-02859,2021,auto_liability,C,188000.0,2,5000.0,1000000.0,30,6824.0,6765.0,6500.0,265.0,False,closed,21.0
VEL-02860,2021,auto_liability,B,236000.0,2,25000.0,1000000.0,30,12159.0,12290.0,11404.0,886.0,False,closed,50.0
VEL-02861,2021,physical_damage,C,302000.0,1,25000.0,2000000.0,30,2480.0,2264.0,1993.0,271.0,False,closed,79.0
VEL-02862,2021,auto_liability,A,119000.0,1,10000.0,1000000.0,30,2072.0,2041.0,1719.0,322.0,False,closed,13.0
VEL-02863,2021,auto_liability,B,165000.0,1,5000.0,2000000.0,30,12138.0,11296.0,11646.0,0.0,False,closed,18.0
VEL-02864,2021,cargo,C,80000.0,2,25000.0,1000000.0,30,21467.0,19908.0,17457.0,2451.0,False,closed,12.0
VEL-02865,2021,physical_damage,C,209000.0,1,10000.0,1000000.0,30,8764.0,8033.0,8066.0,0.0,False,closed,39.0
VEL-02866,2021,auto_liability,D,265000.0,0,25000.0,2000000.0,30,11313.0,10224.0,9813.0,411.0,False,closed,42.0
VEL-02867,2021,physical_damage,A,220000.0,1,5000.0,2000000.0,30,6990.0,7660.0,6119.0,1541.0,False,closed,27.0
VEL-02868,2021,auto_liability,B,232000.0,3,25000.0,2000000.0,30,3892.0,4013.0,3506.0,507.0,False,closed,53.0
VEL-02869,2021,auto_liability,A,126000.0,1,25000.0,2000000.0,30,3022.0,3276.0,2904.0,372.0,False,closed,25.0
VEL-02870,2021,cargo,D,121000.0,2,5000.0,1000000.0,30,7341.0,7194.0,7339.0,0.0,False,closed,8.0
VEL-02871,2021,auto_liability,A,353000.0,0,10000.0,2000000.0,30,4326.0,4397.0,4166.0,231.0,False,closed,19.0
VEL-02872,2021,workers_comp,B,258000.0,1,25000.0,1000000.0,30,10643.0,9799.0,9909.0,0.0,False,closed,17.0
VEL-02873,2021,auto_liability,A,154000.0,2,10000.0,2000000.0,30,8589.0,8370.0,8322.0,48.0,False,closed,33.0
VEL-02874,2021,auto_liability,D,250000.0,2,25000.0,2000000.0,30,2424.0,2311.0,1997.0,314.0,False,closed,5.0
VEL-02875,2021,physical_damage,C,126000.0,0,25000.0,1000000.0,30,9182.0,9719.0,8189.0,1530.0,True,closed,21.0
VEL-02876,2021,cargo,B,112000.0,1,25000.0,2000000.0,30,7251.0,7712.0,7224.0,488.0,False,closed,26.0
VEL-02877,2021,auto_liability,B,220000.0,1,10000.0,1000000.0,30,3154.0,3444.0,2758.0,686.0,False,closed,62.0
VEL-02878,2021,physical_damage,D,177000.0,3,5000.0,1000000.0,30,9078.0,8289.0,7448.0,841.0,False,closed,29.0
VEL-02879,2021,physical_damage,B,215000.0,0,25000.0,1000000.0,30,23758.0,24439.0,22128.0,2311.0,False,closed,22.0
VEL-02880,2021,auto_liability,A,609000.0,1,25000.0,2000000.0,30,16643.0,17532.0,14082.0,3450.0,False,closed,26.0
VEL-02881,2021,auto_liability,A,228000.0,0,10000.0,2000000.0,30,899.0,815.0,886.0,0.0,False,closed,9.0
VEL-02882,2021,auto_liability,B,202000.0,1,10000.0,1000000.0,30,11340.0,12372.0,9675.0,2697.0,False,closed,9.0
VEL-02883,2021,auto_liability,A,521000.0,1,25000.0,1000000.0,30,1320.0,1300.0,1241.0,59.0,False,closed,7.0
VEL-02884,2021,physical_damage,B,124000.0,3,5000.0,1000000.0,30,3327.0,3718.0,3228.0,490.0,False,closed,21.0
VEL-02885,2021,cargo,A,172000.0,1,25000.0,2000000.0,30,4028.0,3845.0,3284.0,561.0,False,closed,37.0
VEL-02886,2021,physical_damage,B,145000.0,1,5000.0,2000000.0,30,2848.0,2963.0,2834.0,129.0,False,closed,24.0
VEL-02887,2021,physical_damage,B,177000.0,1,10000.0,1000000.0,30,17774.0,18582.0,15811.0,2771.0,False,closed,50.0
VEL-02888,2021,auto_liability,B,585000.0,0,10000.0,2000000.0,30,17885.0,17219.0,16244.0,975.0,False,closed,8.0
VEL-02889,2021,physical_damage,B,70000.0,1,25000.0,2000000.0,30,2045.0,1991.0,1797.0,194.0,False,closed,10.0
VEL-02890,2021,auto_liability,B,351000.0,1,25000.0,2000000.0,30,8432.0,8946.0,6772.0,2174.0,False,closed,110.0
VEL-02891,2021,auto_liability,C,95000.0,1,5000.0,2000000.0,30,8863.0,9058.0,8735.0,323.0,False,closed,54.0
VEL-02892,2021,cargo,B,83000.0,2,5000.0,2000000.0,30,7023.0,7703.0,5848.0,1855.0,False,closed,29.0
VEL-02893,2021,auto_liability,B,171000.0,0,10000.0,1000000.0,30,3961.0,4301.0,3535.0,766.0,False,closed,3.0
VEL-02894,2021,physical_damage,D,176000.0,2,5000.0,1000000.0,30,9568.0,8833.0,8387.0,446.0,False,closed,4.0
VEL-02895,2021,physical_damage,B,158000.0,0,10000.0,1000000.0,30,5882.0,6291.0,5276.0,1015.0,False,closed,10.0
VEL-02896,2021,auto_liability,A,105000.0,1,5000.0,2000000.0,30,2108.0,2277.0,1904.0,373.0,False,closed,39.0
VEL-02897,2021,physical_damage,B,259000.0,2,5000.0,1000000.0,30,6643.0,7245.0,6636.0,609.0,False,closed,8.0
VEL-02898,2021,auto_liability,A,96000.0,0,25000.0,1000000.0,30,4760.0,4965.0,3955.0,1010.0,False,closed,20.0
VEL-02899,2021,auto_liability,B,253000.0,2,5000.0,2000000.0,30,5888.0,5609.0,5170.0,439.0,False,closed,64.0
VEL-02900,2021,physical_damage,B,771000.0,0,5000.0,1000000.0,30,3299.0,3022.0,3209.0,0.0,False,closed,6.0
VEL-02901,2021,cargo,A,96000.0,0,10000.0,2000000.0,30,13644.0,14884.0,12958.0,1926.0,False,closed,13.0
VEL-02902,2021,auto_liability,B,212000.0,5,10000.0,2000000.0,30,1937.0,2078.0,1869.0,209.0,True,closed,40.0
VEL-02903,2021,physical_damage,C,197000.0,0,25000.0,1000000.0,30,5523.0,5480.0,4936.0,544.0,False,closed,12.0
VEL-02904,2021,auto_liability,A,85000.0,0,10000.0,2000000.0,30,1777.0,1929.0,1569.0,360.0,False,closed,45.0
VEL-02905,2021,physical_damage,A,187000.0,1,5000.0,2000000.0,30,1508.0,1380.0,1304.0,76.0,False,closed,26.0
VEL-02906,2021,auto_liability,A,305000.0,1,10000.0,2000000.0,30,4784.0,5257.0,4152.0,1105.0,True,closed,49.0
VEL-02907,2021,auto_liability,B,299000.0,1,5000.0,2000000.0,30,2858.0,2933.0,2338.0,595.0,False,closed,10.0
VEL-02908,2021,workers_comp,A,263000.0,0,25000.0,2000000.0,30,25232.0,25978.0,24155.0,1823.0,False,closed,5.0
VEL-02909,2021,physical_damage,D,139000.0,1,5000.0,1000000.0,30,9086.0,10089.0,7830.0,2259.0,False,closed,14.0
VEL-02910,2021,physical_damage,C,175000.0,5,25000.0,2000000.0,30,17536.0,19156.0,15342.0,3814.0,False,closed,25.0
VEL-02911,2021,auto_liability,B,119000.0,1,5000.0,2000000.0,30,2740.0,2558.0,2326.0,232.0,False,closed,31.0
VEL-02912,2021,auto_liability,C,337000.0,4,5000.0,1000000.0,30,4032.0,4333.0,3793.0,540.0,False,closed,54.0
VEL-02913,2021,physical_damage,A,128000.0,1,10000.0,2000000.0,30,8855.0,8288.0,7617.0,671.0,False,closed,20.0
VEL-02914,2021,auto_liability,A,108000.0,2,25000.0,1000000.0,30,2983.0,3075.0,2663.0,412.0,False,closed,42.0
VEL-02915,2021,auto_liability,C,139000.0,1,5000.0,2000000.0,30,3230.0,3223.0,2770.0,453.0,False,closed,21.0
VEL-02916,2021,auto_liability,B,441000.0,1,25000.0,1000000.0,30,5390.0,5423.0,5172.0,251.0,False,closed,24.0
VEL-02917,2021,cargo,A,83000.0,1,10000.0,2000000.0,30,18879.0,19572.0,16264.0,3308.0,False,closed,20.0
VEL-02918,2021,auto_liability,A,293000.0,0,5000.0,2000000.0,30,5855.0,6323.0,5355.0,968.0,False,closed,52.0
VEL-02919,2021,physical_damage,D,275000.0,2,25000.0,2000000.0,30,16531.0,16362.0,14933.0,1429.0,False,closed,3.0
VEL-02920,2021,auto_liability,B,142000.0,1,10000.0,1000000.0,30,31707.0,34915.0,25511.0,9404.0,False,closed,27.0
VEL-02921,2021,physical_damage,B,208000.0,0,10000.0,2000000.0,30,13352.0,12268.0,13263.0,0.0,False,closed,20.0
VEL-02922,2021,auto_liability,A,88000.0,0,25000.0,1000000.0,30,3015.0,2813.0,2930.0,0.0,False,closed,26.0
VEL-02923,2021,cargo,D,227000.0,3,10000.0,1000000.0,30,16835.0,18233.0,15975.0,2258.0,False,closed,35.0
VEL-02924,2021,physical_damage,B,237000.0,1,5000.0,1000000.0,30,3130.0,3257.0,2609.0,648.0,False,closed,14.0
VEL-02925,2021,cargo,A,127000.0,0,25000.0,2000000.0,30,6383.0,7049.0,6198.0,851.0,False,closed,18.0
VEL-02926,2021,auto_liability,C,205000.0,4,10000.0,1000000.0,30,19548.0,20252.0,19427.0,825.0,False,closed,14.0
VEL-02927,2021,physical_damage,C,190000.0,1,10000.0,2000000.0,30,13518.0,12707.0,13158.0,0.0,False,closed,11.0
VEL-02928,2021,auto_liability,A,251000.0,0,5000.0,1000000.0,30,1849.0,1854.0,1713.0,141.0,False,closed,5.0
VEL-02929,2021,physical_damage,B,267000.0,1,25000.0,1000000.0,30,4495.0,4052.0,4332.0,0.0,False,closed,5.0
VEL-02930,2021,workers_comp,B,324000.0,1,25000.0,2000000.0,30,4040.0,4483.0,3445.0,1038.0,False,closed,29.0
VEL-02931,2021,auto_liability,A,178000.0,0,10000.0,1000000.0,30,23754.0,26195.0,22618.0,3577.0,False,closed,14.0
VEL-02932,2021,auto_liability,C,253000.0,0,25000.0,2000000.0,30,4659.0,4219.0,4035.0,184.0,False,closed,17.0
VEL-02933,2021,physical_damage,A,295000.0,1,5000.0,1000000.0,30,2523.0,2515.0,2198.0,317.0,False,closed,25.0
VEL-02934,2021,cargo,C,438000.0,5,5000.0,2000000.0,30,38515.0,37052.0,37143.0,0.0,False,closed,19.0
VEL-02935,2021,auto_liability,B,199000.0,0,5000.0,2000000.0,30,5707.0,5741.0,4671.0,1070.0,False,closed,10.0
VEL-02936,2021,physical_damage,A,149000.0,1,10000.0,2000000.0,30,2961.0,2907.0,2390.0,517.0,False,closed,20.0
VEL-02937,2021,auto_liability,C,135000.0,4,5000.0,2000000.0,30,3305.0,3598.0,3085.0,513.0,False,closed,14.0
VEL-02938,2021,auto_liability,B,179000.0,0,25000.0,1000000.0,30,2283.0,2215.0,2224.0,0.0,False,closed,45.0
VEL-02939,2021,cargo,B,79000.0,3,10000.0,1000000.0,30,8528.0,8051.0,7810.0,241.0,False,closed,42.0
VEL-02940,2021,physical_damage,C,109000.0,1,10000.0,1000000.0,30,8112.0,9032.0,7464.0,1568.0,False,closed,9.0
VEL-02941,2021,cargo,B,266000.0,3,10000.0,2000000.0,30,13470.0,12997.0,11006.0,1991.0,False,closed,24.0
VEL-02942,2021,physical_damage,A,525000.0,1,5000.0,1000000.0,30,3200.0,3372.0,2895.0,477.0,False,closed,31.0
VEL-02943,2021,auto_liability,B,378000.0,1,5000.0,2000000.0,30,3495.0,3539.0,3457.0,82.0,False,closed,43.0
VEL-02944,2021,cargo,A,138000.0,0,25000.0,2000000.0,30,10871.0,11520.0,9715.0,1805.0,False,closed,7.0
VEL-02945,2021,auto_liability,A,351000.0,0,25000.0,2000000.0,30,11156.0,11409.0,10170.0,1239.0,False,closed,67.0
VEL-02946,2021,workers_comp,C,226000.0,3,10000.0,2000000.0,30,66524.0,71707.0,56310.0,15397.0,False,closed,17.0
VEL-02947,2021,auto_liability,B,146000.0,2,5000.0,1000000.0,30,12847.0,12010.0,10640.0,1370.0,False,closed,20.0
VEL-02948,2021,workers_comp,C,371000.0,1,5000.0,2000000.0,30,5962.0,6601.0,5841.0,760.0,False,closed,16.0
VEL-02949,2021,auto_liability,A,301000.0,1,5000.0,2000000.0,30,3399.0,3252.0,2851.0,401.0,False,closed,12.0
VEL-02950,2021,auto_liability,B,299000.0,1,10000.0,2000000.0,30,8767.0,9640.0,8685.0,955.0,False,closed,22.0
VEL-02951,2021,auto_liability,A,255000.0,1,5000.0,1000000.0,30,2226.0,2008.0,2179.0,0.0,True,closed,44.0
VEL-02952,2021,workers_comp,A,312000.0,0,25000.0,1000000.0,30,3789.0,3855.0,3105.0,750.0,False,closed,32.0
VEL-02953,2021,physical_damage,A,164000.0,1,10000.0,1000000.0,30,1857.0,1832.0,1788.0,44.0,False,closed,34.0
VEL-02954,2021,cargo,A,163000.0,0,10000.0,2000000.0,30,7758.0,7160.0,6256.0,904.0,False,closed,38.0
VEL-02955,2021,auto_liability,B,141000.0,3,10000.0,2000000.0,30,3129.0,3324.0,3080.0,244.0,False,closed,38.0
VEL-02956,2021,cargo,A,300000.0,1,25000.0,1000000.0,30,5966.0,6271.0,5758.0,513.0,False,closed,44.0
VEL-02957,2021,physical_damage,C,242000.0,4,25000.0,2000000.0,30,3644.0,3834.0,2918.0,916.0,False,closed,8.0
VEL-02958,2021,cargo,A,313000.0,1,25000.0,2000000.0,30,10536.0,10591.0,9975.0,616.0,False,closed,24.0
VEL-02959,2021,physical_damage,B,161000.0,1,25000.0,1000000.0,30,4158.0,4252.0,3672.0,580.0,True,closed,8.0
VEL-02960,2021,cargo,C,166000.0,1,5000.0,1000000.0,30,4771.0,4832.0,3976.0,856.0,False,closed,21.0
VEL-02961,2021,auto_liability,B,189000.0,2,5000.0,2000000.0,30,2285.0,2214.0,2018.0,196.0,False,closed,8.0
VEL-02962,2021,auto_liability,B,192000.0,2,10000.0,1000000.0,30,1990.0,2029.0,3536.4006189776037,269.0,False,closed,380.0
VEL-02963,2021,auto_liability,C,170000.0,5,5000.0,1000000.0,30,9505.0,10315.0,9329.0,986.0,False,closed,6.0
VEL-02964,2021,cargo,C,393000.0,4,5000.0,1000000.0,30,20685.0,22348.0,18779.0,3569.0,True,closed,30.0
VEL-02965,2021,physical_damage,B,210000.0,3,5000.0,1000000.0,30,4419.0,4047.0,4332.0,0.0,False,closed,18.0
VEL-02966,2021,auto_liability,A,51000.0,0,5000.0,2000000.0,30,2398.0,2563.0,2201.0,362.0,False,closed,10.0
VEL-02967,2021,physical_damage,C,140000.0,4,10000.0,2000000.0,30,42948.0,43041.0,37865.0,5176.0,False,closed,2.0
VEL-02968,2021,cargo,B,217000.0,4,10000.0,1000000.0,30,18037.0,18923.0,15133.0,3790.0,False,closed,10.0
VEL-02969,2021,physical_damage,D,207000.0,4,10000.0,2000000.0,30,33246.0,33286.0,31566.0,1720.0,False,closed,20.0
VEL-02970,2021,physical_damage,B,197000.0,2,25000.0,1000000.0,30,11361.0,10879.0,10432.0,447.0,False,closed,22.0
VEL-02971,2021,cargo,C,171000.0,1,5000.0,2000000.0,30,13195.0,14696.0,10623.0,4073.0,False,closed,20.0
VEL-02972,2021,cargo,B,413000.0,1,5000.0,2000000.0,30,11759.0,13068.0,9931.0,3137.0,False,closed,8.0
VEL-02973,2021,physical_damage,D,128000.0,1,25000.0,1000000.0,30,36655.0,38644.0,32368.0,6276.0,False,closed,18.0
VEL-02974,2021,auto_liability,C,281000.0,2,25000.0,1000000.0,30,33629.0,31463.0,28464.0,2999.0,False,closed,26.0
VEL-02975,2021,workers_comp,C,308000.0,3,25000.0,1000000.0,30,20258.0,18463.0,16254.0,2209.0,False,closed,45.0
VEL-02976,2021,cargo,A,314000.0,3,10000.0,1000000.0,30,9117.0,9542.0,9102.0,440.0,True,closed,81.0
VEL-02977,2021,auto_liability,C,583000.0,2,10000.0,2000000.0,30,13880.0,14623.0,13206.0,1417.0,False,closed,14.0
VEL-02978,2021,cargo,B,123000.0,2,5000.0,1000000.0,30,18037.0,16642.0,16923.0,0.0,False,closed,8.0
VEL-02979,2021,physical_damage,A,139000.0,2,10000.0,2000000.0,30,5895.0,5862.0,5400.0,462.0,False,closed,20.0
VEL-02980,2021,physical_damage,B,234000.0,0,25000.0,1000000.0,30,4953.0,5239.0,4590.0,649.0,False,closed,26.0
VEL-02981,2021,cargo,D,252000.0,4,25000.0,1000000.0,30,9147.0,10167.0,7665.0,2502.0,False,closed,30.0
VEL-02982,2021,physical_damage,D,258000.0,5,5000.0,2000000.0,30,38196.0,41610.0,33163.0,8447.0,True,closed,21.0
VEL-02983,2021,cargo,A,137000.0,1,10000.0,1000000.0,30,6296.0,6787.0,5646.0,1141.0,False,closed,42.0
VEL-02984,2021,auto_liability,B,159000.0,1,25000.0,1000000.0,30,4383.0,4044.0,4267.0,0.0,False,closed,24.0
VEL-02985,2021,cargo,C,427000.0,1,5000.0,2000000.0,30,9643.0,10610.0,8310.0,2300.0,False,closed,23.0
VEL-02986,2021,auto_liability,C,272000.0,1,10000.0,1000000.0,30,2725.0,2750.0,2588.0,162.0,False,closed,17.0
VEL-02987,2021,workers_comp,A,272000.0,0,5000.0,2000000.0,30,15141.0,15109.0,12342.0,2767.0,False,closed,32.0
VEL-02988,2021,auto_liability,B,297000.0,1,5000.0,1000000.0,30,5355.0,5482.0,5015.0,467.0,False,closed,62.0
VEL-02989,2021,auto_liability,B,481000.0,1,10000.0,2000000.0,30,7706.0,7957.0,6248.0,1709.0,False,closed,20.0
VEL-02990,2021,physical_damage,A,180000.0,1,25000.0,1000000.0,30,18650.0,20211.0,16579.0,3632.0,False,closed,33.0
VEL-02991,2021,auto_liability,A,227000.0,1,5000.0,2000000.0,30,3931.0,3550.0,3220.0,330.0,False,closed,9.0
VEL-02992,2021,physical_damage,B,87000.0,2,10000.0,2000000.0,30,8556.0,7780.0,7396.0,384.0,False,closed,11.0
VEL-02993,2021,auto_liability,A,163000.0,0,25000.0,2000000.0,30,2707.0,2708.0,2654.0,54.0,False,closed,29.0
VEL-02994,2021,physical_damage,A,227000.0,0,10000.0,2000000.0,30,12756.0,13844.0,12139.0,1705.0,False,closed,36.0
VEL-02995,2021,auto_liability,A,267000.0,1,5000.0,2000000.0,30,6329.0,5837.0,6250.0,0.0,False,closed,33.0
VEL-02996,2021,auto_liability,B,135000.0,1,10000.0,1000000.0,30,12419.0,12925.0,28372.894241172948,1165.0,False,closed,343.0
VEL-02997,2021,auto_liability,A,98000.0,2,5000.0,1000000.0,30,15108.0,14951.0,13537.0,1414.0,False,closed,13.0
VEL-02998,2021,auto_liability,D,126000.0,5,5000.0,2000000.0,30,3108.0,3448.0,2631.0,817.0,False,closed,14.0
VEL-02999,2021,auto_liability,B,67000.0,0,5000.0,1000000.0,30,18197.0,19492.0,17589.0,1903.0,False,closed,8.0
VEL-03000,2021,physical_damage,C,112000.0,3,10000.0,1000000.0,30,3803.0,3593.0,3186.0,407.0,True,closed,51.0
VEL-03001,2021,physical_damage,A,179000.0,0,25000.0,1000000.0,30,2984.0,3339.0,2546.0,793.0,False,closed,9.0
VEL-03002,2021,physical_damage,A,244000.0,2,25000.0,1000000.0,30,1488.0,1640.0,1364.0,276.0,False,closed,28.0
VEL-03003,2021,physical_damage,C,402000.0,2,25000.0,1000000.0,30,30906.0,28963.0,26031.0,2932.0,True,closed,19.0
VEL-03004,2021,cargo,B,209000.0,0,5000.0,1000000.0,30,7025.0,7487.0,16381.588930607231,835.0,False,closed,163.0
VEL-03005,2021,workers_comp,D,130000.0,3,5000.0,1000000.0,30,29387.0,29878.0,24001.0,5877.0,False,closed,23.0
VEL-03006,2021,cargo,A,213000.0,0,10000.0,1000000.0,30,5206.0,5258.0,4263.0,995.0,False,closed,32.0
VEL-03007,2021,workers_comp,C,159000.0,0,10000.0,2000000.0,30,54528.0,54141.0,46621.0,7520.0,False,closed,38.0
VEL-03008,2021,auto_liability,A,325000.0,1,25000.0,2000000.0,30,1779.0,1773.0,1570.0,203.0,True,closed,45.0
VEL-03009,2021,physical_damage,B,328000.0,1,5000.0,1000000.0,30,7714.0,7934.0,6507.0,1427.0,False,closed,9.0
VEL-03010,2021,cargo,A,83000.0,0,5000.0,1000000.0,30,3603.0,4027.0,2963.0,1064.0,False,closed,26.0
VEL-03011,2021,cargo,D,166000.0,4,25000.0,2000000.0,30,12454.0,13700.0,11102.0,2598.0,False,closed,22.0
VEL-03012,2021,physical_damage,B,543000.0,0,10000.0,1000000.0,30,22375.0,21899.0,22280.0,0.0,False,closed,33.0
VEL-03013,2021,auto_liability,B,352000.0,0,10000.0,1000000.0,30,6848.0,6767.0,6684.0,83.0,False,closed,48.0
VEL-03014,2021,workers_comp,B,172000.0,2,10000.0,1000000.0,30,15970.0,17324.0,15489.0,1835.0,False,closed,29.0
VEL-03015,2021,auto_liability,C,40000.0,2,5000.0,2000000.0,30,12032.0,11670.0,11287.0,383.0,False,closed,29.0
VEL-03016,2021,auto_liability,B,270000.0,2,10000.0,2000000.0,30,3762.0,3719.0,3245.0,474.0,False,closed,16.0
VEL-03017,2021,physical_damage,B,232000.0,0,5000.0,1000000.0,30,3092.0,3252.0,2732.0,520.0,False,closed,5.0
VEL-03018,2021,physical_damage,B,176000.0,2,10000.0,1000000.0,30,3404.0,3122.0,3253.0,0.0,False,closed,6.0
VEL-03019,2021,cargo,A,286000.0,0,10000.0,1000000.0,30,5774.0,6215.0,5334.0,881.0,False,closed,24.0
VEL-03020,2021,auto_liability,B,219000.0,2,10000.0,2000000.0,30,13450.0,12730.0,11186.0,1544.0,False,closed,17.0
VEL-03021,2021,workers_comp,B,254000.0,1,25000.0,2000000.0,30,12609.0,12753.0,10782.0,1971.0,True,closed,26.0
VEL-03022,2021,cargo,B,167000.0,2,5000.0,1000000.0,30,7099.0,6816.0,12047.178210983122,96.0,False,closed,259.0
VEL-03023,2021,cargo,D,174000.0,3,5000.0,2000000.0,30,16157.0,16471.0,15239.0,1232.0,False,closed,22.0
VEL-03024,2021,cargo,B,230000.0,1,25000.0,1000000.0,30,5950.0,5741.0,5146.0,595.0,False,closed,51.0
VEL-03025,2021,physical_damage,D,160000.0,1,10000.0,2000000.0,30,22373.0,22238.0,20988.0,1250.0,False,closed,51.0
VEL-03026,2021,auto_liability,A,104000.0,2,5000.0,1000000.0,30,8079.0,8314.0,6589.0,1725.0,False,closed,22.0
VEL-03027,2021,cargo,B,100000.0,2,25000.0,2000000.0,30,5665.0,6225.0,4989.0,1236.0,False,closed,24.0
VEL-03028,2021,auto_liability,C,216000.0,0,5000.0,2000000.0,30,23983.0,23223.0,19412.0,3811.0,False,closed,3.0
VEL-03029,2021,auto_liability,D,123000.0,3,10000.0,1000000.0,30,3271.0,3602.0,2651.0,951.0,False,closed,28.0
VEL-03030,2021,physical_damage,B,121000.0,1,25000.0,2000000.0,30,10955.0,12229.0,10936.0,1293.0,False,closed,23.0
VEL-03031,2021,cargo,B,133000.0,1,10000.0,1000000.0,30,8093.0,8820.0,6882.0,1938.0,False,closed,13.0
VEL-03032,2021,physical_damage,C,264000.0,1,10000.0,1000000.0,30,17922.0,17417.0,16549.0,868.0,False,closed,6.0
VEL-03033,2022,physical_damage,A,181000.0,0,25000.0,1000000.0,27,2253.0,2475.0,1888.0,587.0,False,closed,41.0
VEL-03034,2022,auto_liability,A,172000.0,0,5000.0,2000000.0,27,9211.0,9251.0,7732.0,1519.0,False,closed,16.0
VEL-03035,2022,workers_comp,B,130000.0,0,10000.0,1000000.0,30,15743.0,15364.0,15455.0,0.0,False,closed,11.0
VEL-03036,2022,physical_damage,C,235000.0,2,10000.0,1000000.0,28,13891.0,13215.0,11805.0,1410.0,False,closed,9.0
VEL-03037,2022,auto_liability,B,156000.0,1,5000.0,1000000.0,30,8826.0,8881.0,7382.0,1499.0,False,closed,12.0
VEL-03038,2022,auto_liability,B,164000.0,0,25000.0,2000000.0,30,2974.0,3270.0,7733.351442591499,669.0,False,closed,373.0
VEL-03039,2022,cargo,B,77000.0,3,25000.0,1000000.0,27,9994.0,9858.0,9916.0,0.0,False,closed,20.0
VEL-03040,2022,physical_damage,A,255000.0,0,25000.0,1000000.0,30,26764.0,26256.0,60685.76464921031,2402.0,False,closed,138.0
VEL-03041,2022,auto_liability,B,191000.0,0,5000.0,2000000.0,30,27212.0,25393.0,22733.0,2660.0,False,closed,23.0
VEL-03042,2022,physical_damage,B,164000.0,6,5000.0,1000000.0,28,1150.0,1229.0,1107.0,122.0,False,closed,3.0
VEL-03043,2022,cargo,C,198000.0,0,5000.0,2000000.0,30,1770.0,1650.0,1540.0,110.0,False,closed,61.0
VEL-03044,2022,physical_damage,B,371000.0,1,10000.0,1000000.0,30,27932.0,27524.0,23611.0,3913.0,False,closed,25.0
VEL-03045,2022,auto_liability,A,50000.0,0,25000.0,2000000.0,29,2572.0,2583.0,2077.0,506.0,False,closed,33.0
VEL-03046,2022,workers_comp,C,292000.0,3,10000.0,2000000.0,27,11023.0,10727.0,10361.0,366.0,False,closed,22.0
VEL-03047,2022,auto_liability,A,151000.0,0,25000.0,1000000.0,29,7411.0,7433.0,6756.0,677.0,False,closed,37.0
VEL-03048,2022,auto_liability,B,152000.0,0,25000.0,1000000.0,30,7781.0,8205.0,7272.0,933.0,False,closed,34.0
VEL-03049,2022,cargo,B,242000.0,0,10000.0,2000000.0,28,4172.0,4469.0,3554.0,915.0,False,closed,46.0
VEL-03050,2022,auto_liability,C,276000.0,3,10000.0,1000000.0,25,10611.0,10131.0,10517.0,0.0,False,closed,68.0
VEL-03051,2022,physical_damage,B,95000.0,0,10000.0,2000000.0,26,9694.0,8863.0,8505.0,358.0,False,closed,20.0
VEL-03052,2022,auto_liability,C,348000.0,5,10000.0,2000000.0,27,1460.0,1437.0,1361.0,76.0,False,closed,31.0
VEL-03053,2022,auto_liability,B,132000.0,1,25000.0,2000000.0,28,3263.0,3079.0,6633.773200902794,0.0,False,closed,128.0
VEL-03054,2022,physical_damage,B,388000.0,2,5000.0,1000000.0,30,10981.0,10714.0,9874.0,840.0,False,closed,3.0
VEL-03055,2022,auto_liability,C,174000.0,1,5000.0,1000000.0,30,13352.0,13004.0,10926.0,2078.0,False,closed,20.0
VEL-03056,2022,auto_liability,C,840000.0,1,5000.0,2000000.0,30,3612.0,3329.0,3184.0,145.0,False,closed,17.0
VEL-03057,2022,workers_comp,A,101000.0,1,25000.0,1000000.0,30,12620.0,13455.0,10841.0,2614.0,False,closed,25.0
VEL-03058,2022,physical_damage,B,210000.0,1,5000.0,2000000.0,30,7220.0,6973.0,6505.0,468.0,False,closed,17.0
VEL-03059,2022,physical_damage,B,402000.0,1,10000.0,1000000.0,30,3282.0,2989.0,2755.0,234.0,True,closed,11.0
VEL-03060,2022,physical_damage,B,131000.0,1,5000.0,2000000.0,30,11414.0,10876.0,10708.0,168.0,False,closed,36.0
VEL-03061,2022,physical_damage,A,227000.0,0,25000.0,2000000.0,30,5136.0,5653.0,4309.0,1344.0,False,closed,11.0
VEL-03062,2022,physical_damage,B,60000.0,2,10000.0,1000000.0,30,7291.0,7825.0,6248.0,1577.0,True,closed,47.0
VEL-03063,2022,auto_liability,A,77000.0,1,25000.0,2000000.0,26,1497.0,1515.0,1476.0,39.0,False,closed,13.0
VEL-03064,2022,cargo,B,90000.0,2,10000.0,2000000.0,28,3800.0,4078.0,3375.0,703.0,False,closed,38.0
VEL-03065,2022,auto_liability,B,155000.0,2,10000.0,1000000.0,30,6476.0,7248.0,6297.0,951.0,False,closed,19.0
VEL-03066,2022,physical_damage,A,84000.0,2,5000.0,1000000.0,30,4558.0,4612.0,4040.0,572.0,False,closed,37.0
VEL-03067,2022,auto_liability,B,215000.0,2,10000.0,1000000.0,30,15140.0,13863.0,14284.0,0.0,False,closed,3.0
VEL-03068,2022,auto_liability,A,151000.0,3,5000.0,1000000.0,25,8257.0,7550.0,7909.0,0.0,False,closed,44.0
VEL-03069,2022,auto_liability,B,42000.0,2,10000.0,2000000.0,30,8417.0,9220.0,7359.0,1861.0,False,closed,32.0
VEL-03070,2022,auto_liability,C,242000.0,0,5000.0,1000000.0,26,7396.0,7838.0,6876.0,962.0,False,closed,41.0
VEL-03071,2022,physical_damage,A,321000.0,0,5000.0,1000000.0,30,9026.0,9730.0,7959.0,1771.0,False,closed,53.0
VEL-03072,2022,auto_liability,B,262000.0,1,25000.0,2000000.0,30,4998.0,5530.0,4030.0,1500.0,False,closed,13.0
VEL-03073,2022,cargo,B,265000.0,3,5000.0,1000000.0,30,11743.0,10612.0,10620.0,0.0,False,closed,24.0
VEL-03074,2022,physical_damage,B,143000.0,0,5000.0,1000000.0,29,24872.0,26574.0,24276.0,2298.0,False,closed,10.0
VEL-03075,2022,physical_damage,B,148000.0,1,5000.0,2000000.0,25,33128.0,36444.0,30743.0,5701.0,False,closed,41.0
VEL-03076,2022,auto_liability,B,186000.0,0,10000.0,1000000.0,25,21661.0,21741.0,20301.0,1440.0,False,closed,17.0
VEL-03077,2022,auto_liability,A,197000.0,0,5000.0,1000000.0,30,2754.0,2585.0,2689.0,0.0,False,closed,18.0
VEL-03078,2022,auto_liability,B,271000.0,1,5000.0,1000000.0,30,2390.0,2408.0,2088.0,320.0,False,closed,36.0
VEL-03079,2022,auto_liability,C,473000.0,1,10000.0,1000000.0,30,5548.0,5547.0,5448.0,99.0,False,closed,17.0
VEL-03080,2022,cargo,B,331000.0,2,25000.0,1000000.0,26,18318.0,18134.0,17250.0,884.0,False,closed,14.0
VEL-03081,2022,auto_liability,B,157000.0,0,5000.0,2000000.0,25,7283.0,7904.0,6911.0,993.0,False,closed,15.0
VEL-03082,2022,physical_damage,B,51000.0,2,5000.0,1000000.0,30,9605.0,9223.0,8660.0,563.0,False,closed,11.0
VEL-03083,2022,auto_liability,A,76000.0,1,5000.0,2000000.0,30,14668.0,16210.0,13773.0,2437.0,False,closed,15.0
VEL-03084,2022,physical_damage,C,203000.0,2,25000.0,1000000.0,30,4619.0,4419.0,3744.0,675.0,True,closed,5.0
VEL-03085,2022,cargo,C,98000.0,2,10000.0,1000000.0,30,23063.0,23480.0,41189.231305303525,2928.0,False,closed,371.0
VEL-03086,2022,physical_damage,B,465000.0,0,25000.0,1000000.0,28,7122.0,7650.0,6531.0,1119.0,False,closed,20.0
VEL-03087,2022,physical_damage,C,143000.0,1,25000.0,1000000.0,30,7516.0,7050.0,6246.0,804.0,False,closed,12.0
VEL-03088,2022,physical_damage,B,154000.0,0,25000.0,2000000.0,26,13269.0,13410.0,11806.0,1604.0,False,closed,28.0
VEL-03089,2022,auto_liability,A,215000.0,1,5000.0,2000000.0,30,2370.0,2387.0,2140.0,247.0,False,closed,16.0
VEL-03090,2022,cargo,A,128000.0,1,25000.0,2000000.0,30,9086.0,9036.0,8646.0,390.0,False,closed,73.0
VEL-03091,2022,auto_liability,A,160000.0,0,5000.0,2000000.0,30,2438.0,2253.0,1996.0,257.0,False,closed,39.0
VEL-03092,2022,auto_liability,A,343000.0,3,25000.0,2000000.0,30,2046.0,2020.0,1810.0,210.0,False,closed,17.0
VEL-03093,2022,auto_liability,A,323000.0,1,5000.0,1000000.0,30,10710.0,10471.0,9122.0,1349.0,False,closed,19.0
VEL-03094,2022,cargo,B,451000.0,0,10000.0,2000000.0,30,7658.0,7769.0,6560.0,1209.0,False,closed,22.0
VEL-03095,2022,auto_liability,A,386000.0,1,5000.0,2000000.0,30,14181.0,15447.0,13057.0,2390.0,False,closed,8.0
VEL-03096,2022,cargo,B,355000.0,1,10000.0,1000000.0,30,4950.0,4844.0,4879.0,0.0,False,closed,11.0
VEL-03097,2022,cargo,C,75000.0,2,10000.0,2000000.0,26,8980.0,9317.0,7888.0,1429.0,False,closed,40.0
VEL-03098,2022,auto_liability,B,170000.0,1,10000.0,1000000.0,30,4203.0,4224.0,3651.0,573.0,False,closed,13.0
VEL-03099,2022,workers_comp,B,122000.0,0,25000.0,2000000.0,30,16904.0,15893.0,14968.0,925.0,False,closed,15.0
VEL-03100,2022,auto_liability,A,169000.0,1,5000.0,2000000.0,30,1209.0,1245.0,1059.0,186.0,False,closed,35.0
VEL-03101,2022,physical_damage,B,214000.0,2,5000.0,1000000.0,27,5089.0,4913.0,4999.0,0.0,False,closed,44.0
VEL-03102,2022,auto_liability,A,242000.0,3,25000.0,2000000.0,27,1290.0,1179.0,1152.0,27.0,False,closed,11.0
VEL-03103,2022,auto_liability,A,244000.0,0,25000.0,1000000.0,30,1712.0,1687.0,1382.0,305.0,False,closed,22.0
VEL-03104,2022,physical_damage,B,321000.0,1,5000.0,1000000.0,25,7985.0,7277.0,7760.0,0.0,False,closed,15.0
VEL-03105,2022,physical_damage,A,266000.0,0,10000.0,1000000.0,30,6558.0,6973.0,5765.0,1208.0,False,closed,28.0
VEL-03106,2022,cargo,C,362000.0,4,10000.0,2000000.0,27,36655.0,35503.0,31998.0,3505.0,False,closed,6.0
VEL-03107,2022,workers_comp,B,94000.0,0,10000.0,2000000.0,30,45168.0,40788.0,42064.0,0.0,False,closed,27.0
VEL-03108,2022,auto_liability,B,109000.0,1,25000.0,1000000.0,28,7019.0,7595.0,6394.0,1201.0,False,closed,23.0
VEL-03109,2022,auto_liability,B,200000.0,0,10000.0,1000000.0,26,5089.0,5310.0,4925.0,385.0,False,closed,11.0
VEL-03110,2022,auto_liability,A,253000.0,0,10000.0,2000000.0,30,11225.0,10135.0,9760.0,375.0,False,closed,22.0
VEL-03111,2022,auto_liability,A,82000.0,2,10000.0,1000000.0,30,4725.0,4398.0,4627.0,0.0,False,closed,27.0
VEL-03112,2022,auto_liability,B,66000.0,1,5000.0,2000000.0,30,10438.0,10150.0,8505.0,1645.0,False,closed,40.0
VEL-03113,2022,physical_damage,B,282000.0,1,10000.0,2000000.0,30,5581.0,5929.0,4745.0,1184.0,True,closed,31.0
VEL-03114,2022,auto_liability,B,154000.0,1,5000.0,2000000.0,30,1053.0,1099.0,925.0,174.0,False,closed,11.0
VEL-03115,2022,physical_damage,C,249000.0,1,10000.0,1000000.0,27,12358.0,13232.0,10610.0,2622.0,False,closed,28.0
VEL-03116,2022,physical_damage,B,277000.0,1,25000.0,2000000.0,29,3668.0,3711.0,2990.0,721.0,False,closed,15.0
VEL-03117,2022,auto_liability,A,225000.0,0,5000.0,1000000.0,25,5868.0,5596.0,5032.0,564.0,False,closed,31.0
VEL-03118,2022,physical_damage,A,119000.0,0,5000.0,2000000.0,25,8072.0,8141.0,7480.0,661.0,False,closed,16.0
VEL-03119,2022,physical_damage,A,280000.0,1,25000.0,2000000.0,27,9346.0,8919.0,8005.0,914.0,False,closed,68.0
VEL-03120,2022,cargo,B,149000.0,1,10000.0,1000000.0,30,12906.0,11974.0,10593.0,1381.0,False,closed,26.0
VEL-03121,2022,auto_liability,B,272000.0,0,25000.0,1000000.0,30,7562.0,7312.0,6634.0,678.0,False,closed,49.0
VEL-03122,2022,auto_liability,B,86000.0,0,25000.0,2000000.0,30,4175.0,4664.0,4080.0,584.0,False,closed,32.0
VEL-03123,2022,cargo,B,227000.0,1,5000.0,1000000.0,30,21077.0,19653.0,19819.0,0.0,False,closed,8.0
VEL-03124,2022,auto_liability,D,175000.0,3,25000.0,2000000.0,30,8934.0,8287.0,7213.0,1074.0,False,closed,20.0
VEL-03125,2022,auto_liability,C,150000.0,2,10000.0,2000000.0,29,2900.0,3152.0,2556.0,596.0,False,closed,15.0
VEL-03126,2022,physical_damage,B,250000.0,1,10000.0,2000000.0,30,7119.0,7799.0,5867.0,1932.0,False,closed,12.0
VEL-03127,2022,auto_liability,C,214000.0,4,10000.0,1000000.0,26,18395.0,20601.0,14917.0,5684.0,False,closed,12.0
VEL-03128,2022,auto_liability,A,190000.0,1,5000.0,2000000.0,30,6466.0,5864.0,5368.0,496.0,False,closed,33.0
VEL-03129,2022,auto_liability,B,214000.0,1,5000.0,1000000.0,30,10073.0,9672.0,9478.0,194.0,False,closed,17.0
VEL-03130,2022,cargo,C,116000.0,0,5000.0,2000000.0,27,17976.0,18419.0,16488.0,1931.0,False,closed,20.0
VEL-03131,2022,cargo,B,211000.0,1,25000.0,1000000.0,28,6038.0,5973.0,5130.0,843.0,False,closed,35.0
VEL-03132,2022,cargo,B,105000.0,0,25000.0,2000000.0,30,50020.0,47571.0,41382.0,6189.0,False,closed,7.0
VEL-03133,2022,auto_liability,C,101000.0,2,25000.0,2000000.0,27,11004.0,11516.0,10649.0,867.0,False,closed,50.0
VEL-03134,2022,physical_damage,A,186000.0,1,5000.0,2000000.0,30,25222.0,25893.0,20639.0,5254.0,False,closed,20.0
VEL-03135,2022,auto_liability,A,206000.0,0,25000.0,1000000.0,25,1545.0,1414.0,1285.0,129.0,False,closed,24.0
VEL-03136,2022,auto_liability,C,119000.0,1,25000.0,1000000.0,30,2014.0,2241.0,1746.0,495.0,False,closed,51.0
VEL-03137,2022,auto_liability,C,106000.0,1,25000.0,2000000.0,30,5462.0,5352.0,12050.62123063622,89.0,False,closed,391.0
VEL-03138,2022,auto_liability,A,100000.0,1,25000.0,1000000.0,27,12463.0,13825.0,12134.0,1691.0,False,closed,25.0
VEL-03139,2022,cargo,B,138000.0,2,25000.0,1000000.0,26,30040.0,32895.0,27342.0,5553.0,False,closed,5.0
VEL-03140,2022,auto_liability,B,127000.0,3,5000.0,1000000.0,25,11643.0,10807.0,10836.0,0.0,False,closed,40.0
VEL-03141,2022,auto_liability,C,408000.0,2,10000.0,2000000.0,30,13847.0,13655.0,11580.0,2075.0,False,closed,20.0
VEL-03142,2022,auto_liability,B,94000.0,2,25000.0,1000000.0,27,7097.0,7093.0,6699.0,394.0,False,closed,6.0
VEL-03143,2022,auto_liability,C,159000.0,6,10000.0,1000000.0,25,4638.0,5062.0,4602.0,460.0,False,closed,41.0
VEL-03144,2022,workers_comp,B,301000.0,0,10000.0,2000000.0,27,16983.0,18235.0,14788.0,3447.0,False,closed,5.0
VEL-03145,2022,auto_liability,A,201000.0,0,25000.0,1000000.0,29,4438.0,4286.0,3568.0,718.0,False,closed,37.0
VEL-03146,2022,auto_liability,B,178000.0,1,10000.0,2000000.0,25,9006.0,9611.0,7667.0,1944.0,False,closed,12.0
VEL-03147,2022,cargo,C,370000.0,1,5000.0,2000000.0,30,22701.0,24450.0,19983.0,4467.0,False,closed,25.0
VEL-03148,2022,physical_damage,A,324000.0,3,5000.0,2000000.0,30,4021.0,3848.0,3254.0,594.0,False,closed,19.0
VEL-03149,2022,physical_damage,B,329000.0,2,10000.0,1000000.0,29,5346.0,5281.0,5218.0,63.0,False,closed,15.0
VEL-03150,2022,physical_damage,B,143000.0,2,25000.0,1000000.0,28,29684.0,32960.0,26975.0,5985.0,False,closed,20.0
VEL-03151,2022,auto_liability,B,259000.0,3,25000.0,2000000.0,30,2403.0,2473.0,2245.0,228.0,False,closed,13.0
VEL-03152,2022,physical_damage,D,252000.0,3,10000.0,1000000.0,26,15284.0,16725.0,14491.0,2234.0,False,closed,33.0
VEL-03153,2022,auto_liability,B,131000.0,0,10000.0,1000000.0,29,2749.0,2633.0,2255.0,378.0,False,closed,13.0
VEL-03154,2022,physical_damage,B,282000.0,2,25000.0,2000000.0,29,9226.0,8819.0,8935.0,0.0,False,closed,28.0
VEL-03155,2022,auto_liability,B,205000.0,0,25000.0,1000000.0,29,8905.0,8310.0,7794.0,516.0,False,closed,44.0
VEL-03156,2022,workers_comp,C,139000.0,4,25000.0,1000000.0,30,7778.0,7963.0,6883.0,1080.0,False,closed,37.0
VEL-03157,2022,cargo,B,196000.0,0,5000.0,2000000.0,30,12249.0,13714.0,10162.0,3552.0,False,closed,28.0
VEL-03158,2022,physical_damage,C,210000.0,2,5000.0,2000000.0,30,12165.0,13171.0,11141.0,2030.0,False,closed,9.0
VEL-03159,2022,workers_comp,C,189000.0,2,25000.0,1000000.0,30,7762.0,7662.0,6796.0,866.0,False,closed,27.0
VEL-03160,2022,workers_comp,D,169000.0,2,10000.0,2000000.0,30,69053.0,70931.0,66934.0,3997.0,False,closed,25.0
VEL-03161,2022,physical_damage,C,72000.0,0,10000.0,2000000.0,30,9440.0,9613.0,8694.0,919.0,False,closed,7.0
VEL-03162,2022,workers_comp,A,159000.0,0,5000.0,1000000.0,29,40598.0,39543.0,37224.0,2319.0,True,closed,37.0
VEL-03163,2022,workers_comp,B,173000.0,1,10000.0,1000000.0,27,4305.0,4394.0,3765.0,629.0,True,closed,27.0
VEL-03164,2022,physical_damage,C,67000.0,2,25000.0,2000000.0,30,3097.0,3466.0,2948.0,518.0,False,closed,64.0
VEL-03165,2022,physical_damage,C,243000.0,1,5000.0,2000000.0,30,7089.0,6887.0,6813.0,74.0,False,closed,65.0
VEL-03166,2022,auto_liability,B,168000.0,2,25000.0,1000000.0,26,11260.0,10295.0,10754.0,0.0,False,closed,49.0
VEL-03167,2022,cargo,C,249000.0,2,25000.0,1000000.0,30,16334.0,15476.0,15473.0,3.0,False,closed,10.0
VEL-03168,2022,cargo,A,209000.0,1,10000.0,1000000.0,27,10361.0,9831.0,8712.0,1119.0,False,closed,37.0
VEL-03169,2022,physical_damage,A,154000.0,1,5000.0,1000000.0,30,3551.0,3426.0,3207.0,219.0,False,closed,4.0
VEL-03170,2022,workers_comp,B,70000.0,0,10000.0,2000000.0,28,12224.0,11756.0,10574.0,1182.0,False,closed,9.0
VEL-03171,2022,auto_liability,C,148000.0,2,10000.0,2000000.0,30,11096.0,11390.0,9642.0,1748.0,True,closed,74.0
VEL-03172,2022,cargo,B,94000.0,1,5000.0,1000000.0,30,20855.0,23076.0,18880.0,4196.0,False,closed,8.0
VEL-03173,2022,physical_damage,B,120000.0,2,5000.0,2000000.0,30,7122.0,7401.0,6583.0,818.0,False,closed,44.0
VEL-03174,2022,physical_damage,B,132000.0,1,5000.0,1000000.0,30,5636.0,5877.0,5282.0,595.0,False,closed,26.0
VEL-03175,2022,cargo,A,137000.0,2,10000.0,1000000.0,30,9081.0,8531.0,8761.0,0.0,False,closed,5.0
VEL-03176,2022,auto_liability,A,223000.0,3,5000.0,2000000.0,27,17055.0,18006.0,15133.0,2873.0,False,closed,16.0
VEL-03177,2022,workers_comp,B,235000.0,0,25000.0,1000000.0,30,27932.0,28277.0,23276.0,5001.0,False,closed,22.0
VEL-03178,2022,cargo,B,187000.0,3,5000.0,2000000.0,30,11327.0,12242.0,10633.0,1609.0,False,closed,7.0
VEL-03179,2022,auto_liability,A,104000.0,2,25000.0,1000000.0,27,2168.0,2166.0,1938.0,228.0,False,closed,29.0
VEL-03180,2022,cargo,A,132000.0,1,25000.0,2000000.0,29,9294.0,9678.0,8503.0,1175.0,False,closed,20.0
VEL-03181,2022,auto_liability,B,221000.0,0,5000.0,2000000.0,28,4363.0,4561.0,8294.490285066873,362.0,False,closed,270.0
VEL-03182,2022,cargo,A,425000.0,1,10000.0,1000000.0,29,5528.0,5289.0,4815.0,474.0,False,closed,13.0
VEL-03183,2022,auto_liability,D,127000.0,2,25000.0,2000000.0,30,439.0,413.0,401.0,12.0,False,closed,31.0
VEL-03184,2022,physical_damage,B,125000.0,2,10000.0,2000000.0,25,26493.0,25815.0,21278.0,4537.0,False,closed,2.0
VEL-03185,2022,auto_liability,B,126000.0,2,25000.0,1000000.0,25,2456.0,2227.0,2007.0,220.0,True,closed,45.0
VEL-03186,2022,cargo,A,165000.0,0,25000.0,1000000.0,30,9046.0,8707.0,7244.0,1463.0,False,closed,25.0
VEL-03187,2022,auto_liability,A,247000.0,2,10000.0,2000000.0,30,4084.0,4140.0,9695.58399976008,485.0,False,closed,313.0
VEL-03188,2022,workers_comp,C,124000.0,0,5000.0,1000000.0,29,18666.0,18328.0,18498.0,0.0,False,closed,14.0
VEL-03189,2022,physical_damage,A,135000.0,1,10000.0,2000000.0,30,2604.0,2847.0,2573.0,274.0,False,closed,35.0
VEL-03190,2022,auto_liability,A,136000.0,2,25000.0,2000000.0,30,2982.0,2847.0,2462.0,385.0,False,closed,5.0
VEL-03191,2022,cargo,C,385000.0,2,10000.0,1000000.0,30,6985.0,6414.0,6211.0,203.0,False,closed,12.0
VEL-03192,2022,auto_liability,B,176000.0,3,5000.0,1000000.0,30,15027.0,14434.0,12596.0,1838.0,False,closed,43.0
VEL-03193,2022,physical_damage,B,311000.0,3,25000.0,1000000.0,30,4354.0,4287.0,3702.0,585.0,True,closed,60.0
VEL-03194,2022,physical_damage,A,309000.0,1,25000.0,1000000.0,30,2162.0,2080.0,2069.0,11.0,False,closed,42.0
VEL-03195,2022,auto_liability,A,173000.0,0,5000.0,1000000.0,29,1592.0,1701.0,1432.0,269.0,False,closed,29.0
VEL-03196,2022,cargo,C,208000.0,2,25000.0,2000000.0,30,22502.0,22144.0,21205.0,939.0,True,closed,69.0
VEL-03197,2022,physical_damage,D,158000.0,0,25000.0,2000000.0,30,16616.0,18098.0,33312.67547079265,4777.0,False,closed,244.0
VEL-03198,2022,physical_damage,A,154000.0,1,5000.0,1000000.0,27,1206.0,1107.0,1123.0,0.0,False,closed,29.0
VEL-03199,2022,cargo,B,91000.0,3,10000.0,2000000.0,30,5283.0,5774.0,4891.0,883.0,False,closed,13.0
VEL-03200,2022,workers_comp,A,120000.0,1,10000.0,2000000.0,30,8506.0,9157.0,8056.0,1101.0,False,closed,5.0
VEL-03201,2022,auto_liability,C,133000.0,2,5000.0,1000000.0,30,2651.0,2773.0,2513.0,260.0,False,closed,29.0
VEL-03202,2022,cargo,B,252000.0,2,5000.0,1000000.0,30,14089.0,13681.0,11683.0,1998.0,False,closed,13.0
VEL-03203,2022,physical_damage,A,143000.0,1,25000.0,2000000.0,29,7718.0,8065.0,7357.0,708.0,False,closed,9.0
VEL-03204,2022,auto_liability,B,109000.0,2,10000.0,2000000.0,28,19838.0,17977.0,18262.0,0.0,False,closed,47.0
VEL-03205,2022,cargo,A,211000.0,3,10000.0,1000000.0,30,4707.0,4709.0,4177.0,532.0,False,closed,12.0
VEL-03206,2022,workers_comp,C,130000.0,3,10000.0,1000000.0,30,21282.0,23631.0,18628.0,5003.0,False,closed,9.0
VEL-03207,2022,physical_damage,A,146000.0,2,25000.0,2000000.0,26,43738.0,47316.0,38081.0,9235.0,False,closed,4.0
VEL-03208,2022,auto_liability,B,111000.0,2,5000.0,1000000.0,25,8964.0,9438.0,8754.0,684.0,True,closed,40.0
VEL-03209,2022,auto_liability,B,264000.0,0,5000.0,2000000.0,30,6522.0,6239.0,5419.0,820.0,False,closed,14.0
VEL-03210,2022,physical_damage,A,143000.0,1,25000.0,2000000.0,30,17955.0,17946.0,16219.0,1727.0,False,closed,63.0
VEL-03211,2022,cargo,A,204000.0,0,5000.0,2000000.0,29,29380.0,31582.0,25870.0,5712.0,False,closed,40.0
VEL-03212,2022,physical_damage,B,103000.0,1,5000.0,2000000.0,25,7366.0,7385.0,7062.0,323.0,False,closed,66.0
VEL-03213,2022,auto_liability,B,134000.0,2,10000.0,1000000.0,26,11406.0,12362.0,10008.0,2354.0,False,closed,1.0
VEL-03214,2022,auto_liability,A,37000.0,2,5000.0,2000000.0,28,20031.0,21065.0,19615.0,1450.0,False,closed,15.0
VEL-03215,2022,cargo,D,237000.0,1,5000.0,2000000.0,28,13674.0,14615.0,12801.0,1814.0,False,closed,13.0
VEL-03216,2022,auto_liability,C,515000.0,2,25000.0,1000000.0,26,5171.0,5508.0,4825.0,683.0,True,closed,27.0
VEL-03217,2022,auto_liability,B,67000.0,3,10000.0,1000000.0,30,11091.0,12337.0,10491.0,1846.0,False,closed,8.0
VEL-03218,2022,physical_damage,C,409000.0,0,25000.0,1000000.0,30,14869.0,14946.0,12603.0,2343.0,False,closed,44.0
VEL-03219,2022,physical_damage,C,334000.0,1,5000.0,2000000.0,29,17053.0,18144.0,15702.0,2442.0,True,closed,36.0
VEL-03220,2022,auto_liability,A,282000.0,0,5000.0,1000000.0,28,5175.0,4739.0,4996.0,0.0,False,closed,8.0
VEL-03221,2022,auto_liability,A,154000.0,0,5000.0,1000000.0,29,3784.0,3588.0,3077.0,511.0,False,closed,16.0
VEL-03222,2022,auto_liability,C,143000.0,5,5000.0,2000000.0,26,6145.0,6833.0,5694.0,1139.0,False,closed,20.0
VEL-03223,2022,physical_damage,B,338000.0,3,5000.0,1000000.0,30,8970.0,8461.0,8684.0,0.0,False,closed,8.0
VEL-03224,2022,physical_damage,D,142000.0,2,5000.0,2000000.0,25,3130.0,3214.0,2951.0,263.0,False,closed,49.0
VEL-03225,2022,cargo,A,94000.0,2,25000.0,2000000.0,25,13609.0,14444.0,13605.0,839.0,False,closed,10.0
VEL-03226,2022,auto_liability,B,128000.0,2,5000.0,2000000.0,30,27003.0,25542.0,22136.0,3406.0,False,closed,21.0
VEL-03227,2022,auto_liability,C,201000.0,2,10000.0,1000000.0,30,4665.0,4321.0,4070.0,251.0,False,closed,9.0
VEL-03228,2022,auto_liability,B,166000.0,0,25000.0,1000000.0,30,2375.0,2174.0,2311.0,0.0,False,closed,26.0
VEL-03229,2022,physical_damage,B,160000.0,2,5000.0,1000000.0,28,25284.0,24169.0,22363.0,1806.0,False,closed,15.0
VEL-03230,2022,cargo,B,184000.0,3,10000.0,1000000.0,28,18787.0,19836.0,18710.0,1126.0,False,closed,31.0
VEL-03231,2022,cargo,A,479000.0,2,5000.0,1000000.0,30,13007.0,14355.0,12264.0,2091.0,False,closed,24.0
VEL-03232,2022,physical_damage,A,218000.0,0,5000.0,2000000.0,30,3333.0,3627.0,2955.0,672.0,False,closed,29.0
VEL-03233,2022,auto_liability,B,225000.0,0,25000.0,2000000.0,28,2320.0,2404.0,1944.0,460.0,False,closed,24.0
VEL-03234,2022,auto_liability,B,108000.0,0,10000.0,2000000.0,30,10972.0,11065.0,10361.0,704.0,False,closed,46.0
VEL-03235,2022,auto_liability,B,141000.0,1,25000.0,2000000.0,25,12912.0,12587.0,12417.0,170.0,False,closed,31.0
VEL-03236,2022,auto_liability,D,304000.0,3,5000.0,2000000.0,30,6183.0,6352.0,5169.0,1183.0,False,closed,18.0
VEL-03237,2022,auto_liability,B,229000.0,1,5000.0,2000000.0,30,10822.0,11091.0,10558.0,533.0,True,closed,13.0
VEL-03238,2022,cargo,D,240000.0,2,5000.0,1000000.0,30,30399.0,27399.0,27893.0,0.0,False,closed,62.0
VEL-03239,2022,physical_damage,B,160000.0,2,25000.0,1000000.0,27,9602.0,9491.0,19155.905498079617,211.0,False,closed,302.0
VEL-03240,2022,cargo,C,87000.0,0,10000.0,1000000.0,27,7528.0,7321.0,6855.0,466.0,False,closed,40.0
VEL-03241,2022,auto_liability,B,157000.0,0,25000.0,1000000.0,30,4206.0,4137.0,4093.0,44.0,False,closed,31.0
VEL-03242,2022,cargo,D,149000.0,7,5000.0,1000000.0,28,6981.0,7613.0,15615.824222891264,1334.0,False,closed,320.0
VEL-03243,2022,auto_liability,A,428000.0,2,10000.0,1000000.0,29,956.0,941.0,795.0,146.0,False,closed,25.0
VEL-03244,2022,physical_damage,B,105000.0,1,25000.0,1000000.0,30,1616.0,1657.0,1323.0,334.0,True,closed,26.0
VEL-03245,2022,workers_comp,A,130000.0,1,5000.0,1000000.0,30,13154.0,13101.0,12414.0,687.0,False,closed,6.0
VEL-03246,2022,auto_liability,A,454000.0,0,5000.0,1000000.0,29,7580.0,8252.0,7456.0,796.0,False,closed,31.0
VEL-03247,2022,auto_liability,D,157000.0,3,25000.0,2000000.0,30,5407.0,5510.0,4694.0,816.0,False,closed,17.0
VEL-03248,2022,auto_liability,D,136000.0,2,10000.0,1000000.0,30,7614.0,6951.0,7166.0,0.0,False,closed,21.0
VEL-03249,2022,cargo,B,275000.0,1,25000.0,2000000.0,30,40574.0,44373.0,40549.0,3824.0,False,closed,14.0
VEL-03250,2022,physical_damage,A,129000.0,1,25000.0,2000000.0,29,8158.0,8699.0,7913.0,786.0,False,closed,62.0
VEL-03251,2022,workers_comp,D,174000.0,4,10000.0,2000000.0,30,44027.0,49168.0,40662.0,8506.0,False,closed,12.0
VEL-03252,2022,auto_liability,A,154000.0,0,5000.0,2000000.0,30,14511.0,15293.0,12596.0,2697.0,False,closed,35.0
VEL-03253,2022,physical_damage,A,245000.0,1,10000.0,1000000.0,28,2930.0,2925.0,2394.0,531.0,False,closed,39.0
VEL-03254,2022,physical_damage,A,153000.0,1,10000.0,2000000.0,30,13620.0,14482.0,12318.0,2164.0,False,closed,28.0
VEL-03255,2022,workers_comp,A,203000.0,0,10000.0,1000000.0,26,3609.0,3707.0,2913.0,794.0,False,closed,24.0
VEL-03256,2022,cargo,D,104000.0,3,10000.0,1000000.0,30,24680.0,23779.0,21626.0,2153.0,False,closed,6.0
VEL-03257,2022,cargo,D,143000.0,4,10000.0,1000000.0,28,7580.0,8060.0,6967.0,1093.0,False,closed,27.0
VEL-03258,2022,auto_liability,C,184000.0,4,10000.0,1000000.0,30,14527.0,15914.0,13486.0,2428.0,False,closed,7.0
VEL-03259,2022,cargo,C,126000.0,3,25000.0,2000000.0,26,5758.0,6101.0,5461.0,640.0,False,closed,12.0
VEL-03260,2022,auto_liability,A,241000.0,0,5000.0,2000000.0,29,2790.0,2555.0,2543.0,12.0,False,closed,10.0
VEL-03261,2022,physical_damage,B,173000.0,0,5000.0,1000000.0,26,16714.0,17123.0,14947.0,2176.0,False,closed,66.0
VEL-03262,2022,auto_liability,B,61000.0,1,10000.0,2000000.0,30,4168.0,4521.0,4125.0,396.0,False,closed,1.0
VEL-03263,2022,cargo,A,432000.0,1,10000.0,2000000.0,30,6974.0,6755.0,5988.0,767.0,True,closed,28.0
VEL-03264,2022,auto_liability,C,145000.0,3,5000.0,2000000.0,28,16232.0,16708.0,13894.0,2814.0,False,closed,7.0
VEL-03265,2022,cargo,B,275000.0,1,25000.0,2000000.0,30,18659.0,20645.0,17070.0,3575.0,False,closed,18.0
VEL-03266,2022,auto_liability,A,242000.0,0,10000.0,2000000.0,27,3445.0,3846.0,2830.0,1016.0,False,closed,25.0
VEL-03267,2022,physical_damage,A,185000.0,0,25000.0,1000000.0,30,10876.0,10471.0,9217.0,1254.0,False,closed,7.0
VEL-03268,2022,auto_liability,C,226000.0,1,5000.0,1000000.0,30,12870.0,12274.0,11258.0,1016.0,False,closed,25.0
VEL-03269,2022,physical_damage,B,227000.0,0,5000.0,2000000.0,30,7639.0,7032.0,6743.0,289.0,False,closed,3.0
VEL-03270,2022,workers_comp,A,116000.0,4,10000.0,2000000.0,30,15697.0,14556.0,14351.0,205.0,False,closed,3.0
VEL-03271,2022,physical_damage,B,268000.0,0,10000.0,2000000.0,30,11664.0,12879.0,10461.0,2418.0,False,closed,9.0
VEL-03272,2022,cargo,A,106000.0,1,10000.0,1000000.0,30,11803.0,11231.0,10459.0,772.0,False,closed,10.0
VEL-03273,2022,cargo,C,322000.0,2,10000.0,2000000.0,26,25383.0,26276.0,21883.0,4393.0,False,closed,57.0
VEL-03274,2022,auto_liability,A,130000.0,0,5000.0,1000000.0,29,15186.0,16178.0,12174.0,4004.0,True,closed,13.0
VEL-03275,2022,physical_damage,A,214000.0,0,5000.0,2000000.0,25,6696.0,7265.0,6125.0,1140.0,False,closed,6.0
VEL-03276,2022,physical_damage,A,166000.0,0,5000.0,2000000.0,30,25403.0,27576.0,25073.0,2503.0,False,closed,42.0
VEL-03277,2022,auto_liability,B,247000.0,3,5000.0,2000000.0,27,10036.0,10918.0,10010.0,908.0,False,closed,23.0
VEL-03278,2022,physical_damage,C,150000.0,2,25000.0,2000000.0,29,7287.0,6691.0,5882.0,809.0,False,closed,64.0
VEL-03279,2022,cargo,B,149000.0,1,25000.0,2000000.0,30,10143.0,9395.0,8227.0,1168.0,False,closed,13.0
VEL-03280,2022,physical_damage,B,155000.0,2,10000.0,1000000.0,28,18058.0,17793.0,16964.0,829.0,False,closed,11.0
VEL-03281,2022,physical_damage,A,206000.0,0,10000.0,2000000.0,30,14539.0,13418.0,13835.0,0.0,False,closed,12.0
VEL-03282,2022,physical_damage,A,326000.0,2,5000.0,2000000.0,30,30339.0,30158.0,25141.0,5017.0,False,closed,8.0
VEL-03283,2022,cargo,B,106000.0,1,25000.0,2000000.0,30,9528.0,10607.0,9055.0,1552.0,False,closed,25.0
VEL-03284,2022,physical_damage,B,43000.0,2,25000.0,1000000.0,25,6598.0,6923.0,5783.0,1140.0,False,closed,30.0
VEL-03285,2022,cargo,A,163000.0,1,10000.0,2000000.0,30,3366.0,3469.0,3025.0,444.0,False,closed,22.0
VEL-03286,2022,physical_damage,D,139000.0,3,10000.0,1000000.0,29,5715.0,5599.0,5221.0,378.0,False,closed,5.0
VEL-03287,2022,auto_liability,A,200000.0,0,10000.0,1000000.0,26,2747.0,2755.0,2327.0,428.0,False,closed,16.0
VEL-03288,2022,auto_liability,A,182000.0,2,5000.0,2000000.0,27,7805.0,8221.0,7000.0,1221.0,False,closed,20.0
VEL-03289,2022,cargo,D,142000.0,2,25000.0,1000000.0,30,9694.0,8952.0,8326.0,626.0,False,closed,47.0
VEL-03290,2022,auto_liability,C,158000.0,1,25000.0,1000000.0,29,11603.0,11051.0,10014.0,1037.0,False,closed,33.0
VEL-03291,2022,auto_liability,B,166000.0,6,10000.0,2000000.0,30,3797.0,4051.0,3716.0,335.0,False,closed,32.0
VEL-03292,2022,auto_liability,B,115000.0,3,5000.0,1000000.0,30,4244.0,4258.0,3606.0,652.0,False,closed,10.0
VEL-03293,2022,physical_damage,A,103000.0,0,10000.0,2000000.0,28,17687.0,18584.0,15946.0,2638.0,False,closed,17.0
VEL-03294,2022,physical_damage,C,104000.0,3,10000.0,1000000.0,30,17781.0,19657.0,15675.0,3982.0,False,closed,42.0
VEL-03295,2022,auto_liability,C,86000.0,0,5000.0,2000000.0,30,6023.0,6424.0,4922.0,1502.0,False,closed,16.0
VEL-03296,2022,auto_liability,C,166000.0,2,25000.0,2000000.0,30,19305.0,21544.0,17232.0,4312.0,False,closed,4.0
VEL-03297,2022,physical_damage,C,276000.0,2,10000.0,1000000.0,30,4750.0,4390.0,4099.0,291.0,False,closed,30.0
VEL-03298,2022,cargo,C,326000.0,0,5000.0,1000000.0,30,15661.0,14766.0,13880.0,886.0,False,closed,9.0
VEL-03299,2022,auto_liability,C,129000.0,1,25000.0,1000000.0,28,2895.0,3126.0,2366.0,760.0,False,closed,25.0
VEL-03300,2022,auto_liability,C,214000.0,2,5000.0,2000000.0,30,15023.0,15270.0,14777.0,493.0,False,closed,26.0
VEL-03301,2022,auto_liability,D,105000.0,1,5000.0,2000000.0,25,13472.0,14440.0,12591.0,1849.0,False,closed,7.0
VEL-03302,2022,cargo,C,171000.0,2,10000.0,2000000.0,27,10499.0,9759.0,9194.0,565.0,False,closed,40.0
VEL-03303,2022,workers_comp,A,151000.0,0,10000.0,1000000.0,29,8354.0,8494.0,7601.0,893.0,False,closed,14.0
VEL-03304,2022,physical_damage,C,405000.0,1,25000.0,1000000.0,27,26574.0,25343.0,21754.0,3589.0,False,closed,28.0
VEL-03305,2022,auto_liability,B,140000.0,0,10000.0,2000000.0,30,6365.0,6106.0,6220.0,0.0,False,closed,27.0
VEL-03306,2022,physical_damage,D,130000.0,4,5000.0,2000000.0,30,6985.0,7742.0,6419.0,1323.0,False,closed,9.0
VEL-03307,2022,auto_liability,B,107000.0,1,5000.0,2000000.0,29,1836.0,2011.0,1595.0,416.0,False,closed,17.0
VEL-03308,2022,cargo,A,103000.0,1,5000.0,2000000.0,25,23418.0,26218.0,19305.0,6913.0,False,closed,29.0
VEL-03309,2022,physical_damage,D,261000.0,1,25000.0,1000000.0,30,39002.0,42031.0,38930.0,3101.0,False,closed,23.0
VEL-03310,2022,physical_damage,B,365000.0,0,25000.0,2000000.0,28,19136.0,17513.0,18240.0,0.0,True,closed,27.0
VEL-03311,2022,workers_comp,B,124000.0,4,10000.0,2000000.0,25,23117.0,23039.0,19770.0,3269.0,False,closed,45.0
VEL-03312,2022,physical_damage,C,94000.0,4,10000.0,1000000.0,29,11695.0,12420.0,11210.0,1210.0,False,closed,7.0
VEL-03313,2022,cargo,C,123000.0,2,5000.0,1000000.0,27,11445.0,11148.0,9168.0,1980.0,False,closed,10.0
VEL-03314,2022,physical_damage,A,82000.0,2,5000.0,2000000.0,26,3675.0,3549.0,3013.0,536.0,False,closed,9.0
VEL-03315,2022,workers_comp,D,155000.0,2,25000.0,2000000.0,30,33211.0,32803.0,30413.0,2390.0,False,closed,5.0
VEL-03316,2022,cargo,A,356000.0,1,25000.0,1000000.0,30,8218.0,8429.0,6857.0,1572.0,False,closed,11.0
VEL-03317,2022,physical_damage,B,107000.0,2,25000.0,2000000.0,30,13224.0,14480.0,11479.0,3001.0,False,closed,22.0
VEL-03318,2022,auto_liability,A,171000.0,1,25000.0,2000000.0,27,5005.0,5603.0,4114.0,1489.0,False,closed,4.0
VEL-03319,2022,auto_liability,C,208000.0,2,10000.0,1000000.0,30,7735.0,8430.0,7533.0,897.0,False,closed,11.0
VEL-03320,2022,workers_comp,B,83000.0,0,25000.0,1000000.0,28,26823.0,29033.0,66087.66865689542,6645.0,False,closed,257.0
VEL-03321,2022,cargo,B,156000.0,1,5000.0,2000000.0,29,12411.0,11624.0,10500.0,1124.0,False,closed,21.0
VEL-03322,2022,cargo,B,90000.0,0,5000.0,1000000.0,26,84682.0,80045.0,74689.0,5356.0,False,closed,14.0
VEL-03323,2022,cargo,B,217000.0,1,5000.0,2000000.0,30,30289.0,30430.0,28113.0,2317.0,False,closed,38.0
VEL-03324,2022,physical_damage,B,190000.0,0,25000.0,2000000.0,30,6933.0,6681.0,6292.0,389.0,False,closed,3.0
VEL-03325,2022,cargo,A,161000.0,1,25000.0,2000000.0,29,9928.0,9443.0,8960.0,483.0,False,closed,7.0
VEL-03326,2022,cargo,B,52000.0,3,5000.0,1000000.0,26,30037.0,30789.0,25341.0,5448.0,False,closed,28.0
VEL-03327,2022,auto_liability,B,120000.0,1,25000.0,2000000.0,30,33152.0,31773.0,32847.0,0.0,False,closed,46.0
VEL-03328,2022,cargo,B,184000.0,2,10000.0,1000000.0,28,3919.0,4180.0,3454.0,726.0,False,closed,18.0
VEL-03329,2022,auto_liability,B,124000.0,1,25000.0,1000000.0,30,5629.0,6224.0,5527.0,697.0,False,closed,53.0
VEL-03330,2022,workers_comp,B,236000.0,1,5000.0,2000000.0,29,3748.0,3986.0,3012.0,974.0,False,closed,28.0
VEL-03331,2022,auto_liability,D,199000.0,4,25000.0,1000000.0,30,11377.0,12047.0,10656.0,1391.0,False,closed,10.0
VEL-03332,2022,auto_liability,B,223000.0,0,25000.0,2000000.0,27,5084.0,5485.0,4100.0,1385.0,False,closed,9.0
VEL-03333,2022,physical_damage,B,175000.0,2,10000.0,1000000.0,27,10082.0,9636.0,9604.0,32.0,False,closed,8.0
VEL-03334,2022,physical_damage,C,248000.0,1,5000.0,1000000.0,30,22026.0,22780.0,21976.0,804.0,False,closed,41.0
VEL-03335,2022,auto_liability,C,136000.0,2,25000.0,1000000.0,25,2991.0,2749.0,2870.0,0.0,False,closed,22.0
VEL-03336,2022,auto_liability,B,142000.0,2,25000.0,1000000.0,30,3783.0,3741.0,3165.0,576.0,False,closed,6.0
VEL-03337,2022,cargo,A,241000.0,0,25000.0,2000000.0,30,10930.0,11721.0,10920.0,801.0,False,closed,5.0
VEL-03338,2022,auto_liability,A,98000.0,1,25000.0,2000000.0,30,3302.0,3304.0,2816.0,488.0,False,closed,8.0
VEL-03339,2022,cargo,B,75000.0,0,5000.0,2000000.0,27,7510.0,7718.0,6222.0,1496.0,False,closed,46.0
VEL-03340,2022,auto_liability,C,238000.0,1,5000.0,2000000.0,30,2731.0,2882.0,2592.0,290.0,False,closed,31.0
VEL-03341,2022,cargo,B,289000.0,0,10000.0,1000000.0,30,2567.0,2448.0,2540.0,0.0,False,closed,40.0
VEL-03342,2022,auto_liability,B,237000.0,2,5000.0,2000000.0,30,5439.0,5376.0,5379.0,0.0,False,closed,15.0
VEL-03343,2022,workers_comp,C,515000.0,2,25000.0,1000000.0,25,56787.0,59016.0,52304.0,6712.0,False,closed,25.0
VEL-03344,2022,auto_liability,C,183000.0,0,10000.0,2000000.0,30,25688.0,27675.0,23108.0,4567.0,False,closed,43.0
VEL-03345,2022,workers_comp,A,73000.0,1,5000.0,2000000.0,30,75649.0,73861.0,63273.0,10588.0,False,closed,40.0
VEL-03346,2022,auto_liability,B,134000.0,0,10000.0,2000000.0,30,12597.0,13307.0,11081.0,2226.0,False,closed,12.0
VEL-03347,2022,physical_damage,B,61000.0,1,5000.0,1000000.0,30,7343.0,7557.0,5941.0,1616.0,False,closed,18.0
VEL-03348,2022,physical_damage,A,153000.0,1,25000.0,2000000.0,25,2081.0,2012.0,1682.0,330.0,False,closed,11.0
VEL-03349,2022,physical_damage,A,190000.0,1,5000.0,2000000.0,30,9142.0,10001.0,8380.0,1621.0,False,closed,13.0
VEL-03350,2022,workers_comp,A,370000.0,2,25000.0,2000000.0,30,7184.0,7899.0,6081.0,1818.0,True,closed,6.0
VEL-03351,2022,physical_damage,C,427000.0,2,5000.0,1000000.0,30,7519.0,7361.0,6645.0,716.0,False,closed,9.0
VEL-03352,2022,cargo,A,191000.0,1,5000.0,1000000.0,30,3288.0,3680.0,2944.0,736.0,False,closed,52.0
VEL-03353,2022,auto_liability,B,349000.0,2,5000.0,1000000.0,25,2428.0,2686.0,2222.0,464.0,False,closed,15.0
VEL-03354,2022,workers_comp,A,260000.0,1,25000.0,1000000.0,26,20349.0,19430.0,16958.0,2472.0,False,closed,11.0
VEL-03355,2022,physical_damage,A,134000.0,1,10000.0,2000000.0,30,4559.0,4684.0,4174.0,510.0,False,closed,21.0
VEL-03356,2022,cargo,A,130000.0,0,10000.0,2000000.0,30,7603.0,7846.0,6482.0,1364.0,False,closed,37.0
VEL-03357,2022,workers_comp,A,76000.0,2,5000.0,2000000.0,29,15382.0,14867.0,15048.0,0.0,False,closed,23.0
VEL-03358,2022,cargo,B,152000.0,3,25000.0,1000000.0,30,26954.0,29412.0,23359.0,6053.0,False,closed,30.0
VEL-03359,2022,auto_liability,B,152000.0,0,25000.0,1000000.0,30,2549.0,2741.0,2137.0,604.0,False,closed,18.0
VEL-03360,2022,auto_liability,B,115000.0,0,5000.0,2000000.0,30,24251.0,23596.0,22772.0,824.0,False,closed,13.0
VEL-03361,2022,auto_liability,B,170000.0,1,25000.0,1000000.0,25,5597.0,5428.0,5231.0,197.0,False,closed,21.0
VEL-03362,2022,physical_damage,B,128000.0,1,25000.0,1000000.0,26,6351.0,6323.0,5537.0,786.0,False,closed,51.0
VEL-03363,2022,workers_comp,B,453000.0,0,10000.0,2000000.0,30,18244.0,18787.0,15290.0,3497.0,False,closed,37.0
VEL-03364,2022,physical_damage,B,83000.0,0,25000.0,2000000.0,25,2182.0,2021.0,1886.0,135.0,False,closed,41.0
VEL-03365,2022,auto_liability,C,291000.0,2,5000.0,2000000.0,30,4964.0,4645.0,4815.0,0.0,False,closed,30.0
VEL-03366,2022,auto_liability,C,128000.0,1,5000.0,2000000.0,30,7589.0,7916.0,6950.0,966.0,False,closed,50.0
VEL-03367,2022,cargo,C,146000.0,3,10000.0,1000000.0,27,9864.0,9617.0,8606.0,1011.0,False,closed,19.0
VEL-03368,2022,auto_liability,C,209000.0,1,25000.0,1000000.0,29,4173.0,3909.0,3687.0,222.0,True,closed,28.0
VEL-03369,2022,auto_liability,B,61000.0,0,5000.0,1000000.0,25,8282.0,7503.0,7381.0,122.0,False,closed,8.0
VEL-03370,2022,cargo,C,132000.0,3,5000.0,1000000.0,28,13924.0,13199.0,12946.0,253.0,False,closed,23.0
VEL-03371,2022,auto_liability,B,239000.0,0,25000.0,1000000.0,29,3997.0,4305.0,3800.0,505.0,False,closed,30.0
VEL-03372,2022,workers_comp,A,84000.0,0,5000.0,1000000.0,30,6980.0,7098.0,6295.0,803.0,False,closed,18.0
VEL-03373,2022,cargo,B,83000.0,1,10000.0,2000000.0,26,9373.0,10036.0,22205.95411359635,1378.0,False,closed,217.0
VEL-03374,2022,cargo,C,48000.0,0,10000.0,2000000.0,30,7981.0,8380.0,7691.0,689.0,False,closed,27.0
VEL-03375,2022,physical_damage,D,131000.0,1,5000.0,2000000.0,29,30979.0,29666.0,30357.0,0.0,False,closed,11.0
VEL-03376,2022,auto_liability,A,79000.0,0,10000.0,1000000.0,25,7769.0,7564.0,7367.0,197.0,False,closed,16.0
VEL-03377,2022,physical_damage,A,141000.0,2,10000.0,1000000.0,30,3029.0,2826.0,2712.0,114.0,False,closed,23.0
VEL-03378,2022,physical_damage,C,123000.0,2,5000.0,1000000.0,27,7448.0,7371.0,6417.0,954.0,False,closed,22.0
VEL-03379,2022,auto_liability,B,201000.0,2,25000.0,1000000.0,28,2418.0,2676.0,2074.0,602.0,False,closed,19.0
VEL-03380,2022,auto_liability,A,328000.0,2,5000.0,1000000.0,30,7109.0,7530.0,6179.0,1351.0,False,closed,44.0
VEL-03381,2022,auto_liability,C,76000.0,0,5000.0,1000000.0,30,10477.0,9637.0,9987.0,0.0,False,closed,31.0
VEL-03382,2022,auto_liability,C,117000.0,0,10000.0,1000000.0,25,6389.0,6851.0,5796.0,1055.0,False,closed,43.0
VEL-03383,2022,cargo,B,114000.0,1,25000.0,1000000.0,30,11221.0,11462.0,9839.0,1623.0,False,closed,35.0
VEL-03384,2022,auto_liability,C,378000.0,0,5000.0,1000000.0,30,9844.0,9493.0,9508.0,0.0,False,closed,57.0
VEL-03385,2022,auto_liability,B,141000.0,1,10000.0,1000000.0,30,6580.0,6960.0,6308.0,652.0,False,closed,5.0
VEL-03386,2022,auto_liability,B,105000.0,1,25000.0,1000000.0,30,16019.0,17009.0,14496.0,2513.0,False,closed,14.0
VEL-03387,2022,cargo,B,73000.0,0,5000.0,1000000.0,30,10483.0,10309.0,9692.0,617.0,False,closed,16.0
VEL-03388,2022,auto_liability,B,199000.0,1,5000.0,2000000.0,30,12337.0,11936.0,11535.0,401.0,False,closed,32.0
VEL-03389,2022,cargo,B,88000.0,0,5000.0,2000000.0,30,44921.0,46454.0,38680.0,7774.0,False,closed,52.0
VEL-03390,2022,auto_liability,D,112000.0,4,10000.0,1000000.0,27,3516.0,3606.0,3395.0,211.0,False,closed,16.0
VEL-03391,2022,auto_liability,B,242000.0,1,25000.0,2000000.0,26,3195.0,3255.0,2597.0,658.0,False,closed,11.0
VEL-03392,2022,auto_liability,D,179000.0,2,10000.0,2000000.0,27,3183.0,3211.0,2925.0,286.0,False,closed,42.0
VEL-03393,2022,cargo,A,185000.0,0,25000.0,1000000.0,30,5976.0,6416.0,5131.0,1285.0,False,closed,6.0
VEL-03394,2022,auto_liability,D,213000.0,1,10000.0,1000000.0,26,8269.0,8225.0,7623.0,602.0,False,closed,26.0
VEL-03395,2022,workers_comp,B,114000.0,2,5000.0,2000000.0,28,17757.0,18181.0,15363.0,2818.0,False,closed,35.0
VEL-03396,2022,physical_damage,C,95000.0,3,5000.0,1000000.0,30,2912.0,3129.0,2371.0,758.0,False,closed,34.0
VEL-03397,2022,auto_liability,B,135000.0,3,5000.0,1000000.0,30,5583.0,6026.0,4811.0,1215.0,False,closed,20.0
VEL-03398,2022,physical_damage,A,105000.0,0,10000.0,2000000.0,30,5242.0,4830.0,4842.0,0.0,False,closed,49.0
VEL-03399,2022,auto_liability,A,266000.0,0,5000.0,2000000.0,30,10774.0,10835.0,10226.0,609.0,False,closed,36.0
VEL-03400,2022,auto_liability,A,221000.0,0,5000.0,1000000.0,30,2224.0,2286.0,2132.0,154.0,False,closed,15.0
VEL-03401,2022,auto_liability,B,171000.0,1,10000.0,1000000.0,28,7459.0,7297.0,6389.0,908.0,False,closed,12.0
VEL-03402,2022,physical_damage,A,198000.0,1,5000.0,1000000.0,30,19800.0,18591.0,36074.33948908479,1566.0,False,closed,236.0
VEL-03403,2022,physical_damage,B,141000.0,0,5000.0,2000000.0,28,12141.0,11396.0,11729.0,0.0,False,closed,20.0
VEL-03404,2022,auto_liability,C,152000.0,1,5000.0,2000000.0,30,9395.0,8772.0,8582.0,190.0,False,closed,25.0
VEL-03405,2022,auto_liability,C,269000.0,1,5000.0,2000000.0,30,2786.0,2574.0,2386.0,188.0,False,closed,11.0
VEL-03406,2022,auto_liability,B,79000.0,3,10000.0,1000000.0,30,2748.0,2721.0,2262.0,459.0,False,closed,13.0
VEL-03407,2022,auto_liability,C,196000.0,2,5000.0,2000000.0,28,2033.0,2124.0,1813.0,311.0,False,closed,20.0
VEL-03408,2022,physical_damage,A,304000.0,3,10000.0,2000000.0,27,21099.0,20864.0,19896.0,968.0,False,closed,14.0
VEL-03409,2022,physical_damage,B,111000.0,2,5000.0,2000000.0,28,9149.0,8875.0,8815.0,60.0,False,closed,6.0
VEL-03410,2022,physical_damage,A,164000.0,1,25000.0,1000000.0,30,9329.0,8847.0,7755.0,1092.0,False,closed,7.0
VEL-03411,2022,auto_liability,A,175000.0,2,5000.0,1000000.0,30,6614.0,6648.0,6498.0,150.0,False,closed,5.0
VEL-03412,2022,auto_liability,B,152000.0,0,10000.0,2000000.0,30,19000.0,18022.0,15370.0,2652.0,False,closed,61.0
VEL-03413,2022,auto_liability,B,257000.0,0,10000.0,1000000.0,30,4643.0,4210.0,4008.0,202.0,False,closed,31.0
VEL-03414,2022,auto_liability,B,204000.0,0,10000.0,1000000.0,30,8611.0,9153.0,7838.0,1315.0,False,closed,48.0
VEL-03415,2022,auto_liability,A,179000.0,0,10000.0,2000000.0,30,2272.0,2318.0,1949.0,369.0,True,closed,17.0
VEL-03416,2022,cargo,D,149000.0,1,5000.0,2000000.0,30,46850.0,46486.0,42063.0,4423.0,False,closed,20.0
VEL-03417,2022,auto_liability,B,99000.0,4,5000.0,1000000.0,30,4409.0,4427.0,4120.0,307.0,False,closed,4.0
VEL-03418,2022,physical_damage,C,238000.0,1,25000.0,2000000.0,27,4039.0,4045.0,3473.0,572.0,False,closed,31.0
VEL-03419,2022,workers_comp,D,155000.0,3,25000.0,2000000.0,29,13331.0,13140.0,12693.0,447.0,False,closed,26.0
VEL-03420,2022,auto_liability,B,124000.0,1,5000.0,1000000.0,26,1087.0,1120.0,1070.0,50.0,False,closed,27.0
VEL-03421,2022,auto_liability,A,150000.0,0,10000.0,1000000.0,27,2153.0,2114.0,1813.0,301.0,False,closed,15.0
VEL-03422,2022,cargo,B,426000.0,2,10000.0,1000000.0,30,9087.0,9812.0,7988.0,1824.0,False,closed,34.0
VEL-03423,2022,auto_liability,A,122000.0,2,10000.0,1000000.0,30,3256.0,2966.0,2690.0,276.0,False,closed,26.0
VEL-03424,2022,workers_comp,C,275000.0,1,10000.0,2000000.0,26,14541.0,16012.0,12584.0,3428.0,False,closed,32.0
VEL-03425,2022,auto_liability,B,102000.0,1,25000.0,1000000.0,25,4296.0,4347.0,3947.0,400.0,False,closed,83.0
VEL-03426,2022,auto_liability,C,104000.0,3,5000.0,2000000.0,30,3325.0,3151.0,2701.0,450.0,False,closed,20.0
VEL-03427,2022,auto_liability,B,383000.0,1,25000.0,2000000.0,30,11827.0,11676.0,11647.0,29.0,False,closed,10.0
VEL-03428,2022,workers_comp,B,100000.0,0,5000.0,1000000.0,30,4556.0,5096.0,3743.0,1353.0,False,closed,30.0
VEL-03429,2022,physical_damage,B,180000.0,2,25000.0,2000000.0,26,4229.0,4563.0,3953.0,610.0,False,closed,19.0
VEL-03430,2022,auto_liability,C,380000.0,1,25000.0,1000000.0,30,4255.0,4085.0,4019.0,66.0,False,closed,13.0
VEL-03431,2022,cargo,B,70000.0,0,10000.0,1000000.0,26,15712.0,15357.0,15709.0,0.0,False,closed,14.0
VEL-03432,2022,cargo,A,156000.0,1,25000.0,1000000.0,25,9679.0,9494.0,8635.0,859.0,False,closed,50.0
VEL-03433,2022,cargo,C,190000.0,1,25000.0,1000000.0,25,8133.0,8639.0,17458.09781528641,573.0,False,closed,221.0
VEL-03434,2022,auto_liability,B,128000.0,0,5000.0,2000000.0,30,3842.0,3966.0,3771.0,195.0,False,closed,37.0
VEL-03435,2022,workers_comp,B,240000.0,2,5000.0,2000000.0,30,28789.0,29163.0,23979.0,5184.0,False,closed,12.0
VEL-03436,2022,auto_liability,B,200000.0,3,5000.0,2000000.0,30,16364.0,15478.0,15028.0,450.0,False,closed,22.0
VEL-03437,2022,physical_damage,A,156000.0,2,10000.0,1000000.0,30,6334.0,6517.0,5809.0,708.0,False,closed,29.0
VEL-03438,2022,workers_comp,D,219000.0,2,5000.0,2000000.0,27,10701.0,11019.0,9992.0,1027.0,False,closed,21.0
VEL-03439,2022,auto_liability,A,151000.0,2,5000.0,1000000.0,30,5844.0,6442.0,5368.0,1074.0,False,closed,4.0
VEL-03440,2022,auto_liability,B,71000.0,0,25000.0,1000000.0,30,20262.0,19079.0,18291.0,788.0,False,closed,22.0
VEL-03441,2022,auto_liability,B,211000.0,0,10000.0,1000000.0,30,3680.0,4121.0,3075.0,1046.0,True,closed,25.0
VEL-03442,2022,auto_liability,C,409000.0,3,10000.0,2000000.0,30,9298.0,8531.0,8931.0,0.0,True,closed,11.0
VEL-03443,2022,workers_comp,A,261000.0,1,5000.0,2000000.0,30,4952.0,4874.0,4519.0,355.0,False,closed,27.0
VEL-03444,2022,physical_damage,B,196000.0,0,10000.0,1000000.0,30,7713.0,6995.0,6716.0,279.0,False,closed,27.0
VEL-03445,2022,cargo,C,87000.0,0,25000.0,1000000.0,30,23552.0,21514.0,20912.0,602.0,False,closed,2.0
VEL-03446,2022,cargo,C,121000.0,1,25000.0,1000000.0,25,16541.0,17051.0,13502.0,3549.0,False,closed,38.0
VEL-03447,2022,auto_liability,A,248000.0,0,25000.0,1000000.0,28,2508.0,2508.0,2419.0,89.0,False,closed,8.0
VEL-03448,2022,auto_liability,B,195000.0,1,10000.0,1000000.0,26,4458.0,4294.0,4046.0,248.0,False,closed,13.0
VEL-03449,2022,auto_liability,A,316000.0,0,5000.0,2000000.0,30,3495.0,3644.0,3321.0,323.0,False,closed,6.0
VEL-03450,2022,physical_damage,B,145000.0,2,10000.0,1000000.0,25,12100.0,11179.0,9858.0,1321.0,False,closed,15.0
VEL-03451,2022,workers_comp,C,75000.0,5,5000.0,2000000.0,30,6867.0,7521.0,5780.0,1741.0,False,closed,48.0
VEL-03452,2022,physical_damage,D,83000.0,2,10000.0,1000000.0,26,10970.0,10580.0,10872.0,0.0,False,closed,4.0
VEL-03453,2022,physical_damage,B,205000.0,1,10000.0,2000000.0,30,18586.0,20663.0,15752.0,4911.0,False,closed,9.0
VEL-03454,2022,auto_liability,B,248000.0,0,10000.0,2000000.0,28,13921.0,13547.0,13069.0,478.0,False,closed,50.0
VEL-03455,2022,workers_comp,B,162000.0,1,10000.0,2000000.0,30,17052.0,18980.0,14156.0,4824.0,False,closed,42.0
VEL-03456,2022,auto_liability,A,209000.0,0,25000.0,2000000.0,28,12061.0,11547.0,11745.0,0.0,False,closed,37.0
VEL-03457,2022,physical_damage,B,196000.0,3,25000.0,1000000.0,30,11907.0,12343.0,11415.0,928.0,False,closed,19.0
VEL-03458,2022,physical_damage,A,258000.0,1,10000.0,1000000.0,30,11089.0,10356.0,10891.0,0.0,False,closed,17.0
VEL-03459,2022,auto_liability,A,114000.0,1,10000.0,1000000.0,25,18760.0,18391.0,15904.0,2487.0,False,closed,14.0
VEL-03460,2022,physical_damage,C,110000.0,5,10000.0,1000000.0,28,5468.0,4928.0,4580.0,348.0,False,closed,16.0
VEL-03461,2022,auto_liability,A,115000.0,1,25000.0,1000000.0,30,8638.0,8511.0,8521.0,0.0,True,closed,20.0
VEL-03462,2022,cargo,D,180000.0,1,10000.0,1000000.0,30,4047.0,4059.0,3460.0,599.0,False,closed,24.0
VEL-03463,2022,cargo,C,185000.0,2,25000.0,1000000.0,30,7506.0,7052.0,7502.0,0.0,False,closed,6.0
VEL-03464,2022,physical_damage,A,85000.0,0,25000.0,2000000.0,27,6968.0,6484.0,5593.0,891.0,False,closed,22.0
VEL-03465,2022,auto_liability,B,185000.0,0,5000.0,1000000.0,29,6070.0,5747.0,5911.0,0.0,False,closed,20.0
VEL-03466,2022,cargo,B,227000.0,0,10000.0,1000000.0,26,30583.0,31294.0,27013.0,4281.0,False,closed,33.0
VEL-03467,2022,cargo,A,120000.0,0,25000.0,2000000.0,26,10063.0,10374.0,9982.0,392.0,False,closed,58.0
VEL-03468,2022,physical_damage,B,200000.0,0,10000.0,2000000.0,27,29451.0,30125.0,68358.35456496214,5976.0,False,closed,210.0
VEL-03469,2022,auto_liability,C,103000.0,0,5000.0,1000000.0,25,4176.0,4521.0,3544.0,977.0,True,closed,56.0
VEL-03470,2022,physical_damage,A,192000.0,0,25000.0,1000000.0,30,6874.0,6775.0,6783.0,0.0,False,closed,18.0
VEL-03471,2022,physical_damage,C,98000.0,1,10000.0,2000000.0,28,6722.0,6733.0,5454.0,1279.0,True,closed,23.0
VEL-03472,2022,auto_liability,B,186000.0,2,25000.0,2000000.0,30,1147.0,1123.0,1131.0,0.0,False,closed,12.0
VEL-03473,2022,auto_liability,B,84000.0,0,25000.0,1000000.0,30,4207.0,3824.0,3696.0,128.0,False,closed,3.0
VEL-03474,2022,cargo,A,78000.0,2,5000.0,2000000.0,26,9584.0,9981.0,8017.0,1964.0,False,closed,9.0
VEL-03475,2022,physical_damage,B,263000.0,1,10000.0,2000000.0,26,5157.0,5445.0,4894.0,551.0,False,closed,14.0
VEL-03476,2022,workers_comp,C,174000.0,2,5000.0,1000000.0,28,9286.0,10259.0,8686.0,1573.0,False,closed,18.0
VEL-03477,2022,cargo,C,120000.0,0,25000.0,2000000.0,30,7728.0,7045.0,6261.0,784.0,True,closed,21.0
VEL-03478,2022,physical_damage,A,283000.0,0,5000.0,1000000.0,27,3227.0,3513.0,3171.0,342.0,False,closed,12.0
VEL-03479,2022,cargo,B,60000.0,3,10000.0,2000000.0,30,7147.0,6915.0,7036.0,0.0,False,closed,18.0
VEL-03480,2022,physical_damage,A,253000.0,2,10000.0,2000000.0,28,2124.0,2378.0,2038.0,340.0,False,closed,26.0
VEL-03481,2022,physical_damage,A,208000.0,0,25000.0,1000000.0,30,7518.0,7978.0,6876.0,1102.0,False,closed,11.0
VEL-03482,2022,physical_damage,D,138000.0,0,25000.0,1000000.0,28,1783.0,1923.0,1534.0,389.0,False,closed,4.0
VEL-03483,2022,auto_liability,D,187000.0,2,25000.0,1000000.0,30,2047.0,2117.0,2022.0,95.0,False,closed,35.0
VEL-03484,2022,physical_damage,A,309000.0,0,5000.0,2000000.0,25,5189.0,5713.0,4927.0,786.0,False,closed,11.0
VEL-03485,2022,workers_comp,B,235000.0,2,5000.0,2000000.0,30,17249.0,19169.0,14519.0,4650.0,False,closed,12.0
VEL-03486,2022,auto_liability,C,179000.0,1,5000.0,2000000.0,30,5297.0,5248.0,4509.0,739.0,False,closed,21.0
VEL-03487,2022,cargo,C,208000.0,2,10000.0,2000000.0,30,4201.0,3904.0,4034.0,0.0,False,closed,28.0
VEL-03488,2022,auto_liability,A,325000.0,0,5000.0,2000000.0,27,3726.0,4078.0,3429.0,649.0,False,closed,6.0
VEL-03489,2022,auto_liability,B,118000.0,3,5000.0,2000000.0,30,1870.0,1806.0,1636.0,170.0,False,closed,22.0
VEL-03490,2022,workers_comp,A,245000.0,0,5000.0,2000000.0,25,13656.0,14847.0,12578.0,2269.0,False,closed,30.0
VEL-03491,2022,physical_damage,C,89000.0,1,5000.0,1000000.0,29,32385.0,29730.0,28733.0,997.0,False,closed,42.0
VEL-03492,2022,auto_liability,A,372000.0,1,5000.0,1000000.0,30,5805.0,5764.0,5745.0,19.0,False,closed,13.0
VEL-03493,2022,physical_damage,A,236000.0,0,10000.0,1000000.0,30,3057.0,3359.0,2810.0,549.0,True,closed,19.0
VEL-03494,2022,physical_damage,B,130000.0,2,10000.0,1000000.0,29,12046.0,13407.0,11201.0,2206.0,False,closed,20.0
VEL-03495,2022,auto_liability,A,230000.0,0,25000.0,2000000.0,29,11925.0,12658.0,11077.0,1581.0,False,closed,10.0
VEL-03496,2022,physical_damage,B,141000.0,2,10000.0,2000000.0,29,3617.0,3992.0,3072.0,920.0,False,closed,5.0
VEL-03497,2022,physical_damage,A,201000.0,1,25000.0,2000000.0,26,11575.0,12891.0,9700.0,3191.0,False,closed,23.0
VEL-03498,2022,physical_damage,D,103000.0,4,5000.0,1000000.0,30,8755.0,9774.0,7244.0,2530.0,False,closed,10.0
VEL-03499,2022,auto_liability,B,248000.0,2,5000.0,1000000.0,30,7530.0,7463.0,6985.0,478.0,False,closed,10.0
VEL-03500,2022,physical_damage,B,204000.0,3,25000.0,1000000.0,30,13234.0,13638.0,12102.0,1536.0,False,closed,1.0
VEL-03501,2022,cargo,B,187000.0,0,25000.0,2000000.0,30,5162.0,5379.0,4189.0,1190.0,False,closed,19.0
VEL-03502,2022,physical_damage,A,218000.0,0,10000.0,2000000.0,30,2382.0,2267.0,2319.0,0.0,False,closed,12.0
VEL-03503,2022,cargo,C,142000.0,2,25000.0,2000000.0,30,75388.0,75469.0,70522.0,4947.0,False,closed,11.0
VEL-03504,2022,auto_liability,C,197000.0,2,5000.0,1000000.0,30,23257.0,21598.0,19570.0,2028.0,False,closed,8.0
VEL-03505,2022,auto_liability,D,226000.0,2,5000.0,1000000.0,29,25043.0,24576.0,20967.0,3609.0,False,closed,23.0
VEL-03506,2022,physical_damage,B,123000.0,2,5000.0,1000000.0,30,11297.0,12490.0,10182.0,2308.0,False,closed,5.0
VEL-03507,2022,auto_liability,B,132000.0,1,10000.0,1000000.0,29,7046.0,7580.0,6646.0,934.0,False,closed,39.0
VEL-03508,2022,auto_liability,A,427000.0,3,10000.0,1000000.0,30,7300.0,8124.0,6161.0,1963.0,False,closed,30.0
VEL-03509,2022,auto_liability,A,132000.0,1,10000.0,1000000.0,30,3689.0,3731.0,8318.969935348212,680.0,False,closed,237.0
VEL-03510,2022,auto_liability,B,188000.0,0,10000.0,1000000.0,26,5420.0,5601.0,4465.0,1136.0,False,closed,18.0
VEL-03511,2022,workers_comp,B,109000.0,2,5000.0,1000000.0,30,19068.0,19618.0,18386.0,1232.0,False,closed,37.0
VEL-03512,2022,cargo,C,89000.0,2,10000.0,1000000.0,28,19437.0,21692.0,16865.0,4827.0,False,closed,18.0
VEL-03513,2022,auto_liability,B,318000.0,0,5000.0,1000000.0,29,4938.0,4706.0,4315.0,391.0,True,closed,19.0
VEL-03514,2022,auto_liability,C,301000.0,3,25000.0,1000000.0,30,4959.0,5548.0,4794.0,754.0,False,closed,1.0
VEL-03515,2022,auto_liability,D,101000.0,2,25000.0,1000000.0,30,27136.0,26867.0,24819.0,2048.0,False,closed,48.0
VEL-03516,2022,auto_liability,B,60000.0,0,25000.0,1000000.0,30,4605.0,4924.0,4453.0,471.0,False,closed,20.0
VEL-03517,2022,cargo,C,115000.0,5,5000.0,1000000.0,27,7519.0,8063.0,6433.0,1630.0,True,closed,49.0
VEL-03518,2022,auto_liability,A,540000.0,1,5000.0,1000000.0,30,5062.0,5614.0,4352.0,1262.0,False,closed,16.0
VEL-03519,2022,auto_liability,A,229000.0,0,10000.0,2000000.0,29,3257.0,3289.0,3221.0,68.0,False,closed,13.0
VEL-03520,2022,physical_damage,B,182000.0,1,25000.0,2000000.0,25,2174.0,2372.0,1980.0,392.0,False,closed,23.0
VEL-03521,2022,cargo,C,153000.0,3,5000.0,1000000.0,25,4828.0,5345.0,4406.0,939.0,False,closed,37.0
VEL-03522,2022,workers_comp,B,180000.0,0,5000.0,2000000.0,30,1766.0,1728.0,1579.0,149.0,False,closed,23.0
VEL-03523,2022,auto_liability,D,166000.0,1,10000.0,1000000.0,30,2322.0,2331.0,2246.0,85.0,False,closed,71.0
VEL-03524,2022,physical_damage,B,295000.0,0,25000.0,2000000.0,28,17849.0,16559.0,14683.0,1876.0,False,closed,40.0
VEL-03525,2022,workers_comp,C,205000.0,3,10000.0,2000000.0,30,12696.0,13442.0,28132.07801743909,3144.0,False,closed,392.0
VEL-03526,2022,auto_liability,A,319000.0,0,25000.0,2000000.0,30,425.0,418.0,378.0,40.0,False,closed,5.0
VEL-03527,2022,physical_damage,B,150000.0,1,10000.0,1000000.0,30,4616.0,4272.0,4091.0,181.0,False,closed,26.0
VEL-03528,2022,cargo,C,390000.0,3,10000.0,2000000.0,30,32560.0,31132.0,30490.0,642.0,False,closed,22.0
VEL-03529,2022,cargo,C,198000.0,3,25000.0,1000000.0,30,3948.0,4075.0,3902.0,173.0,False,closed,7.0
VEL-03530,2022,physical_damage,B,144000.0,2,10000.0,1000000.0,30,15788.0,17397.0,15692.0,1705.0,False,closed,56.0
VEL-03531,2022,cargo,B,107000.0,1,5000.0,2000000.0,30,4235.0,4638.0,3624.0,1014.0,False,closed,14.0
VEL-03532,2022,workers_comp,A,124000.0,0,10000.0,2000000.0,29,6752.0,7087.0,6127.0,960.0,False,closed,28.0
VEL-03533,2022,auto_liability,A,221000.0,1,5000.0,1000000.0,30,3127.0,3277.0,2632.0,645.0,False,closed,6.0
VEL-03534,2022,cargo,B,274000.0,1,10000.0,1000000.0,30,17350.0,16047.0,17053.0,0.0,False,closed,50.0
VEL-03535,2022,workers_comp,B,129000.0,0,10000.0,1000000.0,30,6948.0,7107.0,6507.0,600.0,False,closed,39.0
VEL-03536,2022,physical_damage,A,129000.0,0,5000.0,1000000.0,30,4887.0,5037.0,4874.0,163.0,False,closed,17.0
VEL-03537,2022,physical_damage,C,457000.0,1,10000.0,2000000.0,30,4515.0,4103.0,4040.0,63.0,False,closed,36.0
VEL-03538,2022,physical_damage,B,186000.0,3,25000.0,2000000.0,27,14858.0,13575.0,14691.0,0.0,False,closed,2.0
VEL-03539,2022,cargo,B,262000.0,5,25000.0,2000000.0,28,11384.0,11588.0,10825.0,763.0,False,closed,6.0
VEL-03540,2022,cargo,C,172000.0,1,25000.0,1000000.0,25,4240.0,4375.0,3855.0,520.0,False,closed,40.0
VEL-03541,2022,physical_damage,A,105000.0,1,5000.0,1000000.0,30,3130.0,3482.0,2579.0,903.0,False,closed,64.0
VEL-03542,2022,cargo,D,141000.0,2,25000.0,1000000.0,25,10189.0,9715.0,8557.0,1158.0,False,closed,25.0
VEL-03543,2022,physical_damage,B,81000.0,1,25000.0,2000000.0,25,5966.0,6670.0,4953.0,1717.0,False,closed,10.0
VEL-03544,2022,workers_comp,A,130000.0,1,10000.0,1000000.0,30,8379.0,9155.0,16589.56353075641,2303.0,False,closed,165.0
VEL-03545,2022,auto_liability,B,116000.0,1,10000.0,2000000.0,30,6446.0,6370.0,6160.0,210.0,False,closed,11.0
VEL-03546,2022,auto_liability,B,128000.0,1,10000.0,2000000.0,30,5019.0,4934.0,4300.0,634.0,False,closed,13.0
VEL-03547,2022,auto_liability,B,109000.0,3,5000.0,1000000.0,30,11808.0,13200.0,11614.0,1586.0,False,closed,8.0
VEL-03548,2022,physical_damage,B,80000.0,1,5000.0,2000000.0,30,3883.0,3842.0,3359.0,483.0,False,closed,15.0
VEL-03549,2022,auto_liability,B,181000.0,0,25000.0,1000000.0,27,6710.0,7285.0,6002.0,1283.0,False,closed,2.0
VEL-03550,2022,physical_damage,B,212000.0,3,25000.0,2000000.0,27,20416.0,21892.0,18596.0,3296.0,False,closed,37.0
VEL-03551,2022,auto_liability,A,187000.0,0,25000.0,1000000.0,30,7337.0,7276.0,15610.869691348922,1299.0,False,closed,386.0
VEL-03552,2022,auto_liability,B,341000.0,1,25000.0,2000000.0,30,8793.0,9435.0,7203.0,2232.0,False,closed,47.0
VEL-03553,2022,auto_liability,A,310000.0,2,5000.0,1000000.0,30,3627.0,3976.0,3028.0,948.0,False,closed,18.0
VEL-03554,2022,cargo,C,161000.0,2,5000.0,2000000.0,30,5626.0,5700.0,5623.0,77.0,False,closed,11.0
VEL-03555,2022,cargo,A,213000.0,1,25000.0,1000000.0,30,2328.0,2547.0,2281.0,266.0,False,closed,23.0
VEL-03556,2022,auto_liability,B,215000.0,1,10000.0,1000000.0,30,3161.0,2973.0,3093.0,0.0,False,closed,12.0
VEL-03557,2022,cargo,B,282000.0,0,10000.0,1000000.0,27,5528.0,5462.0,4778.0,684.0,False,closed,5.0
VEL-03558,2022,physical_damage,C,139000.0,5,25000.0,1000000.0,25,25389.0,23220.0,24075.0,0.0,False,closed,25.0
VEL-03559,2022,physical_damage,C,447000.0,0,5000.0,1000000.0,27,4002.0,4187.0,3407.0,780.0,False,closed,5.0
VEL-03560,2022,auto_liability,D,186000.0,1,10000.0,2000000.0,28,11640.0,12542.0,10979.0,1563.0,False,closed,7.0
VEL-03561,2022,auto_liability,D,337000.0,3,25000.0,1000000.0,30,9223.0,8534.0,8199.0,335.0,False,closed,3.0
VEL-03562,2022,auto_liability,C,118000.0,1,25000.0,2000000.0,25,27250.0,26031.0,24106.0,1925.0,False,closed,14.0
VEL-03563,2022,workers_comp,A,154000.0,0,10000.0,1000000.0,27,4805.0,4528.0,4101.0,427.0,False,closed,15.0
VEL-03564,2022,auto_liability,B,100000.0,2,25000.0,1000000.0,30,15226.0,15097.0,14601.0,496.0,True,closed,52.0
VEL-03565,2022,auto_liability,A,177000.0,0,5000.0,2000000.0,30,1554.0,1570.0,1503.0,67.0,False,closed,31.0
VEL-03566,2022,physical_damage,B,143000.0,0,10000.0,2000000.0,29,12368.0,12032.0,10298.0,1734.0,False,closed,26.0
VEL-03567,2022,auto_liability,C,133000.0,2,10000.0,2000000.0,28,19536.0,19940.0,18555.0,1385.0,False,closed,27.0
VEL-03568,2022,cargo,B,266000.0,0,10000.0,1000000.0,25,6587.0,5974.0,5960.0,14.0,True,closed,34.0
VEL-03569,2022,cargo,A,142000.0,1,10000.0,1000000.0,26,10654.0,10035.0,9937.0,98.0,False,closed,11.0
VEL-03570,2022,physical_damage,B,206000.0,1,25000.0,2000000.0,30,16547.0,16691.0,15918.0,773.0,False,closed,35.0
VEL-03571,2022,auto_liability,B,105000.0,0,25000.0,1000000.0,28,2985.0,3318.0,2618.0,700.0,False,closed,29.0
VEL-03572,2022,auto_liability,A,86000.0,4,5000.0,2000000.0,26,2065.0,2186.0,1845.0,341.0,False,closed,29.0
VEL-03573,2022,auto_liability,B,499000.0,4,25000.0,1000000.0,30,1765.0,1887.0,1649.0,238.0,False,closed,3.0
VEL-03574,2022,cargo,A,245000.0,0,5000.0,1000000.0,25,8018.0,7292.0,7271.0,21.0,False,closed,6.0
VEL-03575,2022,physical_damage,A,223000.0,2,10000.0,2000000.0,30,2907.0,3031.0,2381.0,650.0,False,closed,47.0
VEL-03576,2022,auto_liability,B,112000.0,1,5000.0,2000000.0,30,19835.0,19893.0,19439.0,454.0,False,closed,16.0
VEL-03577,2022,workers_comp,A,223000.0,0,5000.0,2000000.0,30,10281.0,9993.0,9355.0,638.0,False,closed,13.0
VEL-03578,2022,cargo,A,184000.0,0,10000.0,2000000.0,26,19293.0,20657.0,15742.0,4915.0,False,closed,12.0
VEL-03579,2022,physical_damage,B,181000.0,1,25000.0,1000000.0,30,8108.0,7700.0,8054.0,0.0,False,closed,22.0
VEL-03580,2022,auto_liability,A,317000.0,1,5000.0,2000000.0,26,22738.0,21111.0,21946.0,0.0,False,closed,8.0
VEL-03581,2022,auto_liability,B,389000.0,5,25000.0,2000000.0,30,15121.0,15000.0,12111.0,2889.0,False,closed,7.0
VEL-03582,2022,physical_damage,B,256000.0,1,5000.0,2000000.0,30,6481.0,6288.0,5392.0,896.0,False,closed,44.0
VEL-03583,2022,physical_damage,A,120000.0,3,25000.0,2000000.0,25,6658.0,7127.0,5922.0,1205.0,False,closed,8.0
VEL-03584,2022,auto_liability,D,124000.0,3,10000.0,2000000.0,25,1712.0,1637.0,1521.0,116.0,False,closed,5.0
VEL-03585,2022,auto_liability,B,193000.0,2,10000.0,1000000.0,30,6891.0,6965.0,6637.0,328.0,False,closed,11.0
VEL-03586,2022,auto_liability,C,98000.0,3,25000.0,2000000.0,30,3135.0,3327.0,3001.0,326.0,True,closed,22.0
VEL-03587,2022,cargo,B,134000.0,4,10000.0,2000000.0,30,18897.0,19296.0,15659.0,3637.0,False,closed,11.0
VEL-03588,2022,auto_liability,D,113000.0,2,5000.0,1000000.0,25,14808.0,13678.0,14466.0,0.0,False,closed,19.0
VEL-03589,2022,auto_liability,A,232000.0,0,25000.0,2000000.0,26,2480.0,2419.0,2421.0,0.0,False,closed,21.0
VEL-03590,2022,auto_liability,A,310000.0,0,10000.0,2000000.0,30,9364.0,9868.0,7897.0,1971.0,False,closed,29.0
VEL-03591,2022,auto_liability,C,198000.0,3,25000.0,2000000.0,25,2791.0,2951.0,2494.0,457.0,False,closed,20.0
VEL-03592,2022,workers_comp,B,292000.0,0,25000.0,2000000.0,25,6363.0,6839.0,5608.0,1231.0,False,closed,41.0
VEL-03593,2022,workers_comp,C,162000.0,1,10000.0,1000000.0,30,3559.0,3943.0,2853.0,1090.0,False,closed,15.0
VEL-03594,2022,physical_damage,D,190000.0,0,10000.0,2000000.0,30,7128.0,6719.0,6955.0,0.0,False,closed,14.0
VEL-03595,2022,cargo,A,219000.0,1,10000.0,1000000.0,29,4791.0,5238.0,4628.0,610.0,False,closed,36.0
VEL-03596,2022,auto_liability,A,142000.0,1,10000.0,1000000.0,27,6765.0,6166.0,5575.0,591.0,False,closed,37.0
VEL-03597,2022,auto_liability,B,240000.0,2,25000.0,1000000.0,30,10289.0,10877.0,10103.0,774.0,False,closed,39.0
VEL-03598,2022,workers_comp,A,134000.0,1,25000.0,2000000.0,30,7940.0,8245.0,7004.0,1241.0,False,closed,7.0
VEL-03599,2022,auto_liability,C,102000.0,1,25000.0,2000000.0,30,14301.0,15672.0,13913.0,1759.0,False,closed,12.0
VEL-03600,2022,auto_liability,D,215000.0,3,10000.0,1000000.0,30,20896.0,21613.0,20122.0,1491.0,False,closed,109.0
VEL-03601,2022,auto_liability,D,272000.0,1,10000.0,2000000.0,26,1532.0,1610.0,1489.0,121.0,False,closed,60.0
VEL-03602,2022,auto_liability,C,381000.0,3,10000.0,2000000.0,30,4977.0,4630.0,4339.0,291.0,False,closed,46.0
VEL-03603,2022,auto_liability,B,76000.0,1,25000.0,1000000.0,27,4517.0,4312.0,4320.0,0.0,False,closed,36.0
VEL-03604,2022,physical_damage,D,237000.0,4,5000.0,2000000.0,27,43094.0,39489.0,35966.0,3523.0,False,closed,33.0
VEL-03605,2022,auto_liability,D,381000.0,1,10000.0,2000000.0,29,14201.0,14614.0,12870.0,1744.0,False,closed,5.0
VEL-03606,2022,cargo,B,254000.0,1,10000.0,2000000.0,30,12673.0,12988.0,10320.0,2668.0,False,closed,20.0
VEL-03607,2022,physical_damage,B,152000.0,1,25000.0,1000000.0,30,4808.0,4683.0,3922.0,761.0,False,closed,13.0
VEL-03608,2022,physical_damage,B,70000.0,2,25000.0,1000000.0,30,11359.0,12173.0,9609.0,2564.0,True,closed,32.0
VEL-03609,2022,auto_liability,B,255000.0,1,10000.0,2000000.0,25,14601.0,13550.0,12833.0,717.0,False,closed,22.0
VEL-03610,2022,cargo,A,77000.0,1,5000.0,1000000.0,27,7575.0,8055.0,6327.0,1728.0,False,closed,33.0
VEL-03611,2022,auto_liability,B,286000.0,1,10000.0,2000000.0,29,2499.0,2362.0,2223.0,139.0,False,closed,15.0
VEL-03612,2022,cargo,B,100000.0,0,5000.0,1000000.0,30,21207.0,22236.0,18439.0,3797.0,False,closed,3.0
VEL-03613,2022,auto_liability,B,168000.0,1,5000.0,1000000.0,30,1698.0,1581.0,1620.0,0.0,False,closed,15.0
VEL-03614,2022,auto_liability,D,79000.0,7,25000.0,2000000.0,27,6362.0,6974.0,6122.0,852.0,False,closed,10.0
VEL-03615,2022,cargo,B,182000.0,1,25000.0,1000000.0,25,20514.0,22042.0,19166.0,2876.0,False,closed,63.0
VEL-03616,2022,physical_damage,C,364000.0,2,25000.0,1000000.0,30,4722.0,4794.0,4107.0,687.0,False,closed,29.0
VEL-03617,2022,physical_damage,B,199000.0,4,25000.0,2000000.0,30,6838.0,6307.0,5591.0,716.0,False,closed,4.0
VEL-03618,2022,workers_comp,A,176000.0,0,25000.0,2000000.0,30,3702.0,3754.0,3639.0,115.0,False,closed,34.0
VEL-03619,2022,workers_comp,B,163000.0,4,5000.0,1000000.0,30,43495.0,47084.0,38826.0,8258.0,True,closed,7.0
VEL-03620,2022,auto_liability,B,123000.0,3,5000.0,1000000.0,28,5241.0,5725.0,4437.0,1288.0,False,closed,30.0
VEL-03621,2022,physical_damage,A,281000.0,0,5000.0,2000000.0,30,9704.0,9258.0,8800.0,458.0,False,closed,32.0
VEL-03622,2022,auto_liability,A,80000.0,0,10000.0,1000000.0,30,2914.0,2826.0,2404.0,422.0,False,closed,36.0
VEL-03623,2022,cargo,B,111000.0,0,5000.0,2000000.0,29,43184.0,40026.0,40023.0,3.0,False,closed,35.0
VEL-03624,2022,auto_liability,A,165000.0,2,10000.0,2000000.0,30,12913.0,13199.0,11105.0,2094.0,False,closed,11.0
VEL-03625,2022,auto_liability,A,85000.0,1,25000.0,1000000.0,30,4853.0,4813.0,4680.0,133.0,False,closed,25.0
VEL-03626,2022,cargo,A,74000.0,0,25000.0,2000000.0,26,12338.0,11688.0,10676.0,1012.0,False,closed,19.0
VEL-03627,2022,auto_liability,C,160000.0,2,25000.0,1000000.0,30,1888.0,1715.0,1677.0,38.0,False,closed,23.0
VEL-03628,2022,auto_liability,B,75000.0,1,25000.0,1000000.0,29,6676.0,7196.0,5754.0,1442.0,False,closed,50.0
VEL-03629,2022,auto_liability,C,399000.0,0,25000.0,2000000.0,30,17557.0,19539.0,17084.0,2455.0,False,closed,30.0
VEL-03630,2022,physical_damage,A,273000.0,1,10000.0,1000000.0,29,4413.0,4090.0,4011.0,79.0,False,closed,25.0
VEL-03631,2022,workers_comp,A,370000.0,1,10000.0,1000000.0,30,8285.0,8078.0,7783.0,295.0,False,closed,14.0
VEL-03632,2022,physical_damage,B,361000.0,2,25000.0,2000000.0,26,5906.0,5562.0,5892.0,0.0,False,closed,34.0
VEL-03633,2022,cargo,A,290000.0,2,25000.0,2000000.0,30,11790.0,11700.0,10982.0,718.0,False,closed,13.0
VEL-03634,2022,physical_damage,A,116000.0,1,25000.0,1000000.0,30,7518.0,7679.0,6252.0,1427.0,False,closed,26.0
VEL-03635,2022,cargo,A,253000.0,0,25000.0,1000000.0,30,2352.0,2119.0,2225.0,0.0,False,closed,42.0
VEL-03636,2022,workers_comp,B,248000.0,1,5000.0,2000000.0,30,21584.0,22684.0,19631.0,3053.0,False,closed,7.0
VEL-03637,2022,physical_damage,B,206000.0,3,25000.0,2000000.0,30,5696.0,6091.0,5008.0,1083.0,False,closed,20.0
VEL-03638,2022,cargo,A,129000.0,1,5000.0,1000000.0,30,8033.0,8797.0,7499.0,1298.0,False,closed,5.0
VEL-03639,2022,auto_liability,D,50000.0,3,5000.0,2000000.0,30,5943.0,5497.0,5091.0,406.0,True,closed,28.0
VEL-03640,2022,physical_damage,C,238000.0,1,10000.0,2000000.0,30,6060.0,6213.0,5819.0,394.0,False,closed,54.0
VEL-03641,2022,physical_damage,C,165000.0,2,10000.0,1000000.0,30,10940.0,11597.0,10698.0,899.0,False,closed,8.0
VEL-03642,2022,auto_liability,C,270000.0,1,5000.0,2000000.0,30,2653.0,2939.0,2326.0,613.0,False,closed,14.0
VEL-03643,2022,physical_damage,C,85000.0,2,5000.0,1000000.0,30,3352.0,3207.0,3042.0,165.0,False,closed,34.0
VEL-03644,2022,workers_comp,A,107000.0,1,25000.0,1000000.0,30,8722.0,8197.0,7388.0,809.0,False,closed,64.0
VEL-03645,2022,cargo,B,90000.0,0,5000.0,1000000.0,29,23907.0,24914.0,19211.0,5703.0,False,closed,5.0
VEL-03646,2022,cargo,B,172000.0,1,10000.0,2000000.0,26,7617.0,7886.0,6942.0,944.0,False,closed,38.0
VEL-03647,2022,auto_liability,B,238000.0,2,25000.0,1000000.0,30,4460.0,4978.0,4418.0,560.0,False,closed,28.0
VEL-03648,2022,auto_liability,B,170000.0,1,10000.0,2000000.0,28,4680.0,4697.0,3780.0,917.0,False,closed,48.0
VEL-03649,2022,auto_liability,A,386000.0,1,10000.0,1000000.0,30,4671.0,4989.0,3888.0,1101.0,False,closed,18.0
VEL-03650,2022,cargo,A,319000.0,1,5000.0,2000000.0,28,5929.0,6132.0,5471.0,661.0,False,closed,5.0
VEL-03651,2022,cargo,B,246000.0,3,5000.0,1000000.0,30,30969.0,30214.0,29667.0,547.0,False,closed,24.0
VEL-03652,2022,cargo,B,315000.0,2,5000.0,1000000.0,25,12765.0,13959.0,10844.0,3115.0,False,closed,5.0
VEL-03653,2022,auto_liability,B,133000.0,2,25000.0,2000000.0,30,5734.0,6081.0,4884.0,1197.0,False,closed,10.0
VEL-03654,2022,cargo,D,203000.0,1,5000.0,1000000.0,26,20097.0,19969.0,19718.0,251.0,False,closed,13.0
VEL-03655,2022,auto_liability,B,364000.0,0,5000.0,2000000.0,25,9539.0,10509.0,8037.0,2472.0,False,closed,16.0
VEL-03656,2022,physical_damage,B,127000.0,0,10000.0,1000000.0,30,18614.0,19411.0,15260.0,4151.0,False,closed,29.0
VEL-03657,2022,workers_comp,B,288000.0,2,10000.0,1000000.0,25,11371.0,12184.0,9191.0,2993.0,False,closed,12.0
VEL-03658,2022,auto_liability,A,427000.0,0,10000.0,2000000.0,25,5011.0,5234.0,4614.0,620.0,False,closed,15.0
VEL-03659,2022,physical_damage,B,287000.0,0,25000.0,2000000.0,30,9801.0,10909.0,8634.0,2275.0,False,closed,45.0
VEL-03660,2022,workers_comp,B,621000.0,5,5000.0,1000000.0,29,8137.0,8146.0,7596.0,550.0,False,closed,41.0
VEL-03661,2022,workers_comp,B,149000.0,1,25000.0,1000000.0,30,7918.0,7905.0,7314.0,591.0,False,closed,52.0
VEL-03662,2022,physical_damage,B,182000.0,0,25000.0,1000000.0,25,7044.0,7411.0,6020.0,1391.0,False,closed,15.0
VEL-03663,2022,physical_damage,B,120000.0,2,5000.0,1000000.0,29,10564.0,9950.0,10359.0,0.0,False,closed,17.0
VEL-03664,2022,auto_liability,C,337000.0,3,10000.0,1000000.0,25,6451.0,5992.0,5733.0,259.0,False,closed,32.0
VEL-03665,2022,auto_liability,A,208000.0,0,25000.0,1000000.0,25,734.0,725.0,626.0,99.0,False,closed,10.0
VEL-03666,2022,auto_liability,B,188000.0,0,5000.0,1000000.0,28,2254.0,2306.0,1828.0,478.0,False,closed,13.0
VEL-03667,2022,physical_damage,C,372000.0,1,10000.0,1000000.0,30,10650.0,11826.0,8690.0,3136.0,False,closed,30.0
VEL-03668,2022,cargo,C,127000.0,1,5000.0,1000000.0,29,8932.0,8543.0,7542.0,1001.0,False,closed,5.0
VEL-03669,2022,physical_damage,D,220000.0,4,10000.0,1000000.0,26,11484.0,10952.0,9426.0,1526.0,False,closed,20.0
VEL-03670,2022,physical_damage,B,319000.0,1,5000.0,2000000.0,30,5349.0,4862.0,4702.0,160.0,False,closed,20.0
VEL-03671,2022,cargo,B,74000.0,1,5000.0,1000000.0,30,22241.0,22578.0,21563.0,1015.0,False,closed,35.0
VEL-03672,2022,physical_damage,B,238000.0,0,25000.0,2000000.0,30,10863.0,11215.0,9535.0,1680.0,False,closed,13.0
VEL-03673,2022,physical_damage,B,274000.0,2,5000.0,2000000.0,30,13799.0,13313.0,11226.0,2087.0,False,closed,29.0
VEL-03674,2022,physical_damage,A,89000.0,2,5000.0,2000000.0,29,2612.0,2867.0,2296.0,571.0,False,closed,25.0
VEL-03675,2022,cargo,B,394000.0,1,10000.0,2000000.0,30,23137.0,21689.0,47437.1598760578,904.0,False,closed,233.0
VEL-03676,2022,workers_comp,D,225000.0,1,25000.0,1000000.0,30,11295.0,12533.0,10411.0,2122.0,False,closed,5.0
VEL-03677,2022,cargo,A,145000.0,1,5000.0,1000000.0,27,34561.0,37092.0,31935.0,5157.0,False,closed,12.0
VEL-03678,2022,auto_liability,C,187000.0,1,25000.0,2000000.0,30,4929.0,5459.0,4642.0,817.0,True,closed,13.0
VEL-03679,2022,cargo,B,151000.0,1,25000.0,1000000.0,30,9030.0,8918.0,8664.0,254.0,False,closed,26.0
VEL-03680,2022,auto_liability,B,273000.0,2,5000.0,1000000.0,30,1370.0,1473.0,1326.0,147.0,False,closed,70.0
VEL-03681,2022,auto_liability,C,352000.0,1,5000.0,2000000.0,30,7948.0,8104.0,7216.0,888.0,False,closed,13.0
VEL-03682,2022,workers_comp,B,209000.0,2,5000.0,1000000.0,30,6361.0,6692.0,6219.0,473.0,False,closed,49.0
VEL-03683,2022,workers_comp,B,140000.0,1,25000.0,2000000.0,30,7643.0,7009.0,6347.0,662.0,False,closed,30.0
VEL-03684,2022,cargo,A,146000.0,0,10000.0,2000000.0,27,15185.0,15846.0,14923.0,923.0,False,closed,16.0
VEL-03685,2022,auto_liability,A,187000.0,0,10000.0,1000000.0,26,23634.0,22553.0,20679.0,1874.0,False,closed,12.0
VEL-03686,2022,cargo,B,190000.0,1,5000.0,2000000.0,30,6679.0,6617.0,6623.0,0.0,False,closed,13.0
VEL-03687,2022,physical_damage,B,136000.0,2,5000.0,1000000.0,30,3053.0,3200.0,2514.0,686.0,False,closed,9.0
VEL-03688,2022,physical_damage,B,382000.0,2,10000.0,2000000.0,27,1525.0,1491.0,1456.0,35.0,False,closed,10.0
VEL-03689,2022,cargo,A,65000.0,0,25000.0,2000000.0,30,5119.0,4712.0,5049.0,0.0,False,closed,14.0
VEL-03690,2022,physical_damage,C,234000.0,1,5000.0,2000000.0,30,12376.0,11305.0,11531.0,0.0,False,closed,43.0
VEL-03691,2022,cargo,A,407000.0,0,5000.0,2000000.0,30,2982.0,2959.0,2917.0,42.0,False,closed,54.0
VEL-03692,2022,cargo,A,134000.0,0,5000.0,2000000.0,30,3918.0,4135.0,3713.0,422.0,False,closed,3.0
VEL-03693,2022,workers_comp,B,475000.0,2,10000.0,1000000.0,28,35279.0,36430.0,29241.0,7189.0,False,closed,16.0
VEL-03694,2022,auto_liability,A,152000.0,0,10000.0,2000000.0,30,10357.0,9571.0,9847.0,0.0,False,closed,41.0
VEL-03695,2022,cargo,B,265000.0,0,25000.0,2000000.0,28,24608.0,24185.0,19742.0,4443.0,False,closed,5.0
VEL-03696,2022,auto_liability,D,227000.0,3,10000.0,1000000.0,30,3728.0,3548.0,3484.0,64.0,False,closed,9.0
VEL-03697,2022,auto_liability,C,113000.0,2,25000.0,2000000.0,30,3715.0,3428.0,3502.0,0.0,False,closed,17.0
VEL-03698,2022,physical_damage,C,220000.0,3,5000.0,1000000.0,30,4206.0,3880.0,3581.0,299.0,False,closed,13.0
VEL-03699,2022,auto_liability,A,200000.0,3,25000.0,2000000.0,30,3462.0,3798.0,3381.0,417.0,False,closed,19.0
VEL-03700,2022,physical_damage,D,320000.0,2,25000.0,2000000.0,30,9361.0,8677.0,9118.0,0.0,False,closed,15.0
VEL-03701,2022,physical_damage,B,236000.0,2,25000.0,2000000.0,30,10937.0,11989.0,9573.0,2416.0,False,closed,13.0
VEL-03702,2022,auto_liability,A,162000.0,1,10000.0,1000000.0,26,7474.0,7122.0,7384.0,0.0,False,closed,23.0
VEL-03703,2022,auto_liability,A,276000.0,1,5000.0,1000000.0,30,6822.0,7155.0,6448.0,707.0,False,closed,58.0
VEL-03704,2022,cargo,C,556000.0,2,25000.0,2000000.0,30,22996.0,25089.0,18880.0,6209.0,False,closed,24.0
VEL-03705,2022,physical_damage,C,267000.0,2,5000.0,2000000.0,29,19804.0,22045.0,17175.0,4870.0,False,closed,25.0
VEL-03706,2022,physical_damage,A,175000.0,0,10000.0,2000000.0,30,5069.0,4712.0,5056.0,0.0,False,closed,51.0
VEL-03707,2022,cargo,B,204000.0,0,10000.0,1000000.0,30,8173.0,7372.0,7186.0,186.0,False,closed,26.0
VEL-03708,2022,auto_liability,A,198000.0,1,25000.0,2000000.0,28,2675.0,2421.0,2550.0,0.0,False,closed,8.0
VEL-03709,2022,auto_liability,A,146000.0,0,25000.0,1000000.0,29,21789.0,21235.0,18994.0,2241.0,False,closed,6.0
VEL-03710,2022,cargo,A,86000.0,1,5000.0,1000000.0,30,7633.0,8095.0,6911.0,1184.0,False,closed,22.0
VEL-03711,2022,auto_liability,D,130000.0,4,25000.0,1000000.0,30,4300.0,4437.0,4020.0,417.0,False,closed,23.0
VEL-03712,2022,cargo,A,422000.0,2,25000.0,1000000.0,26,4532.0,4369.0,4520.0,0.0,False,closed,10.0
VEL-03713,2022,physical_damage,A,347000.0,1,10000.0,1000000.0,26,4878.0,5329.0,4507.0,822.0,False,closed,56.0
VEL-03714,2022,cargo,A,240000.0,0,5000.0,2000000.0,26,8331.0,8278.0,7438.0,840.0,False,closed,6.0
VEL-03715,2022,cargo,C,235000.0,2,10000.0,1000000.0,25,11485.0,12278.0,9553.0,2725.0,False,closed,10.0
VEL-03716,2022,physical_damage,C,453000.0,4,25000.0,2000000.0,27,10068.0,10607.0,9204.0,1403.0,False,closed,22.0
VEL-03717,2022,auto_liability,B,373000.0,1,10000.0,1000000.0,30,19146.0,19048.0,18757.0,291.0,False,closed,40.0
VEL-03718,2022,physical_damage,B,172000.0,1,25000.0,2000000.0,30,4740.0,4615.0,3847.0,768.0,False,closed,12.0
VEL-03719,2022,auto_liability,B,196000.0,0,10000.0,1000000.0,26,5976.0,6415.0,5933.0,482.0,False,closed,13.0
VEL-03720,2022,auto_liability,A,266000.0,0,5000.0,2000000.0,30,12553.0,13140.0,11815.0,1325.0,False,closed,14.0
VEL-03721,2022,physical_damage,C,139000.0,2,10000.0,2000000.0,30,3556.0,3904.0,3538.0,366.0,False,closed,31.0
VEL-03722,2022,auto_liability,C,232000.0,1,10000.0,1000000.0,27,3117.0,2960.0,6453.04029578841,377.0,False,closed,136.0
VEL-03723,2022,workers_comp,B,233000.0,2,10000.0,2000000.0,30,29119.0,30266.0,71021.91146629155,1749.0,False,closed,159.0
VEL-03724,2022,auto_liability,A,218000.0,0,10000.0,2000000.0,30,2002.0,1908.0,1762.0,146.0,False,closed,17.0
VEL-03725,2022,auto_liability,B,221000.0,0,25000.0,1000000.0,30,7653.0,7331.0,7598.0,0.0,False,closed,69.0
VEL-03726,2022,physical_damage,D,229000.0,4,5000.0,1000000.0,30,6068.0,6078.0,5083.0,995.0,False,closed,43.0
VEL-03727,2022,auto_liability,B,210000.0,0,5000.0,2000000.0,30,9793.0,10163.0,8969.0,1194.0,False,closed,28.0
VEL-03728,2022,physical_damage,B,202000.0,2,25000.0,1000000.0,30,31030.0,33047.0,25512.0,7535.0,True,closed,26.0
VEL-03729,2022,auto_liability,B,199000.0,3,25000.0,1000000.0,30,3326.0,3307.0,2880.0,427.0,False,closed,54.0
VEL-03730,2022,workers_comp,B,170000.0,3,5000.0,2000000.0,30,6269.0,6532.0,5902.0,630.0,False,closed,54.0
VEL-03731,2022,physical_damage,B,217000.0,1,25000.0,2000000.0,30,8195.0,9065.0,6775.0,2290.0,False,closed,31.0
VEL-03732,2022,physical_damage,D,152000.0,3,25000.0,2000000.0,27,5358.0,5916.0,4740.0,1176.0,True,closed,15.0
VEL-03733,2022,auto_liability,C,185000.0,1,25000.0,2000000.0,27,2688.0,2759.0,2362.0,397.0,False,closed,56.0
VEL-03734,2022,workers_comp,A,171000.0,0,10000.0,1000000.0,28,5645.0,5168.0,4917.0,251.0,False,closed,19.0
VEL-03735,2022,auto_liability,C,214000.0,1,10000.0,1000000.0,26,5528.0,6191.0,5147.0,1044.0,False,closed,80.0
VEL-03736,2022,physical_damage,A,199000.0,0,10000.0,1000000.0,30,21602.0,20219.0,20320.0,0.0,False,closed,17.0
VEL-03737,2022,workers_comp,A,124000.0,0,25000.0,1000000.0,30,19210.0,21245.0,15559.0,5686.0,True,closed,64.0
VEL-03738,2022,auto_liability,C,347000.0,1,25000.0,1000000.0,26,15543.0,15219.0,15026.0,193.0,False,closed,17.0
VEL-03739,2022,physical_damage,A,94000.0,0,5000.0,1000000.0,30,13288.0,12299.0,12513.0,0.0,False,closed,17.0
VEL-03740,2022,cargo,B,168000.0,1,10000.0,1000000.0,28,8416.0,8985.0,8143.0,842.0,False,closed,11.0
VEL-03741,2022,physical_damage,A,205000.0,1,10000.0,1000000.0,30,2813.0,2533.0,2646.0,0.0,False,closed,11.0
VEL-03742,2022,auto_liability,D,176000.0,2,10000.0,1000000.0,30,13994.0,13272.0,11451.0,1821.0,False,closed,5.0
VEL-03743,2022,auto_liability,D,281000.0,4,10000.0,2000000.0,28,4304.0,4647.0,3679.0,968.0,False,closed,5.0
VEL-03744,2022,auto_liability,D,225000.0,1,10000.0,1000000.0,30,22775.0,25497.0,21615.0,3882.0,False,closed,12.0
VEL-03745,2022,physical_damage,A,380000.0,2,10000.0,2000000.0,30,5123.0,5536.0,4749.0,787.0,False,closed,3.0
VEL-03746,2022,cargo,B,82000.0,1,5000.0,1000000.0,30,5932.0,6510.0,5254.0,1256.0,False,closed,30.0
VEL-03747,2022,physical_damage,C,222000.0,2,10000.0,2000000.0,30,13972.0,13055.0,13241.0,0.0,False,closed,17.0
VEL-03748,2022,physical_damage,B,271000.0,3,25000.0,1000000.0,29,10257.0,9620.0,9548.0,72.0,False,closed,56.0
VEL-03749,2022,physical_damage,B,206000.0,1,5000.0,2000000.0,28,11930.0,12659.0,9616.0,3043.0,False,closed,14.0
VEL-03750,2022,cargo,A,79000.0,2,5000.0,1000000.0,26,5832.0,6443.0,5399.0,1044.0,True,closed,46.0
VEL-03751,2022,cargo,A,294000.0,2,10000.0,1000000.0,25,10937.0,11956.0,8994.0,2962.0,False,closed,17.0
VEL-03752,2022,physical_damage,C,264000.0,0,10000.0,2000000.0,29,3401.0,3735.0,3388.0,347.0,False,closed,19.0
VEL-03753,2022,workers_comp,A,99000.0,1,5000.0,1000000.0,30,14706.0,15277.0,12006.0,3271.0,False,closed,57.0
VEL-03754,2022,auto_liability,B,248000.0,0,5000.0,1000000.0,29,1804.0,1870.0,1730.0,140.0,False,closed,30.0
VEL-03755,2022,physical_damage,A,78000.0,2,25000.0,2000000.0,27,8079.0,8076.0,7196.0,880.0,False,closed,36.0
VEL-03756,2022,workers_comp,B,252000.0,0,5000.0,1000000.0,25,16711.0,15664.0,15839.0,0.0,False,closed,42.0
VEL-03757,2022,auto_liability,B,189000.0,1,5000.0,2000000.0,25,12491.0,12830.0,11800.0,1030.0,False,closed,29.0
VEL-03758,2022,auto_liability,A,175000.0,0,5000.0,1000000.0,29,6554.0,6637.0,5655.0,982.0,False,closed,27.0
VEL-03759,2022,cargo,C,179000.0,2,25000.0,2000000.0,27,6170.0,6898.0,5858.0,1040.0,False,closed,30.0
VEL-03760,2022,auto_liability,B,134000.0,1,25000.0,1000000.0,30,4509.0,5042.0,3850.0,1192.0,False,closed,15.0
VEL-03761,2022,auto_liability,B,137000.0,2,25000.0,2000000.0,25,10364.0,10699.0,9046.0,1653.0,False,closed,30.0
VEL-03762,2022,auto_liability,B,251000.0,1,10000.0,2000000.0,30,10427.0,11550.0,10392.0,1158.0,False,closed,14.0
VEL-03763,2022,auto_liability,A,75000.0,1,10000.0,1000000.0,29,3047.0,3371.0,3010.0,361.0,False,closed,20.0
VEL-03764,2022,auto_liability,A,247000.0,1,25000.0,1000000.0,30,6565.0,6976.0,5604.0,1372.0,False,closed,16.0
VEL-03765,2022,cargo,A,196000.0,0,25000.0,2000000.0,30,25364.0,25583.0,23558.0,2025.0,True,closed,22.0
VEL-03766,2022,physical_damage,C,356000.0,1,10000.0,1000000.0,30,5742.0,5490.0,8992.13709078272,500.0,False,closed,372.0
VEL-03767,2022,auto_liability,A,240000.0,2,10000.0,2000000.0,26,6796.0,7173.0,6641.0,532.0,False,closed,10.0
VEL-03768,2022,cargo,A,530000.0,0,5000.0,1000000.0,30,12599.0,11468.0,10706.0,762.0,False,closed,10.0
VEL-03769,2022,auto_liability,A,462000.0,1,5000.0,1000000.0,26,4246.0,4125.0,3424.0,701.0,False,closed,20.0
VEL-03770,2022,physical_damage,C,162000.0,3,25000.0,1000000.0,26,12608.0,12457.0,11639.0,818.0,False,closed,3.0
VEL-03771,2022,auto_liability,A,267000.0,0,5000.0,1000000.0,30,14104.0,13669.0,13643.0,26.0,False,closed,12.0
VEL-03772,2022,auto_liability,B,130000.0,1,5000.0,2000000.0,30,8008.0,8809.0,7964.0,845.0,False,closed,40.0
VEL-03773,2022,auto_liability,A,241000.0,1,10000.0,1000000.0,30,5431.0,5996.0,4348.0,1648.0,False,closed,17.0
VEL-03774,2022,workers_comp,A,224000.0,0,5000.0,1000000.0,30,9891.0,10047.0,9719.0,328.0,False,closed,8.0
VEL-03775,2022,auto_liability,D,161000.0,4,25000.0,1000000.0,26,6561.0,6745.0,5305.0,1440.0,True,closed,31.0
VEL-03776,2022,auto_liability,A,325000.0,0,10000.0,1000000.0,25,1898.0,1820.0,1781.0,39.0,False,closed,11.0
VEL-03777,2022,physical_damage,B,147000.0,1,25000.0,1000000.0,30,3716.0,3682.0,3669.0,13.0,False,closed,6.0
VEL-03778,2022,auto_liability,B,222000.0,2,25000.0,2000000.0,30,1866.0,1797.0,1618.0,179.0,False,closed,31.0
VEL-03779,2022,cargo,B,294000.0,1,10000.0,2000000.0,30,8684.0,9593.0,7125.0,2468.0,False,closed,11.0
VEL-03780,2022,workers_comp,C,161000.0,3,5000.0,2000000.0,29,7647.0,7943.0,6817.0,1126.0,False,closed,4.0
VEL-03781,2022,auto_liability,B,131000.0,2,5000.0,2000000.0,25,1627.0,1729.0,1393.0,336.0,False,closed,37.0
VEL-03782,2022,workers_comp,B,179000.0,1,25000.0,2000000.0,30,29926.0,31681.0,25465.0,6216.0,False,closed,60.0
VEL-03783,2022,cargo,A,128000.0,0,5000.0,1000000.0,30,7260.0,6682.0,6052.0,630.0,False,closed,2.0
VEL-03784,2022,workers_comp,D,375000.0,3,5000.0,2000000.0,30,39293.0,35381.0,34591.0,790.0,False,closed,38.0
VEL-03785,2022,cargo,B,232000.0,1,25000.0,2000000.0,30,28903.0,28087.0,24351.0,3736.0,False,closed,22.0
VEL-03786,2022,workers_comp,A,281000.0,1,10000.0,1000000.0,27,32972.0,30387.0,32196.0,0.0,False,closed,36.0
VEL-03787,2022,workers_comp,A,160000.0,2,25000.0,2000000.0,30,10142.0,10245.0,8422.0,1823.0,False,closed,11.0
VEL-03788,2022,workers_comp,C,115000.0,2,10000.0,1000000.0,30,2648.0,2886.0,2502.0,384.0,False,closed,24.0
VEL-03789,2022,auto_liability,A,236000.0,0,5000.0,1000000.0,30,6546.0,6819.0,6236.0,583.0,False,closed,17.0
VEL-03790,2022,physical_damage,C,131000.0,4,10000.0,2000000.0,28,9399.0,10059.0,8386.0,1673.0,False,closed,16.0
VEL-03791,2022,auto_liability,A,205000.0,2,25000.0,2000000.0,30,1487.0,1596.0,1358.0,238.0,False,closed,2.0
VEL-03792,2022,auto_liability,D,119000.0,0,25000.0,2000000.0,30,1280.0,1330.0,2459.971955156479,167.0,False,closed,325.0
VEL-03793,2022,auto_liability,B,106000.0,0,25000.0,1000000.0,30,12620.0,12155.0,10372.0,1783.0,False,closed,5.0
VEL-03794,2022,cargo,B,269000.0,0,5000.0,1000000.0,30,23518.0,24374.0,22217.0,2157.0,False,closed,12.0
VEL-03795,2022,auto_liability,A,166000.0,0,5000.0,1000000.0,25,12266.0,11886.0,9822.0,2064.0,False,closed,30.0
VEL-03796,2022,auto_liability,A,153000.0,0,25000.0,2000000.0,30,13796.0,15183.0,13775.0,1408.0,True,closed,10.0
VEL-03797,2022,cargo,B,304000.0,0,25000.0,1000000.0,30,26202.0,25294.0,21702.0,3592.0,False,closed,14.0
VEL-03798,2022,auto_liability,B,62000.0,0,25000.0,2000000.0,30,8420.0,8778.0,7521.0,1257.0,True,closed,52.0
VEL-03799,2022,cargo,C,308000.0,2,10000.0,1000000.0,30,17331.0,19105.0,16293.0,2812.0,False,closed,52.0
VEL-03800,2022,auto_liability,B,180000.0,3,25000.0,1000000.0,30,12217.0,12559.0,11610.0,949.0,False,closed,26.0
VEL-03801,2022,auto_liability,B,93000.0,3,5000.0,1000000.0,30,8639.0,8109.0,7384.0,725.0,False,closed,19.0
VEL-03802,2022,auto_liability,B,93000.0,1,25000.0,2000000.0,30,6447.0,6912.0,5906.0,1006.0,False,closed,57.0
VEL-03803,2022,physical_damage,C,130000.0,0,10000.0,2000000.0,30,16234.0,17252.0,15262.0,1990.0,False,closed,20.0
VEL-03804,2022,auto_liability,C,211000.0,0,25000.0,1000000.0,27,4863.0,5347.0,4608.0,739.0,False,closed,59.0
VEL-03805,2022,auto_liability,A,84000.0,2,25000.0,1000000.0,29,2590.0,2675.0,2463.0,212.0,False,closed,12.0
VEL-03806,2022,auto_liability,B,266000.0,3,25000.0,1000000.0,27,25635.0,27097.0,22175.0,4922.0,False,closed,23.0
VEL-03807,2022,workers_comp,A,171000.0,1,5000.0,1000000.0,30,58431.0,55867.0,47107.0,8760.0,False,closed,25.0
VEL-03808,2022,workers_comp,B,199000.0,1,10000.0,2000000.0,28,34065.0,33004.0,30448.0,2556.0,False,closed,8.0
VEL-03809,2022,physical_damage,C,136000.0,2,5000.0,2000000.0,30,5659.0,5281.0,4582.0,699.0,False,closed,56.0
VEL-03810,2022,auto_liability,C,154000.0,2,5000.0,2000000.0,30,5352.0,4980.0,4905.0,75.0,False,closed,48.0
VEL-03811,2022,cargo,B,243000.0,1,10000.0,2000000.0,26,22819.0,25243.0,18831.0,6412.0,False,closed,24.0
VEL-03812,2022,physical_damage,D,243000.0,1,5000.0,2000000.0,30,18125.0,19270.0,14884.0,4386.0,False,closed,25.0
VEL-03813,2022,physical_damage,A,111000.0,0,25000.0,2000000.0,27,6139.0,6154.0,5743.0,411.0,False,closed,10.0
VEL-03814,2022,physical_damage,B,115000.0,1,10000.0,2000000.0,29,31511.0,28646.0,29639.0,0.0,False,closed,14.0
VEL-03815,2022,auto_liability,D,139000.0,1,25000.0,2000000.0,26,9281.0,8421.0,8118.0,303.0,False,closed,8.0
VEL-03816,2022,physical_damage,A,413000.0,1,5000.0,1000000.0,30,6959.0,7005.0,6807.0,198.0,False,closed,18.0
VEL-03817,2022,auto_liability,A,139000.0,2,25000.0,2000000.0,27,4885.0,4861.0,4591.0,270.0,False,closed,15.0
VEL-03818,2022,auto_liability,C,340000.0,1,25000.0,2000000.0,30,4431.0,4895.0,3992.0,903.0,False,closed,14.0
VEL-03819,2022,auto_liability,A,176000.0,0,5000.0,1000000.0,26,9892.0,10041.0,8484.0,1557.0,False,closed,12.0
VEL-03820,2022,auto_liability,D,431000.0,2,25000.0,2000000.0,30,2471.0,2674.0,2085.0,589.0,False,closed,20.0
VEL-03821,2022,cargo,B,281000.0,3,5000.0,2000000.0,30,11318.0,11206.0,11060.0,146.0,False,closed,18.0
VEL-03822,2022,workers_comp,A,218000.0,2,5000.0,2000000.0,25,18951.0,17443.0,16676.0,767.0,False,closed,34.0
VEL-03823,2022,cargo,A,179000.0,0,5000.0,2000000.0,30,29821.0,30747.0,23864.0,6883.0,False,closed,20.0
VEL-03824,2022,auto_liability,A,282000.0,0,5000.0,2000000.0,30,7850.0,7761.0,7135.0,626.0,False,closed,47.0
VEL-03825,2022,cargo,B,347000.0,3,5000.0,2000000.0,30,4537.0,4381.0,3699.0,682.0,False,closed,6.0
VEL-03826,2022,cargo,C,143000.0,1,25000.0,2000000.0,30,24731.0,22862.0,23958.0,0.0,True,closed,48.0
VEL-03827,2022,physical_damage,C,224000.0,4,25000.0,1000000.0,30,18499.0,17707.0,15601.0,2106.0,False,closed,4.0
VEL-03828,2022,physical_damage,C,95000.0,2,25000.0,1000000.0,29,11069.0,11565.0,9157.0,2408.0,False,closed,14.0
VEL-03829,2022,physical_damage,B,104000.0,2,10000.0,1000000.0,25,5477.0,5838.0,5098.0,740.0,False,closed,11.0
VEL-03830,2022,auto_liability,A,141000.0,1,5000.0,1000000.0,29,1897.0,1827.0,1581.0,246.0,False,closed,18.0
VEL-03831,2022,workers_comp,B,373000.0,3,25000.0,2000000.0,28,10446.0,9749.0,9760.0,0.0,False,closed,27.0
VEL-03832,2022,auto_liability,C,221000.0,2,5000.0,2000000.0,30,8424.0,8490.0,7990.0,500.0,False,closed,19.0
VEL-03833,2022,physical_damage,B,154000.0,0,10000.0,2000000.0,30,67935.0,68014.0,61381.0,6633.0,False,closed,12.0
VEL-03834,2022,physical_damage,C,456000.0,2,5000.0,1000000.0,30,15236.0,15316.0,13249.0,2067.0,False,closed,16.0
VEL-03835,2022,physical_damage,C,114000.0,2,25000.0,2000000.0,28,11624.0,11759.0,10402.0,1357.0,False,closed,6.0
VEL-03836,2022,cargo,C,139000.0,1,5000.0,2000000.0,26,3696.0,3831.0,3475.0,356.0,False,closed,24.0
VEL-03837,2022,auto_liability,C,155000.0,0,10000.0,2000000.0,30,2923.0,3064.0,2601.0,463.0,False,closed,17.0
VEL-03838,2022,physical_damage,B,162000.0,1,5000.0,2000000.0,30,5312.0,5163.0,4444.0,719.0,False,closed,27.0
VEL-03839,2022,cargo,A,187000.0,0,25000.0,2000000.0,30,8019.0,8847.0,7527.0,1320.0,False,closed,16.0
VEL-03840,2022,physical_damage,B,150000.0,4,10000.0,1000000.0,30,7591.0,7823.0,6369.0,1454.0,False,closed,37.0
VEL-03841,2022,auto_liability,C,246000.0,2,25000.0,2000000.0,30,15962.0,17803.0,13846.0,3957.0,False,closed,16.0
VEL-03842,2022,auto_liability,B,172000.0,1,5000.0,2000000.0,25,18594.0,17403.0,17971.0,0.0,False,closed,50.0
VEL-03843,2022,physical_damage,B,177000.0,0,10000.0,2000000.0,30,21704.0,22592.0,20507.0,2085.0,False,closed,15.0
VEL-03844,2022,auto_liability,C,131000.0,1,5000.0,1000000.0,30,4336.0,4028.0,4045.0,0.0,False,closed,6.0
VEL-03845,2022,workers_comp,A,132000.0,0,10000.0,1000000.0,30,7828.0,8072.0,6726.0,1346.0,False,closed,10.0
VEL-03846,2022,physical_damage,B,242000.0,2,10000.0,1000000.0,29,4471.0,4630.0,4032.0,598.0,False,closed,17.0
VEL-03847,2022,workers_comp,A,165000.0,0,5000.0,1000000.0,27,3581.0,3608.0,2951.0,657.0,False,closed,4.0
VEL-03848,2022,workers_comp,A,185000.0,1,5000.0,2000000.0,30,4058.0,3739.0,3430.0,309.0,False,closed,30.0
VEL-03849,2022,physical_damage,C,141000.0,4,25000.0,1000000.0,28,13797.0,13968.0,13511.0,457.0,False,closed,49.0
VEL-03850,2022,auto_liability,C,79000.0,1,10000.0,2000000.0,30,3856.0,3960.0,3299.0,661.0,False,closed,24.0
VEL-03851,2022,cargo,A,145000.0,1,10000.0,2000000.0,30,14281.0,15651.0,13737.0,1914.0,False,closed,11.0
VEL-03852,2022,workers_comp,B,48000.0,3,5000.0,1000000.0,30,10833.0,11065.0,8692.0,2373.0,False,closed,21.0
VEL-03853,2022,physical_damage,A,190000.0,0,25000.0,2000000.0,30,4682.0,4648.0,3950.0,698.0,False,closed,26.0
VEL-03854,2022,physical_damage,C,295000.0,3,5000.0,1000000.0,26,10598.0,11030.0,10331.0,699.0,False,closed,53.0
VEL-03855,2022,cargo,A,108000.0,0,25000.0,2000000.0,30,9526.0,9992.0,7641.0,2351.0,False,closed,9.0
VEL-03856,2022,physical_damage,A,91000.0,1,25000.0,1000000.0,30,59376.0,60757.0,50903.0,9854.0,False,closed,16.0
VEL-03857,2022,auto_liability,A,112000.0,2,5000.0,2000000.0,30,2852.0,2824.0,2295.0,529.0,False,closed,20.0
VEL-03858,2022,cargo,D,200000.0,1,25000.0,1000000.0,30,20414.0,22725.0,20036.0,2689.0,True,closed,34.0
VEL-03859,2022,auto_liability,A,167000.0,0,10000.0,1000000.0,26,1702.0,1666.0,1374.0,292.0,False,closed,14.0
VEL-03860,2022,workers_comp,B,168000.0,0,25000.0,1000000.0,30,9924.0,9733.0,9693.0,40.0,False,closed,22.0
VEL-03861,2022,physical_damage,B,72000.0,2,10000.0,1000000.0,28,25078.0,24968.0,24642.0,326.0,False,closed,42.0
VEL-03862,2022,physical_damage,B,189000.0,1,5000.0,1000000.0,30,13078.0,12254.0,10908.0,1346.0,False,closed,23.0
VEL-03863,2022,cargo,C,155000.0,1,25000.0,1000000.0,28,54857.0,57266.0,46367.0,10899.0,False,closed,27.0
VEL-03864,2022,physical_damage,A,184000.0,1,10000.0,1000000.0,28,1901.0,1723.0,1604.0,119.0,False,closed,6.0
VEL-03865,2022,auto_liability,C,235000.0,2,25000.0,1000000.0,30,3723.0,3807.0,3183.0,624.0,False,closed,38.0
VEL-03866,2022,cargo,A,258000.0,2,5000.0,1000000.0,30,9889.0,10339.0,8180.0,2159.0,False,closed,32.0
VEL-03867,2022,cargo,D,182000.0,3,5000.0,2000000.0,30,7262.0,7102.0,6265.0,837.0,False,closed,15.0
VEL-03868,2022,auto_liability,B,103000.0,0,10000.0,2000000.0,28,3488.0,3224.0,3369.0,0.0,False,closed,6.0
VEL-03869,2022,physical_damage,C,244000.0,4,10000.0,1000000.0,30,3629.0,3746.0,3349.0,397.0,False,closed,8.0
VEL-03870,2022,auto_liability,A,223000.0,1,25000.0,2000000.0,26,7969.0,7665.0,7429.0,236.0,False,closed,31.0
VEL-03871,2022,auto_liability,A,187000.0,2,10000.0,1000000.0,30,3520.0,3809.0,3307.0,502.0,False,closed,5.0
VEL-03872,2022,cargo,B,307000.0,0,10000.0,1000000.0,30,10109.0,10166.0,8771.0,1395.0,False,closed,18.0
VEL-03873,2022,cargo,A,100000.0,0,5000.0,2000000.0,26,3308.0,3385.0,2690.0,695.0,False,closed,16.0
VEL-03874,2022,physical_damage,A,181000.0,1,5000.0,1000000.0,27,4969.0,4925.0,3985.0,940.0,False,closed,17.0
VEL-03875,2022,workers_comp,B,266000.0,3,10000.0,2000000.0,27,47617.0,43364.0,43709.0,0.0,False,closed,19.0
VEL-03876,2022,physical_damage,B,133000.0,2,5000.0,2000000.0,30,14521.0,15270.0,11811.0,3459.0,True,closed,25.0
VEL-03877,2022,cargo,D,188000.0,3,5000.0,1000000.0,30,16168.0,18079.0,13717.0,4362.0,False,closed,9.0
VEL-03878,2022,auto_liability,A,169000.0,0,25000.0,2000000.0,30,2473.0,2414.0,4853.864914088871,117.0,False,closed,318.0
VEL-03879,2022,physical_damage,D,217000.0,4,25000.0,1000000.0,30,9967.0,9037.0,8741.0,296.0,True,closed,43.0
VEL-03880,2022,physical_damage,C,119000.0,1,25000.0,2000000.0,30,10656.0,10636.0,10607.0,29.0,False,closed,36.0
VEL-03881,2022,auto_liability,B,445000.0,2,10000.0,2000000.0,26,24967.0,27486.0,22889.0,4597.0,False,closed,10.0
VEL-03882,2022,physical_damage,C,90000.0,3,5000.0,1000000.0,25,11787.0,12263.0,9537.0,2726.0,False,closed,10.0
VEL-03883,2022,physical_damage,B,186000.0,0,10000.0,1000000.0,28,6936.0,6423.0,5720.0,703.0,False,closed,16.0
VEL-03884,2022,cargo,D,129000.0,1,25000.0,1000000.0,27,13965.0,13552.0,12132.0,1420.0,False,closed,14.0
VEL-03885,2022,auto_liability,B,291000.0,1,5000.0,2000000.0,25,2565.0,2772.0,2525.0,247.0,True,closed,14.0
VEL-03886,2022,auto_liability,C,86000.0,3,25000.0,2000000.0,30,8442.0,8691.0,7342.0,1349.0,False,closed,6.0
VEL-03887,2022,physical_damage,B,102000.0,3,5000.0,1000000.0,30,3771.0,3558.0,3338.0,220.0,False,closed,84.0
VEL-03888,2022,auto_liability,A,215000.0,0,25000.0,1000000.0,30,2710.0,2692.0,2355.0,337.0,False,closed,25.0
VEL-03889,2022,physical_damage,C,96000.0,1,25000.0,2000000.0,28,7270.0,7966.0,6508.0,1458.0,False,closed,8.0
VEL-03890,2022,workers_comp,B,122000.0,3,5000.0,1000000.0,30,67911.0,64173.0,110399.41285447955,297.0,False,closed,363.0
VEL-03891,2022,workers_comp,C,135000.0,3,10000.0,2000000.0,27,59899.0,64883.0,55544.0,9339.0,False,closed,8.0
VEL-03892,2022,cargo,B,208000.0,0,25000.0,1000000.0,29,9188.0,9541.0,8369.0,1172.0,False,closed,18.0
VEL-03893,2022,workers_comp,D,233000.0,2,25000.0,1000000.0,30,36986.0,38022.0,33982.0,4040.0,False,closed,15.0
VEL-03894,2022,workers_comp,B,71000.0,0,10000.0,2000000.0,30,15310.0,14485.0,12594.0,1891.0,False,closed,14.0
VEL-03895,2022,cargo,A,187000.0,0,10000.0,2000000.0,25,14231.0,13499.0,12757.0,742.0,False,closed,33.0
VEL-03896,2022,auto_liability,C,400000.0,1,25000.0,1000000.0,29,6753.0,6792.0,5425.0,1367.0,True,closed,53.0
VEL-03897,2022,auto_liability,A,341000.0,1,5000.0,2000000.0,28,8495.0,7815.0,8217.0,0.0,False,closed,33.0
VEL-03898,2022,auto_liability,B,232000.0,1,5000.0,1000000.0,27,21258.0,21698.0,19360.0,2338.0,False,closed,71.0
VEL-03899,2022,auto_liability,C,92000.0,3,25000.0,2000000.0,26,6909.0,7143.0,6276.0,867.0,False,closed,18.0
VEL-03900,2022,physical_damage,B,284000.0,1,10000.0,2000000.0,26,22228.0,21198.0,18327.0,2871.0,False,closed,50.0
VEL-03901,2022,auto_liability,A,125000.0,0,25000.0,2000000.0,30,4862.0,4713.0,4221.0,492.0,False,closed,24.0
VEL-03902,2022,auto_liability,A,196000.0,0,10000.0,2000000.0,30,9274.0,9228.0,8970.0,258.0,False,closed,43.0
VEL-03903,2022,physical_damage,D,225000.0,2,10000.0,2000000.0,30,5625.0,6283.0,4897.0,1386.0,False,closed,5.0
VEL-03904,2022,cargo,B,167000.0,1,10000.0,1000000.0,30,17326.0,18755.0,15716.0,3039.0,False,closed,15.0
VEL-03905,2022,workers_comp,B,271000.0,2,25000.0,1000000.0,28,7278.0,6705.0,6627.0,78.0,False,closed,8.0
VEL-03906,2022,auto_liability,D,190000.0,7,5000.0,2000000.0,27,5097.0,5521.0,4936.0,585.0,False,closed,16.0
VEL-03907,2022,auto_liability,C,157000.0,2,25000.0,2000000.0,30,7808.0,7541.0,7202.0,339.0,False,closed,6.0
VEL-03908,2022,workers_comp,B,132000.0,0,25000.0,2000000.0,30,75575.0,79753.0,70120.0,9633.0,False,closed,28.0
VEL-03909,2022,auto_liability,B,152000.0,3,25000.0,2000000.0,30,7718.0,8115.0,6853.0,1262.0,False,closed,35.0
VEL-03910,2022,cargo,B,125000.0,2,25000.0,2000000.0,30,27162.0,24978.0,22616.0,2362.0,False,closed,27.0
VEL-03911,2022,physical_damage,B,102000.0,1,10000.0,2000000.0,28,13381.0,13083.0,13325.0,0.0,False,closed,19.0
VEL-03912,2022,auto_liability,B,295000.0,0,10000.0,2000000.0,30,4804.0,4659.0,4380.0,279.0,False,closed,5.0
VEL-03913,2022,physical_damage,B,364000.0,2,5000.0,2000000.0,30,3415.0,3282.0,3328.0,0.0,False,closed,8.0
VEL-03914,2022,physical_damage,C,188000.0,1,5000.0,1000000.0,30,4836.0,4408.0,3932.0,476.0,False,closed,27.0
VEL-03915,2022,cargo,A,98000.0,0,5000.0,1000000.0,29,2306.0,2385.0,1917.0,468.0,False,closed,31.0
VEL-03916,2022,auto_liability,C,135000.0,2,10000.0,1000000.0,25,9893.0,10651.0,9512.0,1139.0,False,closed,47.0
VEL-03917,2022,cargo,B,172000.0,1,5000.0,2000000.0,30,10479.0,11077.0,9361.0,1716.0,False,closed,5.0
VEL-03918,2022,auto_liability,A,106000.0,0,25000.0,1000000.0,30,5344.0,5811.0,4294.0,1517.0,False,closed,94.0
VEL-03919,2022,auto_liability,C,169000.0,3,25000.0,1000000.0,30,10408.0,10256.0,9745.0,511.0,False,closed,30.0
VEL-03920,2022,auto_liability,B,208000.0,5,5000.0,2000000.0,27,26604.0,26322.0,24286.0,2036.0,False,closed,25.0
VEL-03921,2022,cargo,C,94000.0,4,5000.0,2000000.0,28,10445.0,10229.0,8797.0,1432.0,False,closed,19.0
VEL-03922,2022,auto_liability,B,80000.0,1,25000.0,1000000.0,30,7380.0,7369.0,13049.701586166444,131.0,False,closed,298.0
VEL-03923,2022,physical_damage,A,258000.0,1,5000.0,2000000.0,28,10367.0,11222.0,8559.0,2663.0,False,closed,23.0
VEL-03924,2022,workers_comp,B,210000.0,3,25000.0,1000000.0,30,23990.0,24162.0,19943.0,4219.0,False,closed,14.0
VEL-03925,2022,cargo,D,260000.0,2,25000.0,2000000.0,30,13879.0,13210.0,12961.0,249.0,False,closed,10.0
VEL-03926,2022,physical_damage,A,138000.0,0,5000.0,1000000.0,30,18913.0,18420.0,18115.0,305.0,False,closed,45.0
VEL-03927,2022,physical_damage,B,143000.0,1,10000.0,1000000.0,30,5376.0,5665.0,4803.0,862.0,False,closed,29.0
VEL-03928,2022,auto_liability,A,440000.0,2,10000.0,1000000.0,30,5086.0,4608.0,4386.0,222.0,True,closed,13.0
VEL-03929,2022,cargo,B,263000.0,0,10000.0,1000000.0,30,2861.0,2736.0,2826.0,0.0,False,closed,31.0
VEL-03930,2022,auto_liability,B,308000.0,1,25000.0,2000000.0,28,6788.0,7521.0,5759.0,1762.0,False,closed,6.0
VEL-03931,2022,auto_liability,C,286000.0,2,5000.0,1000000.0,30,6390.0,6998.0,6108.0,890.0,False,closed,14.0
VEL-03932,2022,physical_damage,C,128000.0,3,25000.0,2000000.0,30,7755.0,7372.0,7509.0,0.0,True,closed,17.0
VEL-03933,2022,physical_damage,B,198000.0,0,10000.0,2000000.0,30,4906.0,4452.0,8554.313396407853,0.0,False,closed,348.0
VEL-03934,2022,cargo,B,61000.0,1,10000.0,1000000.0,30,16219.0,15784.0,14428.0,1356.0,False,closed,29.0
VEL-03935,2022,auto_liability,C,335000.0,6,5000.0,1000000.0,28,13307.0,13582.0,12474.0,1108.0,False,closed,33.0
VEL-03936,2022,cargo,B,62000.0,0,5000.0,1000000.0,30,75842.0,69987.0,61557.0,8430.0,False,closed,8.0
VEL-03937,2022,physical_damage,A,225000.0,1,10000.0,1000000.0,25,4449.0,4879.0,4360.0,519.0,False,closed,1.0
VEL-03938,2022,physical_damage,C,146000.0,0,25000.0,2000000.0,30,16594.0,17764.0,15660.0,2104.0,False,closed,12.0
VEL-03939,2022,auto_liability,A,298000.0,1,10000.0,1000000.0,30,7631.0,7300.0,6134.0,1166.0,False,closed,12.0
VEL-03940,2022,auto_liability,B,247000.0,0,25000.0,2000000.0,30,16584.0,16014.0,16204.0,0.0,False,closed,33.0
VEL-03941,2022,auto_liability,D,188000.0,1,5000.0,1000000.0,30,5945.0,6089.0,5480.0,609.0,False,closed,31.0
VEL-03942,2022,workers_comp,D,174000.0,5,5000.0,1000000.0,30,12563.0,11694.0,11623.0,71.0,False,closed,2.0
VEL-03943,2022,auto_liability,A,199000.0,0,5000.0,2000000.0,30,4862.0,4794.0,4268.0,526.0,False,closed,24.0
VEL-03944,2022,cargo,B,216000.0,2,25000.0,1000000.0,29,7060.0,6847.0,6716.0,131.0,False,closed,18.0
VEL-03945,2022,workers_comp,B,202000.0,0,5000.0,1000000.0,27,14045.0,13536.0,13922.0,0.0,False,closed,56.0
VEL-03946,2022,physical_damage,C,272000.0,3,10000.0,1000000.0,29,6046.0,6280.0,5676.0,604.0,False,closed,30.0
VEL-03947,2022,cargo,B,336000.0,3,25000.0,1000000.0,30,11834.0,12316.0,10984.0,1332.0,False,closed,10.0
VEL-03948,2022,auto_liability,A,121000.0,1,10000.0,1000000.0,28,11217.0,11575.0,9908.0,1667.0,False,closed,6.0
VEL-03949,2022,physical_damage,C,368000.0,2,5000.0,2000000.0,25,11117.0,10927.0,9230.0,1697.0,False,closed,23.0
VEL-03950,2022,auto_liability,C,102000.0,3,25000.0,2000000.0,30,10198.0,10533.0,8254.0,2279.0,False,closed,32.0
VEL-03951,2022,auto_liability,B,263000.0,3,5000.0,1000000.0,30,10839.0,10107.0,9090.0,1017.0,False,closed,56.0
VEL-03952,2022,auto_liability,C,119000.0,3,10000.0,1000000.0,26,13507.0,12269.0,11456.0,813.0,True,closed,10.0
VEL-03953,2022,cargo,C,472000.0,4,5000.0,2000000.0,30,18042.0,17516.0,17989.0,0.0,False,closed,52.0
VEL-03954,2022,auto_liability,A,215000.0,1,5000.0,1000000.0,30,1453.0,1492.0,1200.0,292.0,False,closed,19.0
VEL-03955,2022,auto_liability,B,277000.0,0,10000.0,2000000.0,30,2523.0,2455.0,2449.0,6.0,False,closed,8.0
VEL-03956,2022,auto_liability,B,505000.0,1,10000.0,2000000.0,28,17727.0,17502.0,17343.0,159.0,True,closed,16.0
VEL-03957,2022,auto_liability,A,327000.0,1,10000.0,1000000.0,30,2705.0,2622.0,2497.0,125.0,False,closed,16.0
VEL-03958,2022,workers_comp,A,415000.0,0,25000.0,1000000.0,30,9852.0,9842.0,7907.0,1935.0,False,closed,24.0
VEL-03959,2022,auto_liability,B,97000.0,1,25000.0,2000000.0,27,13047.0,12290.0,11382.0,908.0,False,closed,41.0
VEL-03960,2022,workers_comp,C,136000.0,0,10000.0,1000000.0,27,8398.0,9391.0,7958.0,1433.0,False,closed,3.0
VEL-03961,2022,cargo,C,207000.0,3,25000.0,1000000.0,30,2749.0,2761.0,2376.0,385.0,False,closed,22.0
VEL-03962,2022,auto_liability,B,156000.0,1,25000.0,2000000.0,25,3007.0,3000.0,6351.871891721304,166.0,False,closed,326.0
VEL-03963,2022,physical_damage,A,147000.0,3,25000.0,2000000.0,30,12623.0,12217.0,11209.0,1008.0,False,closed,12.0
VEL-03964,2022,workers_comp,B,148000.0,3,5000.0,2000000.0,26,27949.0,29359.0,25628.0,3731.0,False,closed,33.0
VEL-03965,2022,auto_liability,A,112000.0,0,10000.0,2000000.0,26,7662.0,7772.0,6719.0,1053.0,False,closed,29.0
VEL-03966,2022,physical_damage,A,392000.0,1,5000.0,1000000.0,30,38476.0,35743.0,32691.0,3052.0,False,closed,30.0
VEL-03967,2022,physical_damage,A,332000.0,0,10000.0,2000000.0,26,17440.0,16725.0,14211.0,2514.0,False,closed,17.0
VEL-03968,2022,cargo,B,193000.0,1,10000.0,1000000.0,30,2544.0,2358.0,2504.0,0.0,False,closed,14.0
VEL-03969,2022,auto_liability,B,346000.0,1,10000.0,2000000.0,29,1443.0,1387.0,1344.0,43.0,False,closed,34.0
VEL-03970,2022,auto_liability,B,113000.0,0,25000.0,1000000.0,30,5061.0,5023.0,4864.0,159.0,False,closed,2.0
VEL-03971,2022,physical_damage,B,931000.0,5,10000.0,1000000.0,27,2032.0,2053.0,1927.0,126.0,False,closed,22.0
VEL-03972,2022,physical_damage,A,154000.0,1,25000.0,1000000.0,28,13735.0,13638.0,11368.0,2270.0,False,closed,12.0
VEL-03973,2022,physical_damage,B,357000.0,1,10000.0,2000000.0,28,1759.0,1711.0,1448.0,263.0,False,closed,30.0
VEL-03974,2022,auto_liability,B,142000.0,1,25000.0,2000000.0,25,5814.0,6418.0,4931.0,1487.0,False,closed,11.0
VEL-03975,2022,physical_damage,A,236000.0,2,10000.0,2000000.0,26,3031.0,2886.0,2445.0,441.0,False,closed,52.0
VEL-03976,2022,physical_damage,A,313000.0,0,5000.0,2000000.0,30,10362.0,11605.0,9561.0,2044.0,False,closed,22.0
VEL-03977,2022,cargo,C,356000.0,1,5000.0,1000000.0,30,60176.0,57644.0,51187.0,6457.0,False,closed,13.0
VEL-03978,2022,auto_liability,B,137000.0,0,5000.0,2000000.0,30,6019.0,6553.0,5761.0,792.0,False,closed,77.0
VEL-03979,2022,cargo,B,174000.0,0,10000.0,2000000.0,30,1559.0,1618.0,1334.0,284.0,False,closed,37.0
VEL-03980,2022,cargo,B,166000.0,1,5000.0,2000000.0,30,6193.0,6541.0,5001.0,1540.0,False,closed,102.0
VEL-03981,2022,workers_comp,C,439000.0,2,25000.0,1000000.0,30,8498.0,7977.0,8342.0,0.0,False,closed,8.0
VEL-03982,2022,physical_damage,B,169000.0,0,10000.0,2000000.0,30,8326.0,9069.0,7133.0,1936.0,False,closed,44.0
VEL-03983,2022,cargo,B,124000.0,1,5000.0,1000000.0,28,32661.0,33899.0,29710.0,4189.0,False,closed,48.0
VEL-03984,2022,auto_liability,A,79000.0,0,25000.0,2000000.0,30,3282.0,3345.0,3129.0,216.0,False,closed,13.0
VEL-03985,2022,auto_liability,B,56000.0,1,25000.0,2000000.0,30,3274.0,3575.0,2816.0,759.0,False,closed,14.0
VEL-03986,2022,auto_liability,B,80000.0,0,5000.0,1000000.0,30,1892.0,1959.0,1771.0,188.0,False,closed,19.0
VEL-03987,2022,auto_liability,D,244000.0,2,5000.0,1000000.0,30,2452.0,2299.0,2143.0,156.0,False,closed,21.0
VEL-03988,2022,physical_damage,B,102000.0,4,10000.0,2000000.0,26,2969.0,2774.0,2855.0,0.0,False,closed,42.0
VEL-03989,2022,cargo,C,143000.0,1,5000.0,1000000.0,30,11108.0,10769.0,10251.0,518.0,False,closed,28.0
VEL-03990,2022,workers_comp,A,127000.0,3,25000.0,2000000.0,26,16636.0,15669.0,13913.0,1756.0,False,closed,19.0
VEL-03991,2022,cargo,D,103000.0,1,10000.0,1000000.0,30,17845.0,16874.0,17299.0,0.0,False,closed,13.0
VEL-03992,2022,physical_damage,B,119000.0,3,25000.0,1000000.0,30,5236.0,5299.0,5067.0,232.0,False,closed,18.0
VEL-03993,2022,auto_liability,A,229000.0,0,5000.0,1000000.0,26,5964.0,6045.0,5089.0,956.0,False,closed,45.0
VEL-03994,2022,workers_comp,A,149000.0,0,5000.0,1000000.0,30,6118.0,6390.0,13463.048655249115,694.0,False,closed,367.0
VEL-03995,2022,physical_damage,C,260000.0,2,10000.0,1000000.0,30,21315.0,22726.0,20507.0,2219.0,False,closed,19.0
VEL-03996,2022,auto_liability,B,193000.0,2,25000.0,2000000.0,26,2071.0,1975.0,2058.0,0.0,False,closed,33.0
VEL-03997,2022,auto_liability,D,87000.0,5,5000.0,1000000.0,27,2357.0,2138.0,2241.0,0.0,False,closed,20.0
VEL-03998,2022,workers_comp,D,150000.0,2,25000.0,1000000.0,30,20629.0,19099.0,17330.0,1769.0,True,closed,22.0
VEL-03999,2022,auto_liability,B,286000.0,1,5000.0,2000000.0,25,3417.0,3516.0,2834.0,682.0,True,closed,6.0
VEL-04000,2022,auto_liability,C,414000.0,0,25000.0,1000000.0,30,19137.0,20647.0,18390.0,2257.0,False,closed,31.0
VEL-04001,2022,auto_liability,A,93000.0,1,10000.0,1000000.0,29,2879.0,2925.0,2818.0,107.0,False,closed,36.0
VEL-04002,2022,physical_damage,B,232000.0,1,5000.0,1000000.0,28,10394.0,9363.0,10150.0,0.0,False,closed,32.0
VEL-04003,2022,physical_damage,C,325000.0,0,25000.0,2000000.0,30,12655.0,13562.0,11328.0,2234.0,False,closed,5.0
VEL-04004,2022,auto_liability,A,586000.0,0,10000.0,1000000.0,30,11728.0,12782.0,11168.0,1614.0,False,closed,16.0
VEL-04005,2022,cargo,A,163000.0,0,5000.0,2000000.0,30,23114.0,22020.0,21685.0,335.0,False,closed,9.0
VEL-04006,2022,physical_damage,A,298000.0,1,25000.0,2000000.0,30,2421.0,2412.0,2159.0,253.0,False,closed,45.0
VEL-04007,2022,physical_damage,C,113000.0,2,5000.0,1000000.0,30,2165.0,2069.0,1909.0,160.0,False,closed,51.0
VEL-04008,2022,auto_liability,A,321000.0,1,25000.0,1000000.0,28,2568.0,2698.0,2546.0,152.0,False,closed,45.0
VEL-04009,2022,physical_damage,B,270000.0,0,10000.0,2000000.0,30,12731.0,14086.0,11347.0,2739.0,False,closed,29.0
VEL-04010,2022,auto_liability,B,86000.0,3,25000.0,2000000.0,30,10698.0,11349.0,10053.0,1296.0,False,closed,5.0
VEL-04011,2022,physical_damage,B,134000.0,0,25000.0,2000000.0,28,5080.0,5664.0,4878.0,786.0,False,closed,2.0
VEL-04012,2022,auto_liability,B,161000.0,1,10000.0,1000000.0,30,24166.0,26824.0,22038.0,4786.0,False,closed,7.0
VEL-04013,2022,auto_liability,B,216000.0,3,25000.0,2000000.0,30,5184.0,5444.0,4580.0,864.0,False,closed,15.0
VEL-04014,2022,physical_damage,D,196000.0,1,5000.0,1000000.0,25,34708.0,34240.0,30967.0,3273.0,False,closed,46.0
VEL-04015,2022,auto_liability,B,218000.0,2,25000.0,1000000.0,29,5396.0,5936.0,4657.0,1279.0,False,closed,76.0
VEL-04016,2022,physical_damage,A,230000.0,0,5000.0,1000000.0,30,2302.0,2162.0,1952.0,210.0,False,closed,15.0
VEL-04017,2022,physical_damage,C,107000.0,5,5000.0,1000000.0,30,6696.0,6102.0,6528.0,0.0,False,closed,43.0
VEL-04018,2022,physical_damage,A,96000.0,0,10000.0,2000000.0,28,13264.0,12403.0,11190.0,1213.0,False,closed,29.0
VEL-04019,2022,physical_damage,A,219000.0,2,5000.0,1000000.0,30,15089.0,15019.0,14485.0,534.0,False,closed,48.0
VEL-04020,2022,auto_liability,A,104000.0,1,25000.0,1000000.0,25,5275.0,5790.0,4942.0,848.0,False,closed,13.0
VEL-04021,2022,physical_damage,B,141000.0,2,5000.0,1000000.0,30,41738.0,45381.0,36477.0,8904.0,False,closed,35.0
VEL-04022,2022,auto_liability,B,172000.0,1,25000.0,1000000.0,30,7301.0,7018.0,6122.0,896.0,False,closed,19.0
VEL-04023,2022,workers_comp,D,422000.0,1,5000.0,2000000.0,28,33780.0,32381.0,54128.935417186076,0.0,False,closed,148.0
VEL-04024,2022,workers_comp,B,198000.0,1,25000.0,1000000.0,29,21230.0,22565.0,20694.0,1871.0,False,closed,16.0
VEL-04025,2022,workers_comp,C,384000.0,2,25000.0,2000000.0,30,13634.0,13528.0,12887.0,641.0,False,closed,26.0
VEL-04026,2023,physical_damage,A,78000.0,1,5000.0,2000000.0,14,11117.0,12289.0,7938.0,4351.0,False,open,42.0
VEL-04027,2023,auto_liability,C,131000.0,3,5000.0,1000000.0,17,20423.0,18705.0,16371.0,2334.0,False,open,10.0
VEL-04028,2023,physical_damage,B,122000.0,3,5000.0,2000000.0,24,12005.0,12376.0,10716.0,1660.0,False,closed,19.0
VEL-04029,2023,auto_liability,A,139000.0,1,25000.0,2000000.0,24,3584.0,3527.0,3434.0,93.0,False,closed,15.0
VEL-04030,2023,auto_liability,A,74000.0,0,5000.0,2000000.0,14,7486.0,7629.0,4681.0,2948.0,False,open,33.0
VEL-04031,2023,auto_liability,A,201000.0,2,5000.0,2000000.0,17,4264.0,3981.0,3440.0,541.0,False,open,38.0
VEL-04032,2023,workers_comp,B,82000.0,2,25000.0,1000000.0,22,9483.0,10346.0,9173.0,1173.0,False,closed,33.0
VEL-04033,2023,cargo,B,388000.0,2,25000.0,1000000.0,15,9073.0,8433.0,6302.0,2131.0,False,open,76.0
VEL-04034,2023,physical_damage,B,297000.0,1,10000.0,2000000.0,18,8696.0,9658.0,8243.0,1415.0,False,closed,19.0
VEL-04035,2023,cargo,D,258000.0,3,5000.0,2000000.0,17,10379.0,9724.0,8597.0,1127.0,False,open,9.0
VEL-04036,2023,auto_liability,A,216000.0,1,25000.0,2000000.0,24,5894.0,6306.0,5616.0,690.0,False,closed,5.0
VEL-04037,2023,cargo,A,163000.0,0,25000.0,2000000.0,19,4354.0,4257.0,3951.0,306.0,False,closed,7.0
VEL-04038,2023,physical_damage,A,382000.0,0,25000.0,1000000.0,20,9140.0,8295.0,7596.0,699.0,True,closed,25.0
VEL-04039,2023,physical_damage,A,203000.0,2,10000.0,2000000.0,15,3979.0,3649.0,2813.0,836.0,False,open,25.0
VEL-04040,2023,cargo,B,206000.0,2,25000.0,2000000.0,21,5742.0,6086.0,4872.0,1214.0,True,closed,16.0
VEL-04041,2023,physical_damage,B,156000.0,0,25000.0,1000000.0,23,7172.0,7596.0,6534.0,1062.0,False,closed,5.0
VEL-04042,2023,workers_comp,A,120000.0,1,25000.0,1000000.0,14,6051.0,6555.0,4427.0,2128.0,False,open,11.0
VEL-04043,2023,workers_comp,A,178000.0,1,25000.0,2000000.0,20,3177.0,3083.0,3131.0,0.0,False,closed,84.0
VEL-04044,2023,workers_comp,B,78000.0,1,25000.0,1000000.0,15,7514.0,6975.0,5221.0,1754.0,False,open,4.0
VEL-04045,2023,workers_comp,C,65000.0,3,25000.0,2000000.0,22,25550.0,23676.0,41923.27462090286,2810.0,False,closed,360.0
VEL-04046,2023,auto_liability,A,153000.0,0,10000.0,1000000.0,20,5476.0,5144.0,4950.0,194.0,False,closed,34.0
VEL-04047,2023,auto_liability,B,96000.0,1,5000.0,2000000.0,17,2085.0,2025.0,1578.0,447.0,False,open,31.0
VEL-04048,2023,auto_liability,D,153000.0,5,10000.0,1000000.0,16,5054.0,4992.0,4066.0,926.0,False,open,23.0
VEL-04049,2023,auto_liability,A,112000.0,0,25000.0,2000000.0,16,2874.0,2683.0,2389.0,294.0,False,open,60.0
VEL-04050,2023,physical_damage,C,393000.0,2,25000.0,1000000.0,24,17731.0,18014.0,15712.0,2302.0,False,closed,21.0
VEL-04051,2023,auto_liability,D,101000.0,1,5000.0,1000000.0,24,8073.0,7648.0,7626.0,22.0,False,closed,35.0
VEL-04052,2023,physical_damage,C,199000.0,3,10000.0,2000000.0,17,3410.0,3812.0,2786.0,1026.0,False,open,4.0
VEL-04053,2023,auto_liability,A,278000.0,0,10000.0,2000000.0,24,9197.0,8780.0,8366.0,414.0,False,closed,30.0
VEL-04054,2023,workers_comp,D,58000.0,6,5000.0,1000000.0,22,18174.0,18936.0,15968.0,2968.0,False,closed,11.0
VEL-04055,2023,physical_damage,B,304000.0,0,5000.0,2000000.0,17,27379.0,26213.0,22954.0,3259.0,False,open,15.0
VEL-04056,2023,cargo,B,167000.0,0,25000.0,2000000.0,16,5807.0,5657.0,4887.0,770.0,False,open,14.0
VEL-04057,2023,auto_liability,B,250000.0,1,5000.0,2000000.0,17,9042.0,8618.0,8007.0,611.0,False,open,12.0
VEL-04058,2023,physical_damage,A,295000.0,0,5000.0,1000000.0,13,3263.0,2975.0,2126.0,849.0,False,open,22.0
VEL-04059,2023,auto_liability,B,111000.0,0,10000.0,2000000.0,20,3852.0,4057.0,3673.0,384.0,False,closed,24.0
VEL-04060,2023,auto_liability,A,126000.0,0,5000.0,1000000.0,13,1547.0,1584.0,1090.0,494.0,False,open,46.0
VEL-04061,2023,auto_liability,A,338000.0,1,10000.0,1000000.0,13,9198.0,9489.0,6107.0,3382.0,False,open,27.0
VEL-04062,2023,physical_damage,C,189000.0,3,25000.0,1000000.0,15,4328.0,4377.0,3359.0,1018.0,False,open,32.0
VEL-04063,2023,auto_liability,B,124000.0,2,10000.0,1000000.0,21,7590.0,7903.0,7106.0,797.0,False,closed,31.0
VEL-04064,2023,cargo,C,344000.0,2,25000.0,1000000.0,22,4880.0,4634.0,4578.0,56.0,False,closed,23.0
VEL-04065,2023,cargo,B,138000.0,0,5000.0,2000000.0,18,25038.0,25979.0,21452.0,4527.0,False,closed,28.0
VEL-04066,2023,physical_damage,B,346000.0,1,5000.0,1000000.0,22,8754.0,7890.0,7598.0,292.0,False,closed,13.0
VEL-04067,2023,physical_damage,B,369000.0,1,25000.0,1000000.0,19,5430.0,5583.0,5261.0,322.0,False,closed,18.0
VEL-04068,2023,physical_damage,A,226000.0,3,5000.0,2000000.0,22,2716.0,2547.0,5418.267466691547,82.0,False,closed,395.0
VEL-04069,2023,physical_damage,B,386000.0,0,25000.0,1000000.0,15,5407.0,5317.0,3606.0,1711.0,False,open,19.0
VEL-04070,2023,workers_comp,A,202000.0,0,25000.0,2000000.0,14,86740.0,88105.0,58621.0,29484.0,False,open,6.0
VEL-04071,2023,auto_liability,B,143000.0,1,10000.0,1000000.0,22,11768.0,11114.0,9979.0,1135.0,False,closed,15.0
VEL-04072,2023,cargo,B,150000.0,1,10000.0,2000000.0,22,12306.0,11322.0,10262.0,1060.0,False,closed,15.0
VEL-04073,2023,workers_comp,A,177000.0,1,5000.0,1000000.0,20,47701.0,49808.0,43845.0,5963.0,False,closed,25.0
VEL-04074,2023,workers_comp,B,200000.0,0,25000.0,1000000.0,14,6620.0,6571.0,4802.0,1769.0,False,open,18.0
VEL-04075,2023,auto_liability,C,179000.0,5,25000.0,2000000.0,18,5099.0,5345.0,4313.0,1032.0,False,closed,28.0
VEL-04076,2023,auto_liability,B,476000.0,2,10000.0,1000000.0,22,7841.0,7720.0,7477.0,243.0,False,closed,12.0
VEL-04077,2023,cargo,D,138000.0,2,5000.0,1000000.0,16,9868.0,9536.0,7781.0,1755.0,False,open,9.0
VEL-04078,2023,auto_liability,A,152000.0,3,25000.0,2000000.0,14,1418.0,1504.0,948.0,556.0,False,open,19.0
VEL-04079,2023,cargo,A,276000.0,0,5000.0,1000000.0,21,5886.0,5695.0,4799.0,896.0,False,closed,6.0
VEL-04080,2023,physical_damage,D,142000.0,1,10000.0,1000000.0,24,8179.0,7449.0,6890.0,559.0,False,closed,7.0
VEL-04081,2023,auto_liability,B,290000.0,0,10000.0,1000000.0,19,10089.0,10410.0,9692.0,718.0,False,closed,18.0
VEL-04082,2023,physical_damage,C,320000.0,6,5000.0,2000000.0,21,3686.0,4102.0,2982.0,1120.0,False,closed,4.0
VEL-04083,2023,auto_liability,B,115000.0,3,10000.0,1000000.0,22,3328.0,3347.0,3178.0,169.0,False,closed,51.0
VEL-04084,2023,cargo,A,122000.0,0,10000.0,1000000.0,23,11271.0,10755.0,9066.0,1689.0,False,closed,42.0
VEL-04085,2023,auto_liability,C,172000.0,4,25000.0,2000000.0,22,5858.0,5645.0,5794.0,0.0,False,closed,11.0
VEL-04086,2023,physical_damage,D,207000.0,2,5000.0,1000000.0,20,6513.0,6156.0,6483.0,0.0,False,closed,38.0
VEL-04087,2023,workers_comp,B,136000.0,2,5000.0,1000000.0,20,6230.0,6411.0,5653.0,758.0,False,closed,39.0
VEL-04088,2023,physical_damage,A,118000.0,1,10000.0,1000000.0,17,17905.0,16430.0,15269.0,1161.0,False,open,31.0
VEL-04089,2023,auto_liability,C,74000.0,3,5000.0,1000000.0,17,4417.0,4785.0,4027.0,758.0,False,open,12.0
VEL-04090,2023,physical_damage,A,159000.0,2,25000.0,1000000.0,13,4428.0,4262.0,2945.0,1317.0,False,open,34.0
VEL-04091,2023,physical_damage,B,261000.0,1,25000.0,2000000.0,21,6148.0,5640.0,4922.0,718.0,False,closed,18.0
VEL-04092,2023,physical_damage,A,218000.0,0,10000.0,2000000.0,24,2363.0,2232.0,2219.0,13.0,False,closed,13.0
VEL-04093,2023,cargo,C,151000.0,1,25000.0,1000000.0,19,9243.0,8667.0,7481.0,1186.0,False,closed,18.0
VEL-04094,2023,workers_comp,A,411000.0,1,25000.0,2000000.0,19,8684.0,8342.0,7719.0,623.0,False,closed,8.0
VEL-04095,2023,auto_liability,C,132000.0,0,25000.0,2000000.0,13,5009.0,4549.0,3200.0,1349.0,False,open,26.0
VEL-04096,2023,auto_liability,B,253000.0,2,10000.0,1000000.0,13,5646.0,5228.0,4002.0,1226.0,False,open,7.0
VEL-04097,2023,cargo,A,218000.0,0,10000.0,2000000.0,18,5699.0,5913.0,5629.0,284.0,False,closed,16.0
VEL-04098,2023,workers_comp,C,157000.0,2,10000.0,2000000.0,16,24667.0,24084.0,52099.101706007124,2625.0,False,open,354.0
VEL-04099,2023,cargo,B,366000.0,0,25000.0,1000000.0,15,15112.0,16516.0,10216.0,6300.0,False,open,19.0
VEL-04100,2023,workers_comp,C,216000.0,1,25000.0,2000000.0,24,49730.0,47332.0,47550.0,0.0,False,closed,2.0
VEL-04101,2023,physical_damage,D,198000.0,1,25000.0,2000000.0,13,1822.0,1744.0,1130.0,614.0,False,open,47.0
VEL-04102,2023,auto_liability,A,185000.0,0,10000.0,1000000.0,17,3770.0,3455.0,3412.0,43.0,False,open,25.0
VEL-04103,2023,auto_liability,A,303000.0,1,5000.0,2000000.0,20,7059.0,6369.0,6652.0,0.0,False,closed,27.0
VEL-04104,2023,auto_liability,C,280000.0,2,25000.0,2000000.0,17,3813.0,3441.0,3308.0,133.0,False,open,15.0
VEL-04105,2023,physical_damage,B,259000.0,1,5000.0,1000000.0,22,2873.0,3208.0,2450.0,758.0,False,closed,42.0
VEL-04106,2023,physical_damage,A,208000.0,1,5000.0,2000000.0,16,8316.0,9176.0,6539.0,2637.0,False,open,16.0
VEL-04107,2023,auto_liability,B,430000.0,0,10000.0,1000000.0,17,6472.0,6104.0,5991.0,113.0,False,open,29.0
VEL-04108,2023,cargo,B,260000.0,0,10000.0,1000000.0,22,62353.0,58562.0,61025.0,0.0,False,closed,39.0
VEL-04109,2023,physical_damage,D,126000.0,2,10000.0,2000000.0,21,13717.0,13442.0,12067.0,1375.0,False,closed,7.0
VEL-04110,2023,physical_damage,B,149000.0,0,5000.0,2000000.0,19,17087.0,15442.0,15138.0,304.0,False,closed,33.0
VEL-04111,2023,cargo,D,294000.0,2,10000.0,2000000.0,19,82347.0,80389.0,80489.0,0.0,False,closed,12.0
VEL-04112,2023,auto_liability,B,169000.0,1,5000.0,2000000.0,13,3449.0,3496.0,2465.0,1031.0,False,open,25.0
VEL-04113,2023,auto_liability,D,270000.0,5,10000.0,1000000.0,24,6412.0,7126.0,5583.0,1543.0,False,closed,23.0
VEL-04114,2023,auto_liability,C,252000.0,0,25000.0,2000000.0,22,1309.0,1421.0,1278.0,143.0,False,closed,66.0
VEL-04115,2023,workers_comp,B,98000.0,2,25000.0,2000000.0,20,47324.0,48838.0,45485.0,3353.0,False,closed,14.0
VEL-04116,2023,cargo,B,320000.0,1,10000.0,1000000.0,17,2886.0,3086.0,2373.0,713.0,False,open,64.0
VEL-04117,2023,physical_damage,C,293000.0,2,5000.0,1000000.0,18,3512.0,3891.0,2875.0,1016.0,False,closed,29.0
VEL-04118,2023,cargo,D,180000.0,1,25000.0,1000000.0,15,22423.0,21626.0,18425.0,3201.0,False,open,19.0
VEL-04119,2023,auto_liability,B,262000.0,4,25000.0,1000000.0,20,3636.0,3460.0,2972.0,488.0,False,closed,33.0
VEL-04120,2023,auto_liability,A,168000.0,0,25000.0,2000000.0,15,10832.0,9782.0,8727.0,1055.0,False,open,27.0
VEL-04121,2023,auto_liability,B,339000.0,2,5000.0,1000000.0,16,6316.0,6073.0,4728.0,1345.0,False,open,17.0
VEL-04122,2023,cargo,B,103000.0,1,10000.0,1000000.0,24,8660.0,9483.0,7592.0,1891.0,False,closed,15.0
VEL-04123,2023,physical_damage,A,196000.0,1,25000.0,1000000.0,21,2384.0,2533.0,2261.0,272.0,False,closed,24.0
VEL-04124,2023,physical_damage,C,142000.0,0,10000.0,2000000.0,20,23140.0,23820.0,18725.0,5095.0,False,closed,20.0
VEL-04125,2023,auto_liability,A,150000.0,1,10000.0,2000000.0,15,4322.0,4192.0,3104.0,1088.0,False,open,9.0
VEL-04126,2023,cargo,C,425000.0,2,25000.0,1000000.0,15,11185.0,12428.0,8062.0,4366.0,False,open,126.0
VEL-04127,2023,auto_liability,A,335000.0,4,10000.0,1000000.0,23,7693.0,8388.0,7401.0,987.0,False,closed,11.0
VEL-04128,2023,auto_liability,A,179000.0,0,10000.0,1000000.0,22,5324.0,5108.0,4584.0,524.0,False,closed,19.0
VEL-04129,2023,physical_damage,B,143000.0,1,5000.0,1000000.0,22,7086.0,6518.0,6941.0,0.0,False,closed,13.0
VEL-04130,2023,auto_liability,C,280000.0,1,25000.0,2000000.0,23,6691.0,6601.0,5570.0,1031.0,False,closed,33.0
VEL-04131,2023,auto_liability,A,114000.0,1,5000.0,2000000.0,24,6093.0,5556.0,5800.0,0.0,False,closed,14.0
VEL-04132,2023,physical_damage,A,125000.0,3,25000.0,2000000.0,21,9401.0,10001.0,9356.0,645.0,False,closed,21.0
VEL-04133,2023,physical_damage,C,117000.0,1,25000.0,2000000.0,23,3498.0,3674.0,3236.0,438.0,False,closed,45.0
VEL-04134,2023,cargo,B,207000.0,1,10000.0,2000000.0,15,17217.0,18446.0,11781.0,6665.0,False,open,14.0
VEL-04135,2023,workers_comp,A,188000.0,0,25000.0,1000000.0,15,2751.0,3028.0,1966.0,1062.0,False,open,21.0
VEL-04136,2023,workers_comp,A,99000.0,0,5000.0,2000000.0,23,84852.0,92313.0,78503.0,13810.0,False,closed,18.0
VEL-04137,2023,workers_comp,A,133000.0,1,10000.0,2000000.0,18,5687.0,5819.0,4689.0,1130.0,True,closed,12.0
VEL-04138,2023,physical_damage,C,192000.0,2,10000.0,1000000.0,24,16976.0,17416.0,14229.0,3187.0,False,closed,44.0
VEL-04139,2023,auto_liability,A,194000.0,0,5000.0,1000000.0,19,3029.0,3328.0,2988.0,340.0,False,closed,68.0
VEL-04140,2023,physical_damage,B,272000.0,0,5000.0,1000000.0,22,1636.0,1811.0,1367.0,444.0,False,closed,10.0
VEL-04141,2023,physical_damage,B,179000.0,1,5000.0,1000000.0,24,9348.0,9731.0,8494.0,1237.0,False,closed,90.0
VEL-04142,2023,physical_damage,B,200000.0,1,25000.0,1000000.0,22,3653.0,3481.0,3385.0,96.0,False,closed,33.0
VEL-04143,2023,physical_damage,D,147000.0,2,25000.0,1000000.0,17,13231.0,13965.0,11763.0,2202.0,True,open,12.0
VEL-04144,2023,auto_liability,B,168000.0,1,5000.0,1000000.0,17,8278.0,8300.0,6260.0,2040.0,False,open,11.0
VEL-04145,2023,physical_damage,B,363000.0,1,10000.0,2000000.0,18,19846.0,21680.0,18824.0,2856.0,True,closed,18.0
VEL-04146,2023,auto_liability,A,230000.0,0,10000.0,1000000.0,17,7269.0,7807.0,5692.0,2115.0,False,open,17.0
VEL-04147,2023,auto_liability,B,256000.0,2,5000.0,2000000.0,20,9049.0,9386.0,8474.0,912.0,False,closed,27.0
VEL-04148,2023,cargo,B,139000.0,1,25000.0,2000000.0,22,25386.0,25371.0,23469.0,1902.0,False,closed,19.0
VEL-04149,2023,auto_liability,B,77000.0,2,25000.0,2000000.0,20,3713.0,3960.0,3409.0,551.0,False,closed,27.0
VEL-04150,2023,auto_liability,D,119000.0,1,10000.0,2000000.0,18,11943.0,11721.0,10175.0,1546.0,False,closed,17.0
VEL-04151,2023,physical_damage,B,160000.0,2,25000.0,2000000.0,13,9264.0,10186.0,5960.0,4226.0,False,open,7.0
VEL-04152,2023,physical_damage,A,310000.0,0,5000.0,2000000.0,15,16551.0,16288.0,11313.0,4975.0,False,open,11.0
VEL-04153,2023,auto_liability,A,204000.0,0,10000.0,1000000.0,20,2329.0,2287.0,1871.0,416.0,False,closed,12.0
VEL-04154,2023,physical_damage,B,154000.0,1,5000.0,2000000.0,22,8876.0,9884.0,7403.0,2481.0,False,closed,8.0
VEL-04155,2023,physical_damage,A,195000.0,1,25000.0,2000000.0,17,3800.0,3510.0,3301.0,209.0,False,open,16.0
VEL-04156,2023,cargo,A,224000.0,0,25000.0,2000000.0,17,23023.0,24551.0,21259.0,3292.0,False,open,11.0
VEL-04157,2023,auto_liability,B,220000.0,3,5000.0,1000000.0,21,4574.0,4974.0,3936.0,1038.0,False,closed,22.0
VEL-04158,2023,cargo,A,298000.0,1,10000.0,2000000.0,19,20532.0,19980.0,17283.0,2697.0,False,closed,26.0
VEL-04159,2023,physical_damage,D,215000.0,3,25000.0,2000000.0,14,6400.0,6290.0,4826.0,1464.0,False,open,29.0
VEL-04160,2023,auto_liability,A,123000.0,2,25000.0,1000000.0,22,2081.0,2315.0,1852.0,463.0,False,closed,37.0
VEL-04161,2023,workers_comp,A,93000.0,2,25000.0,2000000.0,20,14327.0,15318.0,28317.288158315143,3367.0,False,closed,301.0
VEL-04162,2023,physical_damage,C,114000.0,0,10000.0,1000000.0,13,16303.0,16149.0,11730.0,4419.0,False,open,23.0
VEL-04163,2023,physical_damage,D,287000.0,4,10000.0,2000000.0,14,6122.0,5581.0,4651.0,930.0,False,open,9.0
VEL-04164,2023,physical_damage,C,385000.0,6,5000.0,1000000.0,21,23520.0,21573.0,41620.4143580026,880.0,False,closed,397.0
VEL-04165,2023,auto_liability,A,139000.0,1,5000.0,2000000.0,13,2504.0,2646.0,1782.0,864.0,False,open,29.0
VEL-04166,2023,physical_damage,B,432000.0,1,10000.0,1000000.0,21,8762.0,9077.0,8025.0,1052.0,False,closed,11.0
VEL-04167,2023,auto_liability,B,212000.0,0,25000.0,1000000.0,13,2599.0,2412.0,1702.0,710.0,False,open,20.0
VEL-04168,2023,auto_liability,A,185000.0,0,25000.0,2000000.0,13,1354.0,1366.0,938.0,428.0,False,open,60.0
VEL-04169,2023,cargo,B,203000.0,0,10000.0,1000000.0,18,6104.0,5989.0,5054.0,935.0,False,closed,12.0
VEL-04170,2023,auto_liability,C,235000.0,0,5000.0,1000000.0,16,11695.0,11775.0,8880.0,2895.0,False,open,39.0
VEL-04171,2023,auto_liability,B,141000.0,2,10000.0,1000000.0,20,6555.0,6759.0,5525.0,1234.0,False,closed,13.0
VEL-04172,2023,cargo,D,189000.0,1,25000.0,1000000.0,21,6585.0,6823.0,5414.0,1409.0,False,closed,11.0
VEL-04173,2023,auto_liability,C,174000.0,0,25000.0,2000000.0,24,10124.0,10655.0,9668.0,987.0,False,closed,106.0
VEL-04174,2023,cargo,A,53000.0,2,25000.0,2000000.0,21,6181.0,6216.0,11651.159093749813,544.0,False,closed,299.0
VEL-04175,2023,auto_liability,B,158000.0,0,10000.0,1000000.0,23,4602.0,4699.0,4584.0,115.0,False,closed,28.0
VEL-04176,2023,physical_damage,C,383000.0,1,10000.0,2000000.0,24,29334.0,29497.0,28087.0,1410.0,True,closed,17.0
VEL-04177,2023,workers_comp,B,264000.0,1,5000.0,1000000.0,20,8095.0,7542.0,7503.0,39.0,False,closed,5.0
VEL-04178,2023,auto_liability,A,139000.0,0,10000.0,2000000.0,19,8203.0,9148.0,7624.0,1524.0,False,closed,53.0
VEL-04179,2023,auto_liability,D,196000.0,0,5000.0,2000000.0,16,3334.0,3341.0,2865.0,476.0,False,open,25.0
VEL-04180,2023,auto_liability,D,249000.0,0,10000.0,1000000.0,24,17338.0,19082.0,14755.0,4327.0,False,closed,40.0
VEL-04181,2023,cargo,C,147000.0,0,5000.0,2000000.0,19,27474.0,28652.0,26135.0,2517.0,False,closed,16.0
VEL-04182,2023,workers_comp,B,250000.0,0,25000.0,1000000.0,23,5428.0,5853.0,5185.0,668.0,False,closed,2.0
VEL-04183,2023,physical_damage,B,164000.0,0,25000.0,2000000.0,23,10760.0,10574.0,9097.0,1477.0,False,closed,36.0
VEL-04184,2023,physical_damage,A,98000.0,0,5000.0,2000000.0,22,10356.0,10499.0,10000.0,499.0,False,closed,78.0
VEL-04185,2023,auto_liability,B,172000.0,2,10000.0,1000000.0,20,1894.0,1794.0,1649.0,145.0,False,closed,24.0
VEL-04186,2023,physical_damage,A,69000.0,0,10000.0,2000000.0,24,2245.0,2103.0,2202.0,0.0,False,closed,15.0
VEL-04187,2023,physical_damage,B,151000.0,1,25000.0,1000000.0,13,5995.0,5932.0,3830.0,2102.0,False,open,47.0
VEL-04188,2023,auto_liability,A,98000.0,0,10000.0,2000000.0,23,3477.0,3872.0,2804.0,1068.0,False,closed,13.0
VEL-04189,2023,auto_liability,B,308000.0,1,10000.0,2000000.0,18,5806.0,5668.0,5141.0,527.0,False,closed,22.0
VEL-04190,2023,physical_damage,B,76000.0,1,25000.0,2000000.0,18,10582.0,9545.0,8913.0,632.0,False,closed,31.0
VEL-04191,2023,workers_comp,D,194000.0,0,5000.0,2000000.0,14,37715.0,39214.0,66434.93597515207,13923.0,False,open,277.0
VEL-04192,2023,physical_damage,C,263000.0,0,5000.0,2000000.0,17,7165.0,7963.0,6588.0,1375.0,False,open,28.0
VEL-04193,2023,physical_damage,B,244000.0,1,25000.0,2000000.0,22,6934.0,6587.0,5799.0,788.0,False,closed,47.0
VEL-04194,2023,auto_liability,A,98000.0,1,25000.0,2000000.0,16,3589.0,4008.0,2809.0,1199.0,False,open,8.0
VEL-04195,2023,auto_liability,C,84000.0,3,10000.0,2000000.0,20,48372.0,48258.0,42821.0,5437.0,False,closed,24.0
VEL-04196,2023,cargo,A,293000.0,2,5000.0,1000000.0,17,36055.0,33839.0,27704.0,6135.0,False,open,15.0
VEL-04197,2023,physical_damage,A,151000.0,1,5000.0,2000000.0,23,4324.0,4032.0,3518.0,514.0,True,closed,38.0
VEL-04198,2023,cargo,A,145000.0,1,10000.0,1000000.0,17,6039.0,6248.0,5613.0,635.0,False,open,43.0
VEL-04199,2023,auto_liability,B,201000.0,3,10000.0,2000000.0,19,6051.0,6303.0,6005.0,298.0,False,closed,34.0
VEL-04200,2023,cargo,C,157000.0,0,5000.0,2000000.0,15,19688.0,20263.0,13910.0,6353.0,True,open,45.0
VEL-04201,2023,auto_liability,C,166000.0,1,10000.0,2000000.0,16,3178.0,3288.0,2687.0,601.0,False,open,17.0
VEL-04202,2023,auto_liability,A,142000.0,0,5000.0,1000000.0,18,6771.0,7373.0,5898.0,1475.0,False,closed,17.0
VEL-04203,2023,physical_damage,A,154000.0,0,5000.0,2000000.0,13,6285.0,6837.0,4132.0,2705.0,False,open,46.0
VEL-04204,2023,cargo,C,55000.0,2,5000.0,2000000.0,16,50514.0,56154.0,43277.0,12877.0,False,open,11.0
VEL-04205,2023,auto_liability,C,133000.0,2,10000.0,1000000.0,22,13594.0,15009.0,12974.0,2035.0,False,closed,22.0
VEL-04206,2023,cargo,C,209000.0,1,10000.0,2000000.0,17,4341.0,4686.0,3502.0,1184.0,False,open,19.0
VEL-04207,2023,auto_liability,C,123000.0,2,5000.0,1000000.0,16,3462.0,3404.0,2864.0,540.0,False,open,22.0
VEL-04208,2023,auto_liability,C,146000.0,1,5000.0,2000000.0,13,8510.0,7732.0,5212.0,2520.0,False,open,19.0
VEL-04209,2023,auto_liability,B,274000.0,1,5000.0,1000000.0,21,2799.0,2756.0,2307.0,449.0,False,closed,6.0
VEL-04210,2023,auto_liability,C,121000.0,1,25000.0,1000000.0,22,2204.0,2290.0,1830.0,460.0,False,closed,9.0
VEL-04211,2023,auto_liability,B,259000.0,0,25000.0,2000000.0,15,6258.0,6071.0,4298.0,1773.0,False,open,24.0
VEL-04212,2023,cargo,A,273000.0,1,5000.0,2000000.0,19,3285.0,3488.0,3117.0,371.0,False,closed,21.0
VEL-04213,2023,physical_damage,D,267000.0,1,10000.0,2000000.0,16,10899.0,11402.0,8227.0,3175.0,False,open,52.0
VEL-04214,2023,physical_damage,D,248000.0,2,25000.0,1000000.0,16,11313.0,12184.0,8786.0,3398.0,False,open,27.0
VEL-04215,2023,physical_damage,D,116000.0,2,25000.0,1000000.0,14,28079.0,28804.0,19386.0,9418.0,False,open,28.0
VEL-04216,2023,physical_damage,B,105000.0,1,10000.0,2000000.0,18,8781.0,9019.0,8203.0,816.0,False,closed,44.0
VEL-04217,2023,auto_liability,C,288000.0,4,25000.0,2000000.0,22,51056.0,54636.0,43627.0,11009.0,False,closed,16.0
VEL-04218,2023,auto_liability,A,196000.0,1,10000.0,1000000.0,22,10315.0,9531.0,9422.0,109.0,False,closed,31.0
VEL-04219,2023,cargo,A,508000.0,0,25000.0,1000000.0,13,15186.0,14218.0,9244.0,4974.0,False,open,25.0
VEL-04220,2023,physical_damage,C,328000.0,2,5000.0,2000000.0,21,14856.0,15013.0,13059.0,1954.0,False,closed,29.0
VEL-04221,2023,auto_liability,B,245000.0,3,5000.0,2000000.0,16,6705.0,6603.0,4988.0,1615.0,False,open,47.0
VEL-04222,2023,auto_liability,B,202000.0,1,10000.0,2000000.0,15,4259.0,4071.0,3014.0,1057.0,False,open,34.0
VEL-04223,2023,auto_liability,B,174000.0,0,25000.0,1000000.0,18,6197.0,6756.0,5906.0,850.0,False,closed,7.0
VEL-04224,2023,physical_damage,D,198000.0,1,25000.0,2000000.0,24,20471.0,21081.0,18289.0,2792.0,False,closed,4.0
VEL-04225,2023,cargo,A,159000.0,0,5000.0,1000000.0,22,3342.0,3438.0,2741.0,697.0,False,closed,26.0
VEL-04226,2023,auto_liability,B,178000.0,1,10000.0,2000000.0,14,6351.0,7027.0,4167.0,2860.0,False,open,40.0
VEL-04227,2023,workers_comp,A,241000.0,0,10000.0,1000000.0,23,48891.0,48105.0,41572.0,6533.0,False,closed,22.0
VEL-04228,2023,physical_damage,C,223000.0,3,5000.0,1000000.0,17,14240.0,14715.0,12860.0,1855.0,False,open,35.0
VEL-04229,2023,workers_comp,B,209000.0,2,10000.0,1000000.0,22,19856.0,19423.0,16148.0,3275.0,False,closed,10.0
VEL-04230,2023,auto_liability,A,93000.0,1,10000.0,1000000.0,18,3252.0,3575.0,2687.0,888.0,False,closed,19.0
VEL-04231,2023,physical_damage,A,92000.0,0,25000.0,1000000.0,16,7721.0,7725.0,6392.0,1333.0,False,open,2.0
VEL-04232,2023,physical_damage,C,117000.0,1,10000.0,1000000.0,21,3844.0,4300.0,3160.0,1140.0,False,closed,54.0
VEL-04233,2023,physical_damage,B,72000.0,1,5000.0,1000000.0,18,4785.0,4630.0,4496.0,134.0,False,closed,61.0
VEL-04234,2023,cargo,A,104000.0,1,10000.0,2000000.0,14,10237.0,9520.0,7942.0,1578.0,False,open,12.0
VEL-04235,2023,cargo,A,129000.0,0,10000.0,2000000.0,18,5761.0,5839.0,5758.0,81.0,False,closed,8.0
VEL-04236,2023,auto_liability,C,89000.0,0,25000.0,1000000.0,14,4380.0,4196.0,3344.0,852.0,False,open,10.0
VEL-04237,2023,physical_damage,B,137000.0,1,5000.0,2000000.0,17,49892.0,51551.0,45740.0,5811.0,False,open,7.0
VEL-04238,2023,physical_damage,B,130000.0,2,5000.0,2000000.0,24,28078.0,31410.0,27548.0,3862.0,False,closed,22.0
VEL-04239,2023,physical_damage,D,83000.0,4,10000.0,2000000.0,13,29482.0,29832.0,19846.0,9986.0,False,open,13.0
VEL-04240,2023,physical_damage,C,171000.0,2,10000.0,1000000.0,18,3562.0,3481.0,3469.0,12.0,False,closed,13.0
VEL-04241,2023,physical_damage,A,98000.0,2,5000.0,1000000.0,15,7213.0,7216.0,5924.0,1292.0,False,open,21.0
VEL-04242,2023,workers_comp,C,185000.0,2,25000.0,2000000.0,20,6087.0,5755.0,4912.0,843.0,False,closed,76.0
VEL-04243,2023,auto_liability,A,93000.0,1,10000.0,1000000.0,18,4022.0,4246.0,3919.0,327.0,False,closed,32.0
VEL-04244,2023,physical_damage,B,133000.0,1,5000.0,1000000.0,16,10888.0,12164.0,9029.0,3135.0,False,open,26.0
VEL-04245,2023,physical_damage,C,247000.0,0,25000.0,2000000.0,24,9629.0,10688.0,8944.0,1744.0,False,closed,45.0
VEL-04246,2023,physical_damage,A,111000.0,0,25000.0,2000000.0,17,8708.0,9619.0,7166.0,2453.0,False,open,68.0
VEL-04247,2023,physical_damage,A,238000.0,0,25000.0,1000000.0,23,9984.0,10071.0,9481.0,590.0,False,closed,7.0
VEL-04248,2023,cargo,B,410000.0,1,10000.0,1000000.0,19,5045.0,5537.0,4348.0,1189.0,False,closed,23.0
VEL-04249,2023,physical_damage,C,292000.0,2,25000.0,2000000.0,24,5403.0,5092.0,4501.0,591.0,False,closed,11.0
VEL-04250,2023,auto_liability,C,95000.0,3,25000.0,2000000.0,22,6368.0,5919.0,5254.0,665.0,False,closed,5.0
VEL-04251,2023,physical_damage,B,327000.0,3,25000.0,1000000.0,20,9334.0,9967.0,7883.0,2084.0,False,closed,65.0
VEL-04252,2023,cargo,B,408000.0,0,5000.0,2000000.0,19,3919.0,3790.0,3254.0,536.0,False,closed,17.0
VEL-04253,2023,auto_liability,D,213000.0,2,25000.0,1000000.0,21,1586.0,1714.0,1567.0,147.0,False,closed,23.0
VEL-04254,2023,physical_damage,A,410000.0,0,5000.0,2000000.0,20,4617.0,4592.0,4446.0,146.0,False,closed,31.0
VEL-04255,2023,auto_liability,A,397000.0,1,5000.0,2000000.0,16,3268.0,3653.0,2354.0,1299.0,False,open,41.0
VEL-04256,2023,workers_comp,B,83000.0,2,25000.0,1000000.0,13,20069.0,22347.0,13681.0,8666.0,False,open,36.0
VEL-04257,2023,physical_damage,B,242000.0,0,5000.0,2000000.0,20,9424.0,9200.0,7895.0,1305.0,False,closed,61.0
VEL-04258,2023,cargo,D,231000.0,3,25000.0,2000000.0,14,7439.0,7314.0,5501.0,1813.0,False,open,38.0
VEL-04259,2023,auto_liability,D,161000.0,2,25000.0,1000000.0,17,12656.0,11634.0,10109.0,1525.0,False,open,14.0
VEL-04260,2023,workers_comp,B,158000.0,1,25000.0,1000000.0,22,59023.0,53758.0,50129.0,3629.0,False,closed,14.0
VEL-04261,2023,auto_liability,A,246000.0,1,5000.0,1000000.0,21,8103.0,7482.0,6577.0,905.0,False,closed,1.0
VEL-04262,2023,cargo,B,657000.0,1,10000.0,1000000.0,24,19763.0,19264.0,16094.0,3170.0,False,closed,24.0
VEL-04263,2023,cargo,D,168000.0,2,25000.0,1000000.0,21,27355.0,27965.0,22079.0,5886.0,False,closed,17.0
VEL-04264,2023,physical_damage,A,316000.0,0,10000.0,1000000.0,24,3955.0,3620.0,3893.0,0.0,False,closed,22.0
VEL-04265,2023,workers_comp,A,126000.0,1,10000.0,2000000.0,17,11460.0,11921.0,9768.0,2153.0,False,open,9.0
VEL-04266,2023,cargo,A,253000.0,0,25000.0,2000000.0,20,13268.0,12815.0,10775.0,2040.0,False,closed,27.0
VEL-04267,2023,physical_damage,B,275000.0,0,10000.0,1000000.0,19,14798.0,16505.0,14630.0,1875.0,False,closed,54.0
VEL-04268,2023,workers_comp,B,100000.0,1,5000.0,1000000.0,13,44326.0,45273.0,27604.0,17669.0,False,open,19.0
VEL-04269,2023,cargo,C,102000.0,2,5000.0,1000000.0,20,22176.0,20073.0,21800.0,0.0,False,closed,12.0
VEL-04270,2023,cargo,A,306000.0,0,5000.0,1000000.0,15,5698.0,6122.0,4258.0,1864.0,False,open,13.0
VEL-04271,2023,auto_liability,A,254000.0,2,5000.0,1000000.0,23,2542.0,2661.0,2244.0,417.0,False,closed,67.0
VEL-04272,2023,physical_damage,B,278000.0,2,25000.0,2000000.0,15,6613.0,6468.0,4741.0,1727.0,True,open,16.0
VEL-04273,2023,physical_damage,B,430000.0,1,5000.0,2000000.0,21,28346.0,28305.0,23740.0,4565.0,False,closed,15.0
VEL-04274,2023,physical_damage,A,176000.0,2,25000.0,2000000.0,24,4320.0,4430.0,3479.0,951.0,False,closed,18.0
VEL-04275,2023,auto_liability,C,344000.0,4,25000.0,2000000.0,21,39172.0,37356.0,32150.0,5206.0,False,closed,58.0
VEL-04276,2023,cargo,B,206000.0,2,10000.0,2000000.0,18,5305.0,5109.0,4549.0,560.0,False,closed,16.0
VEL-04277,2023,physical_damage,B,140000.0,2,25000.0,2000000.0,14,3084.0,2876.0,2267.0,609.0,False,open,27.0
VEL-04278,2023,auto_liability,A,161000.0,0,10000.0,1000000.0,18,18858.0,17668.0,17134.0,534.0,False,closed,26.0
VEL-04279,2023,auto_liability,C,262000.0,0,10000.0,2000000.0,20,2212.0,2390.0,2049.0,341.0,False,closed,57.0
VEL-04280,2023,cargo,B,136000.0,2,5000.0,2000000.0,18,7056.0,6954.0,6297.0,657.0,False,closed,3.0
VEL-04281,2023,physical_damage,B,158000.0,1,5000.0,2000000.0,13,4254.0,4404.0,2847.0,1557.0,False,open,8.0
VEL-04282,2023,physical_damage,B,447000.0,1,5000.0,1000000.0,13,13688.0,14288.0,9044.0,5244.0,False,open,93.0
VEL-04283,2023,auto_liability,A,166000.0,0,5000.0,2000000.0,20,6466.0,5871.0,5656.0,215.0,False,closed,18.0
VEL-04284,2023,auto_liability,C,265000.0,2,5000.0,2000000.0,18,21527.0,21169.0,19386.0,1783.0,False,closed,45.0
VEL-04285,2023,workers_comp,A,301000.0,2,10000.0,1000000.0,17,7784.0,7441.0,7132.0,309.0,False,open,35.0
VEL-04286,2023,auto_liability,C,173000.0,0,10000.0,1000000.0,17,7410.0,7925.0,6563.0,1362.0,False,open,2.0
VEL-04287,2023,auto_liability,C,180000.0,1,10000.0,2000000.0,24,9253.0,9032.0,7859.0,1173.0,False,closed,8.0
VEL-04288,2023,auto_liability,C,136000.0,0,10000.0,2000000.0,14,3036.0,3047.0,2183.0,864.0,True,open,28.0
VEL-04289,2023,auto_liability,B,112000.0,0,10000.0,2000000.0,24,4296.0,4688.0,3802.0,886.0,False,closed,23.0
VEL-04290,2023,auto_liability,B,275000.0,0,25000.0,2000000.0,17,2304.0,2377.0,1742.0,635.0,False,open,31.0
VEL-04291,2023,workers_comp,C,309000.0,1,25000.0,1000000.0,20,4581.0,5002.0,4005.0,997.0,False,closed,7.0
VEL-04292,2023,physical_damage,B,146000.0,1,25000.0,2000000.0,22,22093.0,21211.0,20465.0,746.0,False,closed,29.0
VEL-04293,2023,auto_liability,A,378000.0,1,25000.0,2000000.0,19,4546.0,4546.0,3641.0,905.0,False,closed,3.0
VEL-04294,2023,auto_liability,D,204000.0,1,5000.0,1000000.0,22,4578.0,4552.0,4246.0,306.0,False,closed,15.0
VEL-04295,2023,auto_liability,D,97000.0,0,10000.0,1000000.0,22,11282.0,12602.0,10562.0,2040.0,False,closed,4.0
VEL-04296,2023,auto_liability,C,125000.0,0,25000.0,2000000.0,15,1825.0,1977.0,1230.0,747.0,True,open,34.0
VEL-04297,2023,workers_comp,C,265000.0,2,10000.0,2000000.0,17,24782.0,25075.0,22525.0,2550.0,False,open,37.0
VEL-04298,2023,auto_liability,C,70000.0,1,5000.0,2000000.0,18,7551.0,7014.0,6193.0,821.0,True,closed,36.0
VEL-04299,2023,workers_comp,A,248000.0,0,5000.0,2000000.0,15,9703.0,10409.0,6541.0,3868.0,False,open,16.0
VEL-04300,2023,physical_damage,C,244000.0,1,5000.0,1000000.0,21,7302.0,7353.0,6584.0,769.0,False,closed,21.0
VEL-04301,2023,auto_liability,B,339000.0,0,5000.0,2000000.0,23,4088.0,4050.0,3505.0,545.0,False,closed,16.0
VEL-04302,2023,cargo,B,92000.0,1,25000.0,2000000.0,21,12183.0,11879.0,10559.0,1320.0,False,closed,17.0
VEL-04303,2023,physical_damage,C,316000.0,2,10000.0,2000000.0,18,15314.0,16394.0,14172.0,2222.0,False,closed,25.0
VEL-04304,2023,physical_damage,A,323000.0,0,5000.0,2000000.0,13,14024.0,15476.0,8502.0,6974.0,False,open,24.0
VEL-04305,2023,cargo,A,120000.0,1,10000.0,2000000.0,22,12504.0,12692.0,11064.0,1628.0,False,closed,14.0
VEL-04306,2023,auto_liability,C,243000.0,0,5000.0,1000000.0,22,13127.0,14010.0,12311.0,1699.0,False,closed,10.0
VEL-04307,2023,workers_comp,B,199000.0,4,5000.0,1000000.0,13,44660.0,46559.0,26392.0,20167.0,False,open,61.0
VEL-04308,2023,physical_damage,B,96000.0,3,10000.0,1000000.0,19,44671.0,42198.0,38607.0,3591.0,False,closed,22.0
VEL-04309,2023,physical_damage,C,239000.0,1,10000.0,2000000.0,15,6125.0,6851.0,4865.0,1986.0,False,open,25.0
VEL-04310,2023,physical_damage,D,177000.0,0,25000.0,2000000.0,13,27783.0,25307.0,17182.0,8125.0,False,open,33.0
VEL-04311,2023,auto_liability,C,92000.0,2,10000.0,1000000.0,15,40727.0,39196.0,28675.0,10521.0,False,open,11.0
VEL-04312,2023,workers_comp,A,220000.0,0,5000.0,2000000.0,16,19074.0,18788.0,14957.0,3831.0,False,open,7.0
VEL-04313,2023,auto_liability,B,177000.0,3,5000.0,2000000.0,23,18083.0,18000.0,15919.0,2081.0,False,closed,15.0
VEL-04314,2023,auto_liability,B,250000.0,2,25000.0,1000000.0,13,2180.0,2414.0,1483.0,931.0,False,open,9.0
VEL-04315,2023,cargo,B,228000.0,1,5000.0,2000000.0,19,39639.0,44080.0,35355.0,8725.0,False,closed,15.0
VEL-04316,2023,auto_liability,D,147000.0,4,25000.0,2000000.0,17,4888.0,4981.0,3935.0,1046.0,False,open,13.0
VEL-04317,2023,physical_damage,B,109000.0,1,10000.0,2000000.0,21,2878.0,2827.0,2797.0,30.0,False,closed,51.0
VEL-04318,2023,physical_damage,A,324000.0,2,5000.0,2000000.0,20,8579.0,8070.0,8368.0,0.0,False,closed,5.0
VEL-04319,2023,auto_liability,C,353000.0,2,10000.0,2000000.0,18,2876.0,2706.0,2757.0,0.0,False,closed,41.0
VEL-04320,2023,auto_liability,C,124000.0,0,5000.0,2000000.0,19,13713.0,13217.0,12756.0,461.0,False,closed,103.0
VEL-04321,2023,auto_liability,C,267000.0,1,5000.0,2000000.0,23,3726.0,4126.0,3476.0,650.0,False,closed,53.0
VEL-04322,2023,cargo,A,217000.0,1,25000.0,2000000.0,17,1194.0,1151.0,1048.0,103.0,False,open,80.0
VEL-04323,2023,physical_damage,C,187000.0,3,25000.0,1000000.0,22,7818.0,7372.0,7249.0,123.0,False,closed,17.0
VEL-04324,2023,physical_damage,C,264000.0,1,10000.0,1000000.0,13,12919.0,12348.0,8321.0,4027.0,False,open,9.0
VEL-04325,2023,auto_liability,C,177000.0,0,25000.0,1000000.0,24,6310.0,6574.0,5337.0,1237.0,False,closed,44.0
VEL-04326,2023,cargo,D,647000.0,1,25000.0,2000000.0,14,13604.0,15072.0,9540.0,5532.0,False,open,35.0
VEL-04327,2023,physical_damage,C,139000.0,2,5000.0,2000000.0,16,10385.0,11251.0,7691.0,3560.0,False,open,32.0
VEL-04328,2023,physical_damage,D,218000.0,4,10000.0,1000000.0,23,6622.0,6610.0,6492.0,118.0,False,closed,12.0
VEL-04329,2023,physical_damage,C,78000.0,3,25000.0,1000000.0,20,7274.0,6707.0,6701.0,6.0,False,closed,17.0
VEL-04330,2023,auto_liability,B,221000.0,0,5000.0,1000000.0,16,1775.0,1900.0,1435.0,465.0,False,open,28.0
VEL-04331,2023,workers_comp,A,121000.0,1,25000.0,2000000.0,15,6265.0,6086.0,4286.0,1800.0,False,open,16.0
VEL-04332,2023,cargo,C,49000.0,1,10000.0,2000000.0,17,35258.0,36538.0,29642.0,6896.0,False,open,23.0
VEL-04333,2023,physical_damage,B,163000.0,2,5000.0,1000000.0,19,22959.0,21727.0,19980.0,1747.0,False,closed,18.0
VEL-04334,2023,auto_liability,B,241000.0,1,25000.0,1000000.0,16,2987.0,3038.0,2536.0,502.0,True,open,17.0
VEL-04335,2023,physical_damage,B,132000.0,2,5000.0,1000000.0,23,12714.0,13382.0,12126.0,1256.0,False,closed,5.0
VEL-04336,2023,cargo,D,192000.0,4,25000.0,2000000.0,18,11886.0,11309.0,11882.0,0.0,False,closed,16.0
VEL-04337,2023,cargo,B,150000.0,0,5000.0,2000000.0,19,3320.0,3056.0,3028.0,28.0,False,closed,42.0
VEL-04338,2023,physical_damage,D,192000.0,3,5000.0,1000000.0,13,10055.0,9693.0,5880.0,3813.0,False,open,19.0
VEL-04339,2023,cargo,A,63000.0,1,10000.0,2000000.0,13,1917.0,1999.0,1223.0,776.0,False,open,33.0
VEL-04340,2023,physical_damage,D,225000.0,1,5000.0,2000000.0,23,17323.0,17055.0,13983.0,3072.0,False,closed,29.0
VEL-04341,2023,workers_comp,B,103000.0,1,5000.0,1000000.0,16,11012.0,11973.0,8263.0,3710.0,False,open,7.0
VEL-04342,2023,auto_liability,C,180000.0,2,10000.0,2000000.0,14,1831.0,1856.0,1228.0,628.0,False,open,38.0
VEL-04343,2023,physical_damage,A,177000.0,0,5000.0,2000000.0,17,16446.0,15705.0,13318.0,2387.0,False,open,11.0
VEL-04344,2023,physical_damage,D,160000.0,1,5000.0,2000000.0,15,8394.0,7944.0,5930.0,2014.0,False,open,22.0
VEL-04345,2023,auto_liability,B,260000.0,1,5000.0,1000000.0,17,6223.0,5825.0,5358.0,467.0,False,open,37.0
VEL-04346,2023,cargo,B,113000.0,1,10000.0,2000000.0,21,5608.0,5330.0,5297.0,33.0,False,closed,24.0
VEL-04347,2023,auto_liability,B,148000.0,1,10000.0,1000000.0,16,2251.0,2073.0,1851.0,222.0,False,open,22.0
VEL-04348,2023,physical_damage,A,558000.0,0,25000.0,2000000.0,14,3716.0,3865.0,2714.0,1151.0,False,open,15.0
VEL-04349,2023,physical_damage,B,361000.0,0,10000.0,1000000.0,17,3225.0,2969.0,2624.0,345.0,False,open,5.0
VEL-04350,2023,physical_damage,A,242000.0,4,10000.0,1000000.0,15,15993.0,16752.0,11951.0,4801.0,False,open,8.0
VEL-04351,2023,auto_liability,B,222000.0,0,5000.0,2000000.0,13,4520.0,4722.0,3199.0,1523.0,False,open,38.0
VEL-04352,2023,physical_damage,A,309000.0,2,10000.0,1000000.0,17,3103.0,3225.0,2579.0,646.0,False,open,13.0
VEL-04353,2023,workers_comp,A,146000.0,2,25000.0,2000000.0,18,6849.0,6390.0,6539.0,0.0,False,closed,2.0
VEL-04354,2023,cargo,D,102000.0,1,5000.0,2000000.0,18,16039.0,17356.0,13356.0,4000.0,False,closed,4.0
VEL-04355,2023,auto_liability,B,167000.0,0,10000.0,1000000.0,18,974.0,1048.0,936.0,112.0,False,closed,6.0
VEL-04356,2023,physical_damage,B,122000.0,2,5000.0,2000000.0,15,17401.0,17522.0,12896.0,4626.0,False,open,5.0
VEL-04357,2023,auto_liability,B,226000.0,0,5000.0,2000000.0,15,13029.0,11816.0,10015.0,1801.0,False,open,8.0
VEL-04358,2023,auto_liability,B,99000.0,1,25000.0,1000000.0,15,3166.0,3478.0,2452.0,1026.0,False,open,9.0
VEL-04359,2023,physical_damage,B,178000.0,1,25000.0,2000000.0,13,11680.0,12607.0,8290.0,4317.0,False,open,19.0
VEL-04360,2023,physical_damage,D,178000.0,2,10000.0,1000000.0,13,9402.0,10356.0,6401.0,3955.0,False,open,18.0
VEL-04361,2023,physical_damage,B,310000.0,2,25000.0,2000000.0,17,14340.0,13508.0,12327.0,1181.0,False,open,25.0
VEL-04362,2023,physical_damage,A,225000.0,0,25000.0,1000000.0,21,7138.0,7843.0,7044.0,799.0,False,closed,33.0
VEL-04363,2023,auto_liability,A,170000.0,3,5000.0,2000000.0,17,6578.0,6816.0,5478.0,1338.0,False,open,32.0
VEL-04364,2023,workers_comp,B,122000.0,0,10000.0,1000000.0,21,12389.0,12772.0,10758.0,2014.0,False,closed,17.0
VEL-04365,2023,physical_damage,B,456000.0,1,25000.0,2000000.0,19,11703.0,12842.0,22685.18062404906,2038.0,False,closed,268.0
VEL-04366,2023,physical_damage,B,188000.0,3,25000.0,2000000.0,23,5749.0,6085.0,4909.0,1176.0,False,closed,31.0
VEL-04367,2023,cargo,A,216000.0,1,10000.0,2000000.0,21,9680.0,9614.0,7989.0,1625.0,False,closed,23.0
VEL-04368,2023,auto_liability,B,182000.0,2,5000.0,1000000.0,15,9037.0,8298.0,6797.0,1501.0,False,open,8.0
VEL-04369,2023,physical_damage,C,199000.0,2,25000.0,2000000.0,14,9711.0,9427.0,6877.0,2550.0,False,open,39.0
VEL-04370,2023,cargo,C,142000.0,0,25000.0,1000000.0,22,27006.0,25649.0,21785.0,3864.0,False,closed,10.0
VEL-04371,2023,auto_liability,D,346000.0,0,25000.0,1000000.0,23,10224.0,10696.0,8451.0,2245.0,False,closed,23.0
VEL-04372,2023,auto_liability,B,383000.0,2,25000.0,1000000.0,14,2348.0,2265.0,1569.0,696.0,False,open,31.0
VEL-04373,2023,physical_damage,B,177000.0,2,25000.0,1000000.0,20,3828.0,3731.0,3084.0,647.0,False,closed,32.0
VEL-04374,2023,auto_liability,B,313000.0,1,5000.0,1000000.0,17,15987.0,16393.0,14076.0,2317.0,False,open,38.0
VEL-04375,2023,cargo,C,182000.0,4,5000.0,1000000.0,23,16015.0,16419.0,14864.0,1555.0,False,closed,33.0
VEL-04376,2023,auto_liability,C,129000.0,3,5000.0,1000000.0,17,7796.0,7797.0,6931.0,866.0,False,open,65.0
VEL-04377,2023,auto_liability,A,213000.0,1,10000.0,1000000.0,19,4048.0,3873.0,3509.0,364.0,False,closed,9.0
VEL-04378,2023,cargo,C,422000.0,2,25000.0,1000000.0,22,8194.0,8345.0,7288.0,1057.0,False,closed,56.0
VEL-04379,2023,auto_liability,A,259000.0,0,10000.0,2000000.0,15,1500.0,1554.0,1020.0,534.0,True,open,57.0
VEL-04380,2023,auto_liability,C,105000.0,0,25000.0,2000000.0,20,10723.0,9987.0,10458.0,0.0,False,closed,15.0
VEL-04381,2023,cargo,B,321000.0,3,10000.0,1000000.0,16,3700.0,3971.0,3043.0,928.0,False,open,41.0
VEL-04382,2023,physical_damage,C,267000.0,5,10000.0,1000000.0,13,3637.0,3379.0,2347.0,1032.0,False,open,27.0
VEL-04383,2023,cargo,C,215000.0,0,10000.0,1000000.0,24,8191.0,8589.0,7406.0,1183.0,False,closed,9.0
VEL-04384,2023,cargo,B,293000.0,0,25000.0,1000000.0,14,13414.0,13020.0,8814.0,4206.0,False,open,35.0
VEL-04385,2023,auto_liability,D,132000.0,0,25000.0,2000000.0,19,3238.0,3376.0,3029.0,347.0,False,closed,13.0
VEL-04386,2023,auto_liability,D,215000.0,0,25000.0,2000000.0,23,5417.0,5500.0,4561.0,939.0,False,closed,73.0
VEL-04387,2023,cargo,C,256000.0,4,5000.0,1000000.0,14,13369.0,14571.0,10331.0,4240.0,False,open,53.0
VEL-04388,2023,auto_liability,B,148000.0,1,25000.0,2000000.0,16,1697.0,1786.0,1468.0,318.0,False,open,24.0
VEL-04389,2023,physical_damage,D,125000.0,2,10000.0,2000000.0,21,8220.0,8562.0,6579.0,1983.0,False,closed,7.0
VEL-04390,2023,physical_damage,B,251000.0,2,10000.0,1000000.0,24,1423.0,1466.0,1216.0,250.0,False,closed,45.0
VEL-04391,2023,workers_comp,A,542000.0,3,5000.0,2000000.0,20,66928.0,66587.0,150878.6543078698,11520.0,False,closed,398.0
VEL-04392,2023,auto_liability,D,77000.0,4,10000.0,1000000.0,23,5698.0,5983.0,5440.0,543.0,False,closed,1.0
VEL-04393,2023,auto_liability,A,160000.0,0,5000.0,2000000.0,16,3944.0,4340.0,2893.0,1447.0,False,open,6.0
VEL-04394,2023,physical_damage,C,80000.0,0,5000.0,2000000.0,22,6933.0,7063.0,5963.0,1100.0,False,closed,23.0
VEL-04395,2023,physical_damage,A,162000.0,0,5000.0,1000000.0,18,6775.0,7221.0,5562.0,1659.0,True,closed,5.0
VEL-04396,2023,physical_damage,A,94000.0,2,5000.0,2000000.0,22,9673.0,9458.0,8419.0,1039.0,False,closed,20.0
VEL-04397,2023,physical_damage,D,175000.0,0,25000.0,1000000.0,23,13785.0,13796.0,11381.0,2415.0,False,closed,32.0
VEL-04398,2023,physical_damage,A,106000.0,0,5000.0,1000000.0,20,2111.0,2332.0,2061.0,271.0,False,closed,5.0
VEL-04399,2023,cargo,B,139000.0,0,25000.0,1000000.0,17,18955.0,19617.0,16403.0,3214.0,False,open,27.0
VEL-04400,2023,workers_comp,B,106000.0,0,25000.0,1000000.0,19,19053.0,17766.0,18582.0,0.0,False,closed,24.0
VEL-04401,2023,physical_damage,A,356000.0,1,5000.0,2000000.0,15,3032.0,3112.0,2417.0,695.0,False,open,21.0
VEL-04402,2023,auto_liability,A,173000.0,1,25000.0,1000000.0,17,2515.0,2662.0,2282.0,380.0,False,open,22.0
VEL-04403,2023,cargo,B,193000.0,1,5000.0,2000000.0,16,38071.0,40760.0,32011.0,8749.0,False,open,35.0
VEL-04404,2023,physical_damage,A,151000.0,0,25000.0,1000000.0,16,14840.0,14645.0,31678.117929122167,3529.0,True,open,272.0
VEL-04405,2023,auto_liability,C,185000.0,1,5000.0,1000000.0,16,7417.0,8005.0,5837.0,2168.0,True,open,28.0
VEL-04406,2023,workers_comp,A,134000.0,2,10000.0,2000000.0,20,23285.0,23654.0,22121.0,1533.0,False,closed,8.0
VEL-04407,2023,workers_comp,C,185000.0,1,25000.0,2000000.0,18,19999.0,21234.0,16320.0,4914.0,False,closed,13.0
VEL-04408,2023,cargo,B,95000.0,1,5000.0,1000000.0,20,10167.0,9556.0,8345.0,1211.0,False,closed,21.0
VEL-04409,2023,auto_liability,B,306000.0,2,10000.0,1000000.0,16,7644.0,8532.0,5654.0,2878.0,False,open,16.0
VEL-04410,2023,auto_liability,B,165000.0,1,5000.0,2000000.0,15,20497.0,22077.0,16094.0,5983.0,False,open,20.0
VEL-04411,2023,auto_liability,A,149000.0,0,10000.0,2000000.0,24,6205.0,6739.0,5128.0,1611.0,False,closed,15.0
VEL-04412,2023,workers_comp,B,236000.0,2,25000.0,2000000.0,20,8537.0,9416.0,7476.0,1940.0,False,closed,42.0
VEL-04413,2023,physical_damage,A,213000.0,1,5000.0,2000000.0,16,6362.0,5771.0,4781.0,990.0,True,open,11.0
VEL-04414,2023,auto_liability,C,307000.0,2,5000.0,2000000.0,24,5415.0,5885.0,5357.0,528.0,False,closed,44.0
VEL-04415,2023,cargo,C,117000.0,3,10000.0,1000000.0,15,76739.0,76081.0,60027.0,16054.0,False,open,14.0
VEL-04416,2023,physical_damage,A,132000.0,0,25000.0,1000000.0,22,17553.0,17908.0,16998.0,910.0,False,closed,36.0
VEL-04417,2023,physical_damage,A,105000.0,1,5000.0,1000000.0,17,4570.0,4140.0,3858.0,282.0,True,open,36.0
VEL-04418,2023,auto_liability,C,62000.0,0,10000.0,2000000.0,21,2254.0,2408.0,2180.0,228.0,False,closed,17.0
VEL-04419,2023,auto_liability,C,141000.0,0,5000.0,2000000.0,24,6164.0,6309.0,4979.0,1330.0,False,closed,17.0
VEL-04420,2023,auto_liability,B,89000.0,1,5000.0,1000000.0,16,8412.0,8432.0,6332.0,2100.0,False,open,18.0
VEL-04421,2023,physical_damage,A,198000.0,1,5000.0,1000000.0,14,10091.0,9341.0,7378.0,1963.0,False,open,10.0
VEL-04422,2023,workers_comp,C,59000.0,3,10000.0,1000000.0,21,78552.0,75024.0,75123.0,0.0,False,closed,30.0
VEL-04423,2023,auto_liability,C,214000.0,2,10000.0,2000000.0,23,5191.0,4945.0,4608.0,337.0,False,closed,30.0
VEL-04424,2023,physical_damage,A,247000.0,0,10000.0,1000000.0,14,5973.0,6324.0,3805.0,2519.0,False,open,79.0
VEL-04425,2023,cargo,C,91000.0,0,25000.0,1000000.0,13,31509.0,30652.0,22158.0,8494.0,False,open,5.0
VEL-04426,2023,cargo,C,254000.0,0,10000.0,2000000.0,15,3673.0,3542.0,2647.0,895.0,False,open,31.0
VEL-04427,2023,cargo,C,155000.0,2,25000.0,1000000.0,15,10625.0,9602.0,8197.0,1405.0,False,open,9.0
VEL-04428,2023,physical_damage,D,208000.0,2,10000.0,1000000.0,13,27291.0,28801.0,16207.0,12594.0,False,open,5.0
VEL-04429,2023,auto_liability,B,145000.0,0,10000.0,2000000.0,18,8804.0,9749.0,7262.0,2487.0,False,closed,10.0
VEL-04430,2023,auto_liability,B,42000.0,0,5000.0,1000000.0,22,6152.0,6721.0,13942.0104097576,579.0,False,closed,189.0
VEL-04431,2023,auto_liability,B,99000.0,1,10000.0,2000000.0,17,2894.0,2933.0,2249.0,684.0,False,open,14.0
VEL-04432,2023,auto_liability,A,367000.0,1,10000.0,1000000.0,14,3596.0,3805.0,2556.0,1249.0,False,open,35.0
VEL-04433,2023,cargo,C,215000.0,3,25000.0,1000000.0,23,29004.0,28530.0,25508.0,3022.0,False,closed,32.0
VEL-04434,2023,physical_damage,B,139000.0,0,5000.0,2000000.0,17,5955.0,6002.0,5127.0,875.0,False,open,6.0
VEL-04435,2023,physical_damage,A,167000.0,4,10000.0,1000000.0,20,2622.0,2755.0,2611.0,144.0,True,closed,61.0
VEL-04436,2023,auto_liability,B,178000.0,0,25000.0,1000000.0,23,8795.0,8314.0,8085.0,229.0,False,closed,16.0
VEL-04437,2023,auto_liability,C,222000.0,2,10000.0,2000000.0,13,2753.0,3011.0,1826.0,1185.0,False,open,17.0
VEL-04438,2023,workers_comp,A,201000.0,1,5000.0,1000000.0,24,3728.0,3696.0,3678.0,18.0,False,closed,54.0
VEL-04439,2023,auto_liability,B,149000.0,1,25000.0,2000000.0,13,4945.0,5379.0,3133.0,2246.0,False,open,7.0
VEL-04440,2023,physical_damage,B,297000.0,1,25000.0,2000000.0,19,5990.0,5420.0,4884.0,536.0,False,closed,65.0
VEL-04441,2023,cargo,B,252000.0,0,25000.0,1000000.0,17,28035.0,25362.0,43442.063960084306,0.0,False,open,216.0
VEL-04442,2023,cargo,A,127000.0,0,25000.0,1000000.0,21,6153.0,5910.0,4992.0,918.0,False,closed,36.0
VEL-04443,2023,cargo,C,164000.0,0,10000.0,2000000.0,15,2326.0,2467.0,1878.0,589.0,True,open,6.0
VEL-04444,2023,auto_liability,B,112000.0,1,10000.0,1000000.0,17,10500.0,11126.0,8720.0,2406.0,False,open,21.0
VEL-04445,2023,auto_liability,C,183000.0,1,10000.0,2000000.0,17,9927.0,10992.0,9327.0,1665.0,False,open,20.0
VEL-04446,2023,physical_damage,B,82000.0,0,10000.0,1000000.0,13,3934.0,4194.0,2641.0,1553.0,False,open,30.0
VEL-04447,2023,workers_comp,B,213000.0,2,25000.0,1000000.0,21,4226.0,3931.0,3720.0,211.0,False,closed,12.0
VEL-04448,2023,auto_liability,B,665000.0,1,10000.0,1000000.0,13,30542.0,30809.0,21268.0,9541.0,False,open,61.0
VEL-04449,2023,auto_liability,C,231000.0,3,5000.0,1000000.0,14,10940.0,12065.0,8487.0,3578.0,False,open,29.0
VEL-04450,2023,auto_liability,C,159000.0,3,5000.0,1000000.0,18,5386.0,4966.0,4396.0,570.0,False,closed,29.0
VEL-04451,2023,auto_liability,C,106000.0,2,10000.0,2000000.0,18,15973.0,15072.0,14377.0,695.0,False,closed,36.0
VEL-04452,2023,cargo,B,70000.0,2,10000.0,2000000.0,17,5706.0,6341.0,4728.0,1613.0,False,open,14.0
VEL-04453,2023,cargo,B,69000.0,2,25000.0,1000000.0,21,10297.0,9937.0,8247.0,1690.0,False,closed,28.0
VEL-04454,2023,workers_comp,B,109000.0,2,5000.0,2000000.0,21,10122.0,11089.0,9712.0,1377.0,False,closed,58.0
VEL-04455,2023,physical_damage,A,115000.0,0,25000.0,2000000.0,17,4888.0,5130.0,4432.0,698.0,False,open,34.0
VEL-04456,2023,auto_liability,B,243000.0,1,25000.0,2000000.0,18,6861.0,7007.0,6185.0,822.0,False,closed,26.0
VEL-04457,2023,cargo,B,99000.0,4,5000.0,2000000.0,14,23118.0,25408.0,16248.0,9160.0,False,open,11.0
VEL-04458,2023,auto_liability,B,126000.0,2,10000.0,2000000.0,21,3585.0,3358.0,3041.0,317.0,False,closed,32.0
VEL-04459,2023,workers_comp,A,124000.0,0,10000.0,2000000.0,15,8765.0,8209.0,6288.0,1921.0,False,open,31.0
VEL-04460,2023,physical_damage,C,248000.0,1,5000.0,1000000.0,17,14688.0,15573.0,12192.0,3381.0,False,open,53.0
VEL-04461,2023,auto_liability,B,160000.0,1,25000.0,1000000.0,14,1682.0,1855.0,1269.0,586.0,False,open,10.0
VEL-04462,2023,auto_liability,A,204000.0,1,10000.0,1000000.0,13,3150.0,2896.0,1827.0,1069.0,False,open,15.0
VEL-04463,2023,auto_liability,A,241000.0,1,5000.0,2000000.0,14,2296.0,2350.0,1698.0,652.0,False,open,16.0
VEL-04464,2023,cargo,B,348000.0,2,25000.0,2000000.0,17,22144.0,22750.0,20610.0,2140.0,False,open,10.0
VEL-04465,2023,auto_liability,A,189000.0,0,10000.0,1000000.0,13,3847.0,3793.0,2371.0,1422.0,False,open,8.0
VEL-04466,2023,auto_liability,B,147000.0,1,10000.0,2000000.0,16,11799.0,11170.0,8659.0,2511.0,False,open,15.0
VEL-04467,2023,physical_damage,A,193000.0,0,25000.0,2000000.0,21,1351.0,1389.0,1284.0,105.0,False,closed,24.0
VEL-04468,2023,physical_damage,B,283000.0,2,10000.0,2000000.0,15,23016.0,23454.0,17344.0,6110.0,False,open,6.0
VEL-04469,2023,auto_liability,C,166000.0,0,10000.0,1000000.0,24,7533.0,7956.0,7163.0,793.0,False,closed,52.0
VEL-04470,2023,physical_damage,D,393000.0,2,5000.0,2000000.0,24,4211.0,3907.0,3942.0,0.0,False,closed,19.0
VEL-04471,2023,physical_damage,D,278000.0,4,25000.0,2000000.0,23,16133.0,14939.0,16070.0,0.0,False,closed,10.0
VEL-04472,2023,auto_liability,A,142000.0,0,5000.0,1000000.0,13,15349.0,14751.0,10427.0,4324.0,False,open,48.0
VEL-04473,2023,physical_damage,B,204000.0,1,25000.0,1000000.0,18,14552.0,13159.0,13483.0,0.0,False,closed,33.0
VEL-04474,2023,cargo,C,140000.0,0,5000.0,2000000.0,15,10506.0,9744.0,8015.0,1729.0,False,open,21.0
VEL-04475,2023,physical_damage,B,206000.0,2,10000.0,2000000.0,14,6863.0,6605.0,4715.0,1890.0,False,open,25.0
VEL-04476,2023,physical_damage,A,257000.0,1,5000.0,2000000.0,19,10380.0,11394.0,10308.0,1086.0,False,closed,30.0
VEL-04477,2023,auto_liability,A,164000.0,1,25000.0,2000000.0,19,2685.0,2521.0,2475.0,46.0,False,closed,13.0
VEL-04478,2023,workers_comp,C,279000.0,2,25000.0,1000000.0,18,41310.0,45384.0,37928.0,7456.0,False,closed,32.0
VEL-04479,2023,auto_liability,C,49000.0,2,10000.0,2000000.0,16,11435.0,10942.0,9006.0,1936.0,False,open,45.0
VEL-04480,2023,workers_comp,B,169000.0,2,5000.0,1000000.0,17,21041.0,20715.0,18264.0,2451.0,False,open,53.0
VEL-04481,2023,auto_liability,A,175000.0,0,10000.0,2000000.0,20,2135.0,2382.0,2076.0,306.0,False,closed,4.0
VEL-04482,2023,workers_comp,A,67000.0,0,10000.0,2000000.0,14,2534.0,2819.0,1955.0,864.0,True,open,3.0
VEL-04483,2023,physical_damage,C,151000.0,2,25000.0,2000000.0,15,19659.0,21277.0,15003.0,6274.0,False,open,14.0
VEL-04484,2023,auto_liability,D,102000.0,1,10000.0,1000000.0,20,8780.0,8039.0,8157.0,0.0,False,closed,21.0
VEL-04485,2023,auto_liability,B,131000.0,1,10000.0,2000000.0,22,2357.0,2490.0,1910.0,580.0,False,closed,5.0
VEL-04486,2023,auto_liability,B,152000.0,0,5000.0,1000000.0,22,8372.0,7612.0,7297.0,315.0,False,closed,29.0
VEL-04487,2023,physical_damage,A,400000.0,2,25000.0,1000000.0,24,13274.0,14637.0,12056.0,2581.0,False,closed,16.0
VEL-04488,2023,auto_liability,A,116000.0,0,25000.0,1000000.0,14,7642.0,8362.0,5441.0,2921.0,False,open,24.0
VEL-04489,2023,physical_damage,C,96000.0,1,10000.0,2000000.0,16,6666.0,6394.0,5140.0,1254.0,False,open,39.0
VEL-04490,2023,cargo,C,279000.0,2,10000.0,2000000.0,20,4268.0,4734.0,3592.0,1142.0,False,closed,6.0
VEL-04491,2023,workers_comp,A,294000.0,0,10000.0,1000000.0,23,15597.0,16984.0,14745.0,2239.0,False,closed,33.0
VEL-04492,2023,workers_comp,C,274000.0,1,10000.0,1000000.0,17,76326.0,80011.0,61677.0,18334.0,False,open,13.0
VEL-04493,2023,cargo,A,78000.0,1,5000.0,2000000.0,19,14568.0,15818.0,12115.0,3703.0,False,closed,53.0
VEL-04494,2023,workers_comp,C,192000.0,3,5000.0,2000000.0,18,30479.0,32107.0,29584.0,2523.0,False,closed,55.0
VEL-04495,2023,physical_damage,B,187000.0,1,25000.0,1000000.0,23,5471.0,5950.0,5030.0,920.0,False,closed,23.0
VEL-04496,2023,auto_liability,B,313000.0,1,5000.0,1000000.0,20,4643.0,4758.0,4565.0,193.0,False,closed,54.0
VEL-04497,2023,workers_comp,B,136000.0,1,25000.0,1000000.0,21,4609.0,5031.0,4315.0,716.0,False,closed,19.0
VEL-04498,2023,workers_comp,A,224000.0,1,10000.0,2000000.0,23,39466.0,37776.0,36756.0,1020.0,False,closed,19.0
VEL-04499,2023,physical_damage,C,37000.0,3,25000.0,2000000.0,21,26471.0,25539.0,51510.73117622213,541.0,False,closed,200.0
VEL-04500,2023,physical_damage,B,110000.0,1,5000.0,2000000.0,16,10284.0,10769.0,7342.0,3427.0,False,open,40.0
VEL-04501,2023,auto_liability,A,160000.0,0,25000.0,2000000.0,13,1983.0,2173.0,1264.0,909.0,False,open,13.0
VEL-04502,2023,physical_damage,C,114000.0,3,10000.0,2000000.0,17,9502.0,10112.0,8198.0,1914.0,False,open,29.0
VEL-04503,2023,auto_liability,A,239000.0,1,10000.0,2000000.0,20,4639.0,4560.0,4007.0,553.0,False,closed,14.0
VEL-04504,2023,cargo,B,118000.0,2,25000.0,1000000.0,20,16913.0,18408.0,13955.0,4453.0,False,closed,9.0
VEL-04505,2023,cargo,B,155000.0,1,5000.0,2000000.0,14,7212.0,7710.0,5282.0,2428.0,False,open,14.0
VEL-04506,2023,auto_liability,A,228000.0,0,10000.0,2000000.0,16,4767.0,4951.0,3904.0,1047.0,False,open,10.0
VEL-04507,2023,physical_damage,C,168000.0,4,25000.0,2000000.0,15,18212.0,18116.0,13209.0,4907.0,False,open,26.0
VEL-04508,2023,auto_liability,A,51000.0,2,10000.0,1000000.0,22,5640.0,5495.0,4747.0,748.0,False,closed,9.0
VEL-04509,2023,auto_liability,C,153000.0,6,5000.0,1000000.0,23,17836.0,17776.0,16393.0,1383.0,False,closed,13.0
VEL-04510,2023,physical_damage,A,171000.0,4,5000.0,1000000.0,22,3288.0,3402.0,2695.0,707.0,False,closed,31.0
VEL-04511,2023,workers_comp,B,176000.0,2,5000.0,1000000.0,16,5405.0,5618.0,4577.0,1041.0,False,open,30.0
VEL-04512,2023,cargo,A,663000.0,0,10000.0,2000000.0,15,11220.0,11567.0,8993.0,2574.0,False,open,7.0
VEL-04513,2023,auto_liability,A,165000.0,1,5000.0,1000000.0,18,8483.0,7863.0,7287.0,576.0,False,closed,8.0
VEL-04514,2023,auto_liability,A,278000.0,2,10000.0,2000000.0,22,12112.0,12014.0,9843.0,2171.0,False,closed,27.0
VEL-04515,2023,physical_damage,B,191000.0,4,25000.0,1000000.0,15,4545.0,4887.0,10721.036319987274,1270.0,False,open,172.0
VEL-04516,2023,auto_liability,A,167000.0,0,10000.0,1000000.0,19,3354.0,3643.0,3348.0,295.0,False,closed,13.0
VEL-04517,2023,auto_liability,B,497000.0,0,25000.0,2000000.0,16,5801.0,5770.0,4278.0,1492.0,False,open,20.0
VEL-04518,2023,auto_liability,C,137000.0,1,5000.0,2000000.0,15,2209.0,2427.0,1726.0,701.0,False,open,54.0
VEL-04519,2023,physical_damage,A,278000.0,2,5000.0,1000000.0,15,4086.0,3760.0,3041.0,719.0,False,open,39.0
VEL-04520,2023,auto_liability,A,128000.0,0,10000.0,2000000.0,20,4072.0,3762.0,4002.0,0.0,False,closed,20.0
VEL-04521,2023,physical_damage,A,196000.0,0,10000.0,1000000.0,14,7910.0,8562.0,6068.0,2494.0,False,open,36.0
VEL-04522,2023,physical_damage,A,157000.0,0,25000.0,2000000.0,16,3660.0,3395.0,2746.0,649.0,False,open,31.0
VEL-04523,2023,physical_damage,C,272000.0,5,25000.0,1000000.0,14,13543.0,13177.0,9862.0,3315.0,False,open,49.0
VEL-04524,2023,physical_damage,A,179000.0,0,5000.0,1000000.0,22,3359.0,3084.0,3114.0,0.0,False,closed,32.0
VEL-04525,2023,auto_liability,C,360000.0,3,5000.0,2000000.0,18,2394.0,2355.0,2149.0,206.0,False,closed,2.0
VEL-04526,2023,physical_damage,A,189000.0,0,10000.0,2000000.0,14,6610.0,6304.0,4174.0,2130.0,False,open,20.0
VEL-04527,2023,workers_comp,A,145000.0,0,10000.0,1000000.0,23,4588.0,4426.0,3839.0,587.0,False,closed,23.0
VEL-04528,2023,physical_damage,A,181000.0,0,10000.0,2000000.0,17,3217.0,2995.0,2762.0,233.0,False,open,9.0
VEL-04529,2023,auto_liability,B,348000.0,1,25000.0,1000000.0,18,6247.0,5921.0,5604.0,317.0,False,closed,11.0
VEL-04530,2023,auto_liability,C,267000.0,1,10000.0,1000000.0,18,4632.0,4316.0,4306.0,10.0,False,closed,35.0
VEL-04531,2023,physical_damage,C,100000.0,3,10000.0,1000000.0,13,10882.0,10798.0,6919.0,3879.0,False,open,19.0
VEL-04532,2023,physical_damage,A,319000.0,0,25000.0,2000000.0,20,13561.0,13261.0,12043.0,1218.0,False,closed,14.0
VEL-04533,2023,cargo,B,51000.0,2,10000.0,2000000.0,23,5342.0,4855.0,5033.0,0.0,False,closed,18.0
VEL-04534,2023,auto_liability,B,230000.0,1,10000.0,1000000.0,18,3663.0,3679.0,2955.0,724.0,False,closed,5.0
VEL-04535,2023,auto_liability,D,245000.0,2,5000.0,2000000.0,22,8373.0,9258.0,7061.0,2197.0,False,closed,20.0
VEL-04536,2023,physical_damage,A,188000.0,0,10000.0,2000000.0,20,7538.0,7798.0,7219.0,579.0,False,closed,30.0
VEL-04537,2023,auto_liability,B,208000.0,1,10000.0,2000000.0,24,5051.0,5113.0,5040.0,73.0,False,closed,7.0
VEL-04538,2023,auto_liability,A,176000.0,0,25000.0,1000000.0,13,2540.0,2485.0,1784.0,701.0,False,open,28.0
VEL-04539,2023,workers_comp,B,139000.0,1,10000.0,2000000.0,17,11622.0,10495.0,18664.481861398377,0.0,False,open,268.0
VEL-04540,2023,auto_liability,B,92000.0,0,5000.0,1000000.0,17,4617.0,4267.0,4276.0,0.0,False,open,55.0
VEL-04541,2023,workers_comp,B,124000.0,2,25000.0,1000000.0,21,8207.0,7688.0,6568.0,1120.0,False,closed,32.0
VEL-04542,2023,physical_damage,D,143000.0,4,5000.0,2000000.0,15,10341.0,9817.0,6959.0,2858.0,False,open,24.0
VEL-04543,2023,auto_liability,D,157000.0,6,10000.0,2000000.0,21,4794.0,4680.0,3923.0,757.0,False,closed,13.0
VEL-04544,2023,physical_damage,B,70000.0,2,25000.0,1000000.0,14,8161.0,8928.0,5088.0,3840.0,False,open,40.0
VEL-04545,2023,auto_liability,B,357000.0,3,5000.0,2000000.0,16,2810.0,2987.0,2117.0,870.0,False,open,24.0
VEL-04546,2023,cargo,C,326000.0,2,25000.0,1000000.0,22,14299.0,14443.0,12867.0,1576.0,True,closed,7.0
VEL-04547,2023,physical_damage,C,489000.0,2,5000.0,2000000.0,19,33418.0,37414.0,26907.0,10507.0,False,closed,42.0
VEL-04548,2023,physical_damage,B,199000.0,2,10000.0,1000000.0,18,2336.0,2186.0,2101.0,85.0,False,closed,37.0
VEL-04549,2023,physical_damage,A,338000.0,0,25000.0,1000000.0,20,7924.0,8163.0,6527.0,1636.0,False,closed,3.0
VEL-04550,2023,physical_damage,B,143000.0,0,25000.0,1000000.0,17,2708.0,2702.0,2403.0,299.0,False,open,37.0
VEL-04551,2023,auto_liability,B,222000.0,2,5000.0,1000000.0,23,5174.0,4889.0,4341.0,548.0,False,closed,27.0
VEL-04552,2023,cargo,C,193000.0,0,10000.0,1000000.0,13,6517.0,7129.0,4205.0,2924.0,False,open,28.0
VEL-04553,2023,auto_liability,B,106000.0,3,25000.0,1000000.0,21,3465.0,3149.0,3265.0,0.0,False,closed,8.0
VEL-04554,2023,physical_damage,C,159000.0,2,10000.0,1000000.0,24,11510.0,12842.0,9931.0,2911.0,False,closed,17.0
VEL-04555,2023,physical_damage,A,175000.0,2,25000.0,1000000.0,15,7445.0,6871.0,5692.0,1179.0,False,open,25.0
VEL-04556,2023,auto_liability,B,109000.0,1,5000.0,2000000.0,18,4905.0,4752.0,3970.0,782.0,True,closed,17.0
VEL-04557,2023,auto_liability,A,224000.0,0,5000.0,1000000.0,24,4637.0,5184.0,3971.0,1213.0,False,closed,14.0
VEL-04558,2023,cargo,D,202000.0,2,5000.0,2000000.0,17,34121.0,32767.0,31471.0,1296.0,False,open,17.0
VEL-04559,2023,cargo,A,123000.0,0,5000.0,1000000.0,18,10421.0,9418.0,9685.0,0.0,False,closed,6.0
VEL-04560,2023,cargo,B,98000.0,2,5000.0,1000000.0,23,11618.0,10575.0,11505.0,0.0,False,closed,13.0
VEL-04561,2023,auto_liability,A,305000.0,1,5000.0,1000000.0,24,6115.0,5547.0,5790.0,0.0,False,closed,26.0
VEL-04562,2023,physical_damage,A,267000.0,0,5000.0,1000000.0,15,4266.0,3950.0,2879.0,1071.0,False,open,5.0
VEL-04563,2023,auto_liability,B,158000.0,2,10000.0,1000000.0,23,12816.0,12101.0,11880.0,221.0,False,closed,13.0
VEL-04564,2023,cargo,C,242000.0,2,10000.0,1000000.0,23,7507.0,7678.0,6493.0,1185.0,False,closed,12.0
VEL-04565,2023,workers_comp,B,216000.0,0,25000.0,2000000.0,22,13459.0,14020.0,13290.0,730.0,False,closed,15.0
VEL-04566,2023,auto_liability,B,108000.0,2,5000.0,1000000.0,17,10115.0,9248.0,8500.0,748.0,False,open,56.0
VEL-04567,2023,cargo,A,194000.0,2,5000.0,1000000.0,23,6371.0,7074.0,6059.0,1015.0,False,closed,29.0
VEL-04568,2023,auto_liability,D,160000.0,4,5000.0,1000000.0,23,12403.0,11563.0,10902.0,661.0,True,closed,7.0
VEL-04569,2023,physical_damage,C,228000.0,1,25000.0,1000000.0,18,6179.0,5621.0,5720.0,0.0,False,closed,21.0
VEL-04570,2023,physical_damage,B,124000.0,3,25000.0,2000000.0,18,6775.0,7240.0,6294.0,946.0,False,closed,18.0
VEL-04571,2023,cargo,B,96000.0,1,10000.0,2000000.0,13,1248.0,1300.0,845.0,455.0,False,open,18.0
VEL-04572,2023,physical_damage,A,111000.0,0,25000.0,1000000.0,21,12704.0,11937.0,11640.0,297.0,False,closed,45.0
VEL-04573,2023,physical_damage,B,100000.0,4,10000.0,1000000.0,15,17358.0,18153.0,12666.0,5487.0,False,open,11.0
VEL-04574,2023,auto_liability,B,204000.0,0,10000.0,2000000.0,23,13113.0,12390.0,12202.0,188.0,True,closed,28.0
VEL-04575,2023,cargo,B,85000.0,3,10000.0,2000000.0,22,34151.0,35069.0,28907.0,6162.0,False,closed,27.0
VEL-04576,2023,physical_damage,A,252000.0,2,5000.0,1000000.0,18,10902.0,9828.0,10170.0,0.0,False,closed,9.0
VEL-04577,2023,physical_damage,C,179000.0,1,25000.0,2000000.0,15,7554.0,8131.0,6253.0,1878.0,False,open,33.0
VEL-04578,2023,physical_damage,A,343000.0,1,5000.0,2000000.0,17,19608.0,21355.0,18360.0,2995.0,False,open,3.0
VEL-04579,2023,auto_liability,C,305000.0,0,10000.0,1000000.0,17,20719.0,19073.0,17590.0,1483.0,False,open,15.0
VEL-04580,2023,auto_liability,B,130000.0,2,5000.0,1000000.0,21,3964.0,4082.0,3811.0,271.0,False,closed,26.0
VEL-04581,2023,physical_damage,C,279000.0,5,5000.0,1000000.0,17,2950.0,3273.0,2596.0,677.0,False,open,11.0
VEL-04582,2023,physical_damage,B,335000.0,2,25000.0,1000000.0,24,9352.0,10073.0,7663.0,2410.0,False,closed,24.0
VEL-04583,2023,auto_liability,B,261000.0,1,10000.0,2000000.0,14,17323.0,17589.0,11858.0,5731.0,False,open,40.0
VEL-04584,2023,workers_comp,A,238000.0,2,10000.0,1000000.0,23,5088.0,4973.0,4897.0,76.0,False,closed,15.0
VEL-04585,2023,auto_liability,B,157000.0,0,5000.0,1000000.0,22,16856.0,17333.0,15540.0,1793.0,False,closed,45.0
VEL-04586,2023,auto_liability,A,193000.0,0,25000.0,2000000.0,24,7325.0,7738.0,6923.0,815.0,True,closed,26.0
VEL-04587,2023,workers_comp,A,477000.0,0,10000.0,1000000.0,23,34405.0,31628.0,29010.0,2618.0,False,closed,16.0
VEL-04588,2023,physical_damage,A,117000.0,0,25000.0,1000000.0,15,5114.0,5289.0,3961.0,1328.0,False,open,28.0
VEL-04589,2023,cargo,A,273000.0,1,10000.0,1000000.0,15,9365.0,9770.0,7196.0,2574.0,False,open,36.0
VEL-04590,2023,physical_damage,B,170000.0,1,25000.0,2000000.0,22,5318.0,4792.0,5066.0,0.0,False,closed,42.0
VEL-04591,2023,workers_comp,B,93000.0,1,25000.0,2000000.0,15,11508.0,12866.0,9063.0,3803.0,False,open,2.0
VEL-04592,2023,auto_liability,C,264000.0,0,5000.0,2000000.0,20,6713.0,6663.0,5448.0,1215.0,False,closed,44.0
VEL-04593,2023,workers_comp,B,474000.0,1,5000.0,2000000.0,21,7611.0,7504.0,6632.0,872.0,False,closed,30.0
VEL-04594,2023,auto_liability,B,345000.0,2,5000.0,1000000.0,21,2302.0,2231.0,2209.0,22.0,False,closed,15.0
VEL-04595,2023,auto_liability,B,587000.0,2,25000.0,1000000.0,18,7296.0,6807.0,6118.0,689.0,False,closed,11.0
VEL-04596,2023,physical_damage,A,345000.0,0,10000.0,1000000.0,17,9637.0,10151.0,7539.0,2612.0,False,open,24.0
VEL-04597,2023,cargo,C,405000.0,4,5000.0,1000000.0,21,6913.0,7738.0,5612.0,2126.0,False,closed,15.0
VEL-04598,2023,cargo,A,192000.0,0,5000.0,1000000.0,17,1008.0,1089.0,921.0,168.0,False,open,23.0
VEL-04599,2023,workers_comp,C,174000.0,0,10000.0,2000000.0,19,5434.0,5090.0,11908.38844642961,543.0,True,closed,361.0
VEL-04600,2023,workers_comp,C,193000.0,2,10000.0,1000000.0,20,6312.0,7036.0,5986.0,1050.0,False,closed,4.0
VEL-04601,2023,auto_liability,A,196000.0,0,5000.0,1000000.0,14,6905.0,7113.0,4860.0,2253.0,True,open,28.0
VEL-04602,2023,physical_damage,B,173000.0,1,5000.0,2000000.0,19,11707.0,10844.0,11115.0,0.0,False,closed,19.0
VEL-04603,2023,auto_liability,A,175000.0,0,10000.0,1000000.0,16,3520.0,3346.0,3093.0,253.0,False,open,19.0
VEL-04604,2023,cargo,B,198000.0,2,25000.0,2000000.0,21,17132.0,16855.0,16771.0,84.0,False,closed,14.0
VEL-04605,2023,auto_liability,B,173000.0,4,5000.0,2000000.0,21,5133.0,5081.0,4847.0,234.0,False,closed,55.0
VEL-04606,2023,physical_damage,B,101000.0,2,10000.0,1000000.0,14,13513.0,12175.0,29207.018698559903,3131.0,False,open,341.0
VEL-04607,2023,auto_liability,B,94000.0,0,10000.0,1000000.0,13,2099.0,2206.0,1356.0,850.0,False,open,7.0
VEL-04608,2023,cargo,A,167000.0,1,25000.0,2000000.0,23,5621.0,5093.0,4651.0,442.0,False,closed,17.0
VEL-04609,2023,auto_liability,B,516000.0,0,5000.0,1000000.0,16,4475.0,4341.0,3196.0,1145.0,False,open,14.0
VEL-04610,2023,auto_liability,B,345000.0,2,5000.0,2000000.0,23,2148.0,1982.0,1817.0,165.0,False,closed,50.0
VEL-04611,2023,physical_damage,B,186000.0,3,25000.0,1000000.0,23,15284.0,16229.0,14115.0,2114.0,False,closed,25.0
VEL-04612,2023,cargo,B,191000.0,1,5000.0,2000000.0,19,21155.0,22832.0,18897.0,3935.0,False,closed,6.0
VEL-04613,2023,auto_liability,C,301000.0,1,25000.0,2000000.0,16,1746.0,1827.0,1303.0,524.0,False,open,12.0
VEL-04614,2023,physical_damage,B,71000.0,2,10000.0,2000000.0,22,28747.0,29684.0,25116.0,4568.0,False,closed,18.0
VEL-04615,2023,physical_damage,A,433000.0,0,25000.0,1000000.0,23,3138.0,3383.0,2717.0,666.0,False,closed,27.0
VEL-04616,2023,auto_liability,A,64000.0,1,25000.0,1000000.0,18,5121.0,5249.0,4119.0,1130.0,False,closed,16.0
VEL-04617,2023,cargo,C,221000.0,1,25000.0,2000000.0,21,9344.0,10167.0,9295.0,872.0,False,closed,31.0
VEL-04618,2023,cargo,A,103000.0,1,5000.0,2000000.0,15,4783.0,5256.0,3691.0,1565.0,True,open,76.0
VEL-04619,2023,auto_liability,D,469000.0,1,10000.0,1000000.0,13,6424.0,6798.0,4560.0,2238.0,False,open,34.0
VEL-04620,2023,cargo,A,240000.0,3,10000.0,2000000.0,17,27886.0,28540.0,25317.0,3223.0,False,open,23.0
VEL-04621,2023,auto_liability,B,345000.0,1,5000.0,1000000.0,24,3681.0,3955.0,3501.0,454.0,False,closed,13.0
VEL-04622,2023,auto_liability,C,72000.0,3,10000.0,2000000.0,21,5490.0,5576.0,4917.0,659.0,False,closed,8.0
VEL-04623,2023,physical_damage,A,159000.0,0,5000.0,2000000.0,20,13998.0,14844.0,12231.0,2613.0,False,closed,7.0
VEL-04624,2023,auto_liability,A,340000.0,1,5000.0,2000000.0,16,5479.0,5637.0,4043.0,1594.0,False,open,18.0
VEL-04625,2023,auto_liability,B,88000.0,1,5000.0,2000000.0,16,2595.0,2366.0,2163.0,203.0,False,open,15.0
VEL-04626,2023,auto_liability,A,400000.0,1,25000.0,2000000.0,16,3565.0,3451.0,2896.0,555.0,False,open,34.0
VEL-04627,2023,auto_liability,B,215000.0,2,25000.0,2000000.0,14,2357.0,2465.0,1619.0,846.0,False,open,15.0
VEL-04628,2023,auto_liability,A,178000.0,1,5000.0,1000000.0,13,4602.0,4860.0,2841.0,2019.0,False,open,11.0
VEL-04629,2023,auto_liability,B,543000.0,3,25000.0,1000000.0,15,1204.0,1267.0,810.0,457.0,False,open,28.0
VEL-04630,2023,physical_damage,C,124000.0,2,10000.0,2000000.0,24,6559.0,6440.0,5472.0,968.0,False,closed,74.0
VEL-04631,2023,auto_liability,B,209000.0,0,25000.0,1000000.0,22,5426.0,5186.0,5417.0,0.0,False,closed,38.0
VEL-04632,2023,physical_damage,A,162000.0,0,25000.0,2000000.0,17,5052.0,5119.0,4583.0,536.0,False,open,17.0
VEL-04633,2023,auto_liability,B,116000.0,2,5000.0,1000000.0,18,4844.0,5279.0,4371.0,908.0,False,closed,8.0
VEL-04634,2023,auto_liability,A,493000.0,0,10000.0,2000000.0,13,2675.0,2595.0,1655.0,940.0,False,open,2.0
VEL-04635,2023,auto_liability,A,67000.0,0,25000.0,2000000.0,21,7907.0,8504.0,7106.0,1398.0,False,closed,16.0
VEL-04636,2023,workers_comp,B,192000.0,1,5000.0,1000000.0,19,13176.0,12161.0,12578.0,0.0,False,closed,25.0
VEL-04637,2023,auto_liability,B,280000.0,2,25000.0,2000000.0,14,17869.0,17032.0,13582.0,3450.0,False,open,22.0
VEL-04638,2023,auto_liability,B,80000.0,0,10000.0,1000000.0,14,8171.0,8568.0,5568.0,3000.0,False,open,34.0
VEL-04639,2023,physical_damage,C,185000.0,4,10000.0,2000000.0,20,7936.0,7887.0,6960.0,927.0,False,closed,57.0
VEL-04640,2023,physical_damage,C,163000.0,7,10000.0,2000000.0,22,10381.0,11117.0,9901.0,1216.0,False,closed,24.0
VEL-04641,2023,auto_liability,B,151000.0,2,10000.0,1000000.0,21,26269.0,28997.0,25257.0,3740.0,False,closed,47.0
VEL-04642,2023,cargo,A,116000.0,2,5000.0,1000000.0,15,11705.0,11216.0,7806.0,3410.0,False,open,23.0
VEL-04643,2023,cargo,A,597000.0,0,5000.0,2000000.0,17,6948.0,6902.0,14033.162645726048,1505.0,False,open,120.0
VEL-04644,2023,workers_comp,C,200000.0,1,25000.0,2000000.0,22,4351.0,4115.0,4279.0,0.0,False,closed,25.0
VEL-04645,2023,auto_liability,B,227000.0,2,25000.0,1000000.0,21,1548.0,1572.0,1253.0,319.0,False,closed,12.0
VEL-04646,2023,physical_damage,C,41000.0,1,25000.0,2000000.0,18,21821.0,24280.0,19077.0,5203.0,False,closed,11.0
VEL-04647,2023,physical_damage,C,105000.0,2,10000.0,1000000.0,14,9851.0,10943.0,7545.0,3398.0,False,open,46.0
VEL-04648,2023,cargo,B,99000.0,1,10000.0,1000000.0,19,3562.0,3219.0,3402.0,0.0,False,closed,21.0
VEL-04649,2023,physical_damage,A,128000.0,0,5000.0,2000000.0,19,5714.0,5691.0,5667.0,24.0,False,closed,6.0
VEL-04650,2023,auto_liability,B,152000.0,2,25000.0,2000000.0,15,2881.0,2770.0,2255.0,515.0,True,open,16.0
VEL-04651,2023,physical_damage,A,388000.0,1,25000.0,2000000.0,20,3362.0,3255.0,3113.0,142.0,False,closed,28.0
VEL-04652,2023,auto_liability,A,149000.0,1,5000.0,2000000.0,19,1439.0,1583.0,1351.0,232.0,False,closed,40.0
VEL-04653,2023,physical_damage,A,200000.0,1,25000.0,2000000.0,22,12141.0,12861.0,10887.0,1974.0,False,closed,43.0
VEL-04654,2023,physical_damage,B,243000.0,0,10000.0,2000000.0,22,4691.0,4448.0,4145.0,303.0,False,closed,35.0
VEL-04655,2023,workers_comp,B,1152000.0,1,25000.0,2000000.0,18,3974.0,3823.0,3879.0,0.0,False,closed,62.0
VEL-04656,2023,physical_damage,B,141000.0,3,10000.0,2000000.0,20,5245.0,5118.0,5126.0,0.0,False,closed,17.0
VEL-04657,2023,physical_damage,C,157000.0,0,10000.0,1000000.0,21,22139.0,20381.0,20477.0,0.0,False,closed,5.0
VEL-04658,2023,cargo,D,551000.0,3,5000.0,1000000.0,17,2526.0,2351.0,1985.0,366.0,False,open,15.0
VEL-04659,2023,physical_damage,B,264000.0,2,5000.0,1000000.0,14,4306.0,4108.0,2832.0,1276.0,False,open,7.0
VEL-04660,2023,auto_liability,B,136000.0,2,10000.0,1000000.0,15,17375.0,16030.0,13155.0,2875.0,False,open,17.0
VEL-04661,2023,auto_liability,A,217000.0,1,5000.0,1000000.0,22,9076.0,8797.0,8081.0,716.0,True,closed,40.0
VEL-04662,2023,physical_damage,B,139000.0,3,25000.0,2000000.0,15,13591.0,13379.0,10381.0,2998.0,False,open,8.0
VEL-04663,2023,auto_liability,B,280000.0,1,5000.0,1000000.0,14,1642.0,1782.0,1175.0,607.0,False,open,4.0
VEL-04664,2023,physical_damage,B,93000.0,1,10000.0,2000000.0,17,7285.0,6567.0,6772.0,0.0,False,open,9.0
VEL-04665,2023,physical_damage,C,133000.0,2,25000.0,1000000.0,19,5937.0,6293.0,5666.0,627.0,False,closed,13.0
VEL-04666,2023,physical_damage,C,69000.0,1,25000.0,1000000.0,23,6530.0,6062.0,5669.0,393.0,False,closed,25.0
VEL-04667,2023,auto_liability,A,336000.0,2,10000.0,1000000.0,18,6248.0,6975.0,5520.0,1455.0,False,closed,30.0
VEL-04668,2023,cargo,A,385000.0,0,10000.0,1000000.0,13,2345.0,2504.0,1583.0,921.0,True,open,27.0
VEL-04669,2023,physical_damage,A,421000.0,0,5000.0,2000000.0,17,6680.0,6331.0,5070.0,1261.0,False,open,17.0
VEL-04670,2023,workers_comp,B,134000.0,0,10000.0,1000000.0,13,18453.0,17104.0,11107.0,5997.0,False,open,20.0
VEL-04671,2023,cargo,D,118000.0,4,5000.0,2000000.0,17,3883.0,3543.0,3097.0,446.0,False,open,8.0
VEL-04672,2023,auto_liability,B,197000.0,2,25000.0,1000000.0,18,1534.0,1584.0,1228.0,356.0,False,closed,11.0
VEL-04673,2023,workers_comp,B,163000.0,1,25000.0,2000000.0,23,18712.0,20051.0,15006.0,5045.0,False,closed,22.0
VEL-04674,2023,auto_liability,A,362000.0,0,10000.0,2000000.0,24,4623.0,4165.0,3916.0,249.0,False,closed,7.0
VEL-04675,2023,auto_liability,A,357000.0,1,5000.0,2000000.0,22,4743.0,4770.0,3924.0,846.0,False,closed,16.0
VEL-04676,2023,physical_damage,B,54000.0,1,10000.0,1000000.0,18,4138.0,4072.0,3532.0,540.0,False,closed,7.0
VEL-04677,2023,auto_liability,B,200000.0,3,10000.0,2000000.0,15,7118.0,7641.0,4796.0,2845.0,False,open,14.0
VEL-04678,2023,auto_liability,D,160000.0,2,25000.0,1000000.0,14,3297.0,3155.0,2353.0,802.0,False,open,17.0
VEL-04679,2023,auto_liability,A,109000.0,1,10000.0,1000000.0,16,4857.0,5057.0,4237.0,820.0,False,open,36.0
VEL-04680,2023,cargo,B,148000.0,0,25000.0,1000000.0,13,11831.0,13146.0,8376.0,4770.0,False,open,10.0
VEL-04681,2023,auto_liability,B,194000.0,1,10000.0,1000000.0,19,15335.0,15831.0,13351.0,2480.0,False,closed,10.0
VEL-04682,2023,auto_liability,A,194000.0,0,10000.0,1000000.0,16,3125.0,3155.0,2356.0,799.0,False,open,17.0
VEL-04683,2023,workers_comp,A,123000.0,1,10000.0,2000000.0,23,2229.0,2090.0,2221.0,0.0,False,closed,123.0
VEL-04684,2023,cargo,B,47000.0,2,25000.0,1000000.0,17,6490.0,6105.0,5896.0,209.0,False,open,6.0
VEL-04685,2023,auto_liability,C,126000.0,1,5000.0,1000000.0,21,9095.0,10007.0,7731.0,2276.0,False,closed,13.0
VEL-04686,2023,auto_liability,B,92000.0,1,25000.0,2000000.0,20,3428.0,3092.0,2822.0,270.0,False,closed,21.0
VEL-04687,2023,cargo,A,348000.0,2,25000.0,2000000.0,18,9855.0,10537.0,8435.0,2102.0,False,closed,13.0
VEL-04688,2023,auto_liability,A,435000.0,1,10000.0,1000000.0,19,8143.0,8561.0,6754.0,1807.0,False,closed,81.0
VEL-04689,2023,physical_damage,C,155000.0,4,25000.0,1000000.0,20,5911.0,6050.0,5124.0,926.0,False,closed,22.0
VEL-04690,2023,physical_damage,A,127000.0,1,25000.0,1000000.0,14,9878.0,10935.0,6482.0,4453.0,False,open,12.0
VEL-04691,2023,workers_comp,B,197000.0,0,25000.0,1000000.0,15,12405.0,11986.0,9954.0,2032.0,False,open,8.0
VEL-04692,2023,auto_liability,B,374000.0,1,5000.0,1000000.0,22,1558.0,1462.0,1471.0,0.0,False,closed,29.0
VEL-04693,2023,auto_liability,B,171000.0,1,10000.0,2000000.0,18,4619.0,4419.0,4336.0,83.0,False,closed,18.0
VEL-04694,2023,physical_damage,D,99000.0,3,25000.0,2000000.0,21,8607.0,9419.0,8278.0,1141.0,False,closed,26.0
VEL-04695,2023,physical_damage,B,270000.0,1,5000.0,2000000.0,18,26123.0,24639.0,25898.0,0.0,False,closed,48.0
VEL-04696,2023,cargo,B,65000.0,3,5000.0,2000000.0,24,13755.0,15165.0,11392.0,3773.0,False,closed,55.0
VEL-04697,2023,cargo,B,76000.0,0,10000.0,1000000.0,20,13627.0,13463.0,11103.0,2360.0,False,closed,21.0
VEL-04698,2023,auto_liability,A,170000.0,2,5000.0,1000000.0,20,1856.0,1945.0,1732.0,213.0,False,closed,40.0
VEL-04699,2023,auto_liability,A,153000.0,0,25000.0,2000000.0,16,4686.0,4745.0,3551.0,1194.0,False,open,21.0
VEL-04700,2023,physical_damage,A,154000.0,1,10000.0,2000000.0,14,10593.0,10718.0,7985.0,2733.0,False,open,10.0
VEL-04701,2023,auto_liability,B,261000.0,2,10000.0,2000000.0,14,1207.0,1309.0,804.0,505.0,False,open,35.0
VEL-04702,2023,auto_liability,A,498000.0,1,25000.0,1000000.0,15,3231.0,3580.0,2418.0,1162.0,False,open,11.0
VEL-04703,2023,auto_liability,B,313000.0,0,10000.0,1000000.0,13,1911.0,2015.0,1379.0,636.0,False,open,8.0
VEL-04704,2023,cargo,B,253000.0,1,5000.0,1000000.0,17,9870.0,10817.0,8007.0,2810.0,False,open,24.0
VEL-04705,2023,physical_damage,C,320000.0,2,5000.0,2000000.0,19,8486.0,9170.0,7697.0,1473.0,False,closed,7.0
VEL-04706,2023,physical_damage,A,239000.0,0,25000.0,1000000.0,18,10577.0,10481.0,8949.0,1532.0,False,closed,9.0
VEL-04707,2023,physical_damage,B,457000.0,1,25000.0,2000000.0,20,23581.0,23073.0,21701.0,1372.0,False,closed,4.0
VEL-04708,2023,physical_damage,A,187000.0,0,10000.0,1000000.0,22,6228.0,5787.0,5465.0,322.0,False,closed,17.0
VEL-04709,2023,physical_damage,A,297000.0,0,5000.0,1000000.0,16,5089.0,5047.0,4517.0,530.0,False,open,30.0
VEL-04710,2023,physical_damage,A,365000.0,0,5000.0,1000000.0,13,10752.0,9808.0,7585.0,2223.0,False,open,34.0
VEL-04711,2023,cargo,D,220000.0,0,10000.0,2000000.0,23,6095.0,6616.0,6048.0,568.0,False,closed,18.0
VEL-04712,2023,physical_damage,B,278000.0,2,25000.0,1000000.0,20,6677.0,6856.0,5801.0,1055.0,False,closed,16.0
VEL-04713,2023,physical_damage,B,171000.0,1,5000.0,1000000.0,24,3648.0,3341.0,3243.0,98.0,False,closed,7.0
VEL-04714,2023,physical_damage,B,211000.0,0,10000.0,1000000.0,17,11242.0,10598.0,10270.0,328.0,False,open,10.0
VEL-04715,2023,auto_liability,A,80000.0,0,10000.0,2000000.0,21,5070.0,5538.0,4654.0,884.0,False,closed,10.0
VEL-04716,2023,cargo,A,177000.0,2,25000.0,1000000.0,14,2344.0,2299.0,1624.0,675.0,False,open,7.0
VEL-04717,2023,workers_comp,B,177000.0,0,5000.0,1000000.0,20,3215.0,3477.0,3123.0,354.0,False,closed,13.0
VEL-04718,2023,workers_comp,C,157000.0,2,5000.0,2000000.0,22,33544.0,33513.0,27720.0,5793.0,False,closed,16.0
VEL-04719,2023,cargo,B,78000.0,0,10000.0,1000000.0,22,12362.0,12649.0,11826.0,823.0,False,closed,5.0
VEL-04720,2023,workers_comp,C,89000.0,0,10000.0,2000000.0,16,15516.0,15795.0,13745.0,2050.0,False,open,22.0
VEL-04721,2023,auto_liability,A,121000.0,1,5000.0,2000000.0,14,7334.0,6692.0,5293.0,1399.0,False,open,28.0
VEL-04722,2023,cargo,B,186000.0,2,25000.0,2000000.0,18,7384.0,6815.0,6480.0,335.0,False,closed,32.0
VEL-04723,2023,auto_liability,A,103000.0,1,10000.0,2000000.0,15,3974.0,4283.0,2652.0,1631.0,False,open,13.0
VEL-04724,2023,cargo,C,121000.0,2,10000.0,1000000.0,14,18961.0,20699.0,13095.0,7604.0,False,open,33.0
VEL-04725,2023,auto_liability,D,270000.0,1,25000.0,2000000.0,13,14493.0,14153.0,8590.0,5563.0,False,open,15.0
VEL-04726,2023,auto_liability,A,297000.0,1,5000.0,1000000.0,19,13911.0,13652.0,11581.0,2071.0,False,closed,7.0
VEL-04727,2023,auto_liability,A,193000.0,1,25000.0,2000000.0,19,2343.0,2276.0,1917.0,359.0,False,closed,6.0
VEL-04728,2023,auto_liability,B,79000.0,2,5000.0,1000000.0,21,5527.0,5678.0,5194.0,484.0,False,closed,18.0
VEL-04729,2023,auto_liability,C,103000.0,1,25000.0,2000000.0,23,3996.0,3742.0,3645.0,97.0,False,closed,12.0
VEL-04730,2023,auto_liability,B,139000.0,1,25000.0,1000000.0,13,40118.0,39749.0,28806.0,10943.0,False,open,26.0
VEL-04731,2023,physical_damage,B,113000.0,4,5000.0,1000000.0,24,3527.0,3307.0,2975.0,332.0,False,closed,56.0
VEL-04732,2023,auto_liability,B,202000.0,2,5000.0,2000000.0,20,4879.0,5056.0,4205.0,851.0,False,closed,27.0
VEL-04733,2023,physical_damage,C,274000.0,3,5000.0,1000000.0,13,45230.0,47096.0,27282.0,19814.0,False,open,13.0
VEL-04734,2023,auto_liability,B,193000.0,0,5000.0,2000000.0,14,3611.0,3688.0,2445.0,1243.0,False,open,21.0
VEL-04735,2023,cargo,B,298000.0,2,25000.0,2000000.0,13,23696.0,23304.0,16172.0,7132.0,False,open,16.0
VEL-04736,2023,cargo,D,199000.0,2,10000.0,1000000.0,15,20679.0,21912.0,17023.0,4889.0,False,open,24.0
VEL-04737,2023,auto_liability,B,152000.0,2,10000.0,1000000.0,17,5826.0,6437.0,4490.0,1947.0,False,open,2.0
VEL-04738,2023,cargo,B,127000.0,2,10000.0,1000000.0,22,25529.0,25924.0,25387.0,537.0,False,closed,17.0
VEL-04739,2023,auto_liability,A,295000.0,0,10000.0,2000000.0,16,3335.0,3453.0,2788.0,665.0,False,open,44.0
VEL-04740,2023,auto_liability,C,187000.0,3,5000.0,1000000.0,24,3964.0,4108.0,3350.0,758.0,False,closed,8.0
VEL-04741,2023,auto_liability,B,246000.0,3,10000.0,2000000.0,17,4122.0,4103.0,3289.0,814.0,False,open,21.0
VEL-04742,2023,auto_liability,A,207000.0,0,5000.0,1000000.0,13,5861.0,5756.0,3776.0,1980.0,False,open,30.0
VEL-04743,2023,auto_liability,A,120000.0,0,25000.0,2000000.0,13,7423.0,7577.0,5343.0,2234.0,False,open,14.0
VEL-04744,2023,cargo,B,925000.0,0,25000.0,1000000.0,14,8090.0,7986.0,5364.0,2622.0,False,open,15.0
VEL-04745,2023,auto_liability,B,299000.0,2,25000.0,1000000.0,20,4495.0,4546.0,3710.0,836.0,False,closed,16.0
VEL-04746,2023,auto_liability,B,247000.0,1,25000.0,2000000.0,24,1451.0,1348.0,1203.0,145.0,False,closed,20.0
VEL-04747,2023,physical_damage,C,137000.0,2,25000.0,2000000.0,19,9221.0,8691.0,7813.0,878.0,False,closed,19.0
VEL-04748,2023,cargo,A,75000.0,0,25000.0,2000000.0,17,3555.0,3446.0,2853.0,593.0,False,open,10.0
VEL-04749,2023,auto_liability,C,245000.0,0,10000.0,2000000.0,24,8242.0,8667.0,7786.0,881.0,False,closed,28.0
VEL-04750,2023,auto_liability,A,373000.0,0,5000.0,2000000.0,16,20004.0,19304.0,17715.0,1589.0,False,open,54.0
VEL-04751,2023,auto_liability,B,217000.0,1,10000.0,2000000.0,14,18880.0,18894.0,14146.0,4748.0,False,open,75.0
VEL-04752,2023,physical_damage,B,243000.0,3,5000.0,2000000.0,16,16812.0,17027.0,12115.0,4912.0,False,open,18.0
VEL-04753,2023,physical_damage,A,198000.0,0,25000.0,1000000.0,20,7183.0,6573.0,13291.509605663685,0.0,False,closed,145.0
VEL-04754,2023,physical_damage,A,94000.0,1,10000.0,1000000.0,23,7854.0,8675.0,6530.0,2145.0,False,closed,1.0
VEL-04755,2023,cargo,C,314000.0,3,25000.0,2000000.0,20,12334.0,13717.0,11397.0,2320.0,False,closed,50.0
VEL-04756,2023,auto_liability,B,185000.0,2,5000.0,1000000.0,13,9399.0,9993.0,5992.0,4001.0,False,open,9.0
VEL-04757,2023,physical_damage,D,274000.0,1,10000.0,1000000.0,23,11491.0,12489.0,9564.0,2925.0,False,closed,65.0
VEL-04758,2023,cargo,A,445000.0,0,5000.0,2000000.0,24,2221.0,2135.0,1860.0,275.0,False,closed,13.0
VEL-04759,2023,physical_damage,B,403000.0,1,5000.0,2000000.0,17,8629.0,7989.0,7482.0,507.0,False,open,9.0
VEL-04760,2023,auto_liability,D,164000.0,2,10000.0,1000000.0,20,26543.0,28981.0,22615.0,6366.0,False,closed,4.0
VEL-04761,2023,physical_damage,B,267000.0,1,25000.0,1000000.0,20,4900.0,5293.0,11782.14452685738,991.0,False,closed,221.0
VEL-04762,2023,auto_liability,B,124000.0,1,25000.0,1000000.0,20,1582.0,1443.0,2501.5003389810277,0.0,False,closed,344.0
VEL-04763,2023,auto_liability,B,113000.0,2,10000.0,1000000.0,24,5517.0,5524.0,5444.0,80.0,False,closed,37.0
VEL-04764,2023,physical_damage,B,87000.0,0,25000.0,2000000.0,13,12187.0,12852.0,8060.0,4792.0,False,open,43.0
VEL-04765,2023,workers_comp,B,186000.0,1,5000.0,1000000.0,19,19773.0,21274.0,19136.0,2138.0,False,closed,3.0
VEL-04766,2023,auto_liability,B,350000.0,1,5000.0,1000000.0,20,12450.0,13269.0,10059.0,3210.0,False,closed,21.0
VEL-04767,2023,cargo,C,273000.0,0,10000.0,1000000.0,23,5878.0,5459.0,5791.0,0.0,False,closed,10.0
VEL-04768,2023,physical_damage,C,102000.0,4,10000.0,1000000.0,23,22045.0,22718.0,20166.0,2552.0,False,closed,46.0
VEL-04769,2023,physical_damage,B,295000.0,0,25000.0,2000000.0,15,10981.0,12274.0,9013.0,3261.0,False,open,9.0
VEL-04770,2023,physical_damage,B,220000.0,1,25000.0,2000000.0,17,5549.0,5642.0,4784.0,858.0,False,open,30.0
VEL-04771,2023,cargo,C,208000.0,2,5000.0,1000000.0,15,32885.0,31242.0,25442.0,5800.0,False,open,36.0
VEL-04772,2023,workers_comp,B,578000.0,3,10000.0,2000000.0,16,33660.0,36755.0,27187.0,9568.0,False,open,15.0
VEL-04773,2023,physical_damage,B,251000.0,1,10000.0,1000000.0,19,11905.0,11062.0,9535.0,1527.0,False,closed,5.0
VEL-04774,2023,physical_damage,B,250000.0,2,5000.0,1000000.0,22,5128.0,4872.0,4758.0,114.0,False,closed,13.0
VEL-04775,2023,cargo,A,290000.0,0,25000.0,2000000.0,18,15718.0,14191.0,15343.0,0.0,False,closed,42.0
VEL-04776,2023,auto_liability,C,235000.0,7,5000.0,1000000.0,20,3997.0,3742.0,3510.0,232.0,False,closed,28.0
VEL-04777,2023,physical_damage,A,137000.0,0,5000.0,1000000.0,13,17709.0,18669.0,12718.0,5951.0,False,open,3.0
VEL-04778,2023,auto_liability,B,73000.0,0,25000.0,1000000.0,22,4749.0,4813.0,3895.0,918.0,False,closed,9.0
VEL-04779,2023,auto_liability,C,156000.0,1,5000.0,2000000.0,16,7183.0,6533.0,5925.0,608.0,False,open,18.0
VEL-04780,2023,auto_liability,B,172000.0,0,5000.0,1000000.0,18,3971.0,3872.0,3320.0,552.0,False,closed,4.0
VEL-04781,2023,cargo,B,66000.0,1,10000.0,2000000.0,20,137914.0,137932.0,127714.0,10218.0,False,closed,16.0
VEL-04782,2023,auto_liability,B,114000.0,0,25000.0,1000000.0,19,1509.0,1589.0,1307.0,282.0,False,closed,24.0
VEL-04783,2023,workers_comp,A,224000.0,1,25000.0,2000000.0,15,11263.0,11356.0,9257.0,2099.0,False,open,18.0
VEL-04784,2023,auto_liability,B,136000.0,0,10000.0,1000000.0,15,6578.0,7072.0,5016.0,2056.0,False,open,41.0
VEL-04785,2023,cargo,A,118000.0,2,25000.0,1000000.0,14,7172.0,7891.0,5082.0,2809.0,False,open,10.0
VEL-04786,2023,auto_liability,D,166000.0,5,10000.0,1000000.0,15,17400.0,16665.0,12517.0,4148.0,False,open,37.0
VEL-04787,2023,workers_comp,B,131000.0,3,10000.0,1000000.0,20,2366.0,2591.0,1977.0,614.0,False,closed,27.0
VEL-04788,2023,cargo,A,168000.0,0,25000.0,2000000.0,24,4943.0,5197.0,4023.0,1174.0,False,closed,21.0
VEL-04789,2023,auto_liability,B,255000.0,2,10000.0,1000000.0,13,6232.0,5946.0,3953.0,1993.0,False,open,8.0
VEL-04790,2023,physical_damage,B,227000.0,2,5000.0,1000000.0,24,48112.0,46724.0,38543.0,8181.0,False,closed,27.0
VEL-04791,2023,physical_damage,D,213000.0,1,10000.0,2000000.0,14,36007.0,37915.0,26033.0,11882.0,False,open,35.0
VEL-04792,2023,physical_damage,B,267000.0,2,10000.0,1000000.0,24,11720.0,11755.0,10811.0,944.0,False,closed,32.0
VEL-04793,2023,cargo,B,281000.0,1,10000.0,2000000.0,22,9305.0,9739.0,8871.0,868.0,False,closed,4.0
VEL-04794,2023,physical_damage,B,143000.0,1,10000.0,1000000.0,22,9813.0,9227.0,7884.0,1343.0,False,closed,32.0
VEL-04795,2023,physical_damage,B,247000.0,0,10000.0,1000000.0,17,31929.0,30354.0,28084.0,2270.0,False,open,14.0
VEL-04796,2023,auto_liability,B,275000.0,1,10000.0,1000000.0,19,8676.0,8702.0,7466.0,1236.0,False,closed,16.0
VEL-04797,2023,physical_damage,A,249000.0,1,5000.0,2000000.0,24,4626.0,4390.0,4575.0,0.0,True,closed,34.0
VEL-04798,2023,cargo,A,430000.0,1,5000.0,2000000.0,23,2894.0,2894.0,2412.0,482.0,False,closed,14.0
VEL-04799,2023,auto_liability,A,253000.0,1,25000.0,1000000.0,24,13809.0,12896.0,12212.0,684.0,False,closed,39.0
VEL-04800,2023,physical_damage,C,167000.0,0,10000.0,1000000.0,16,8022.0,8251.0,6477.0,1774.0,False,open,17.0
VEL-04801,2023,physical_damage,C,289000.0,4,5000.0,1000000.0,24,10210.0,10334.0,8202.0,2132.0,False,closed,45.0
VEL-04802,2023,physical_damage,C,295000.0,3,25000.0,2000000.0,17,21986.0,20054.0,19445.0,609.0,False,open,3.0
VEL-04803,2023,cargo,B,159000.0,0,10000.0,1000000.0,17,20349.0,21716.0,16413.0,5303.0,False,open,25.0
VEL-04804,2023,physical_damage,B,84000.0,4,25000.0,1000000.0,23,6200.0,6161.0,5940.0,221.0,False,closed,10.0
VEL-04805,2023,auto_liability,B,156000.0,2,25000.0,1000000.0,19,8339.0,8570.0,6828.0,1742.0,False,closed,23.0
VEL-04806,2023,workers_comp,B,251000.0,3,5000.0,1000000.0,24,28887.0,29186.0,26270.0,2916.0,False,closed,26.0
VEL-04807,2023,auto_liability,B,128000.0,4,25000.0,1000000.0,17,1662.0,1689.0,3846.4340575705646,406.0,False,open,384.0
VEL-04808,2023,physical_damage,B,152000.0,2,25000.0,1000000.0,16,7284.0,7103.0,5556.0,1547.0,False,open,1.0
VEL-04809,2023,cargo,B,224000.0,2,5000.0,1000000.0,13,11424.0,10562.0,8207.0,2355.0,False,open,35.0
VEL-04810,2023,auto_liability,A,102000.0,3,25000.0,2000000.0,22,1438.0,1318.0,1211.0,107.0,False,closed,2.0
VEL-04811,2023,auto_liability,B,372000.0,1,25000.0,1000000.0,24,3636.0,3663.0,3570.0,93.0,False,closed,23.0
VEL-04812,2023,cargo,A,167000.0,0,5000.0,1000000.0,21,23255.0,24004.0,19020.0,4984.0,False,closed,22.0
VEL-04813,2023,cargo,C,304000.0,2,25000.0,2000000.0,22,16400.0,16652.0,15859.0,793.0,False,closed,33.0
VEL-04814,2023,workers_comp,C,292000.0,4,10000.0,1000000.0,21,7019.0,7296.0,14204.19276642268,537.0,False,closed,322.0
VEL-04815,2023,auto_liability,B,156000.0,2,25000.0,2000000.0,13,8552.0,9132.0,5156.0,3976.0,False,open,27.0
VEL-04816,2023,physical_damage,D,168000.0,2,5000.0,1000000.0,17,23143.0,22020.0,18703.0,3317.0,False,open,27.0
VEL-04817,2023,auto_liability,B,392000.0,1,5000.0,2000000.0,15,4070.0,3778.0,3222.0,556.0,False,open,13.0
VEL-04818,2023,auto_liability,A,277000.0,1,5000.0,2000000.0,13,1598.0,1728.0,994.0,734.0,False,open,54.0
VEL-04819,2023,auto_liability,B,131000.0,0,5000.0,1000000.0,21,4907.0,4528.0,8580.472564834667,174.0,False,closed,307.0
VEL-04820,2023,physical_damage,C,158000.0,1,5000.0,1000000.0,19,6490.0,7068.0,6228.0,840.0,False,closed,51.0
VEL-04821,2023,auto_liability,A,184000.0,1,10000.0,1000000.0,20,4153.0,3763.0,3456.0,307.0,False,closed,6.0
VEL-04822,2023,physical_damage,A,129000.0,0,25000.0,2000000.0,22,2546.0,2707.0,2319.0,388.0,False,closed,31.0
VEL-04823,2023,cargo,D,397000.0,2,5000.0,1000000.0,19,20194.0,21802.0,19734.0,2068.0,False,closed,13.0
VEL-04824,2023,physical_damage,A,288000.0,0,25000.0,1000000.0,23,10222.0,11301.0,9266.0,2035.0,False,closed,25.0
VEL-04825,2023,workers_comp,A,402000.0,0,25000.0,2000000.0,24,26305.0,26117.0,21408.0,4709.0,False,closed,5.0
VEL-04826,2023,physical_damage,B,282000.0,4,10000.0,2000000.0,17,2765.0,2940.0,2117.0,823.0,False,open,25.0
VEL-04827,2023,workers_comp,B,233000.0,3,5000.0,2000000.0,23,24803.0,24226.0,21446.0,2780.0,False,closed,63.0
VEL-04828,2023,physical_damage,B,324000.0,2,25000.0,1000000.0,18,6995.0,6465.0,6273.0,192.0,False,closed,20.0
VEL-04829,2023,physical_damage,B,833000.0,1,5000.0,1000000.0,24,21276.0,19463.0,20917.0,0.0,False,closed,34.0
VEL-04830,2023,workers_comp,C,243000.0,0,25000.0,1000000.0,23,9370.0,9910.0,7834.0,2076.0,False,closed,63.0
VEL-04831,2023,cargo,D,168000.0,2,25000.0,1000000.0,19,10426.0,10951.0,9682.0,1269.0,False,closed,39.0
VEL-04832,2023,physical_damage,A,132000.0,1,10000.0,2000000.0,22,6059.0,6691.0,5053.0,1638.0,False,closed,69.0
VEL-04833,2023,physical_damage,B,115000.0,0,25000.0,1000000.0,19,2403.0,2590.0,2009.0,581.0,False,closed,21.0
VEL-04834,2023,physical_damage,B,148000.0,0,5000.0,1000000.0,14,4872.0,4783.0,3315.0,1468.0,False,open,7.0
VEL-04835,2023,physical_damage,C,182000.0,1,10000.0,1000000.0,22,12259.0,11915.0,11442.0,473.0,True,closed,20.0
VEL-04836,2023,physical_damage,C,100000.0,3,25000.0,1000000.0,19,11765.0,12295.0,10703.0,1592.0,False,closed,16.0
VEL-04837,2023,auto_liability,C,87000.0,1,5000.0,1000000.0,23,12689.0,14030.0,10972.0,3058.0,False,closed,14.0
VEL-04838,2023,cargo,B,131000.0,2,10000.0,1000000.0,21,24461.0,27361.0,23091.0,4270.0,False,closed,24.0
VEL-04839,2023,auto_liability,A,134000.0,1,5000.0,1000000.0,20,750.0,786.0,727.0,59.0,False,closed,56.0
VEL-04840,2023,auto_liability,B,223000.0,3,25000.0,1000000.0,23,7175.0,6926.0,6291.0,635.0,False,closed,78.0
VEL-04841,2023,physical_damage,C,263000.0,2,25000.0,1000000.0,24,10987.0,10721.0,9854.0,867.0,False,closed,12.0
VEL-04842,2023,auto_liability,A,287000.0,2,25000.0,2000000.0,15,1820.0,1814.0,1305.0,509.0,False,open,26.0
VEL-04843,2023,workers_comp,B,92000.0,3,10000.0,1000000.0,16,10076.0,9502.0,7339.0,2163.0,False,open,17.0
VEL-04844,2023,cargo,B,170000.0,2,10000.0,1000000.0,22,7284.0,7785.0,6100.0,1685.0,False,closed,11.0
VEL-04845,2023,physical_damage,A,240000.0,1,25000.0,2000000.0,22,33321.0,32074.0,27885.0,4189.0,False,closed,11.0
VEL-04846,2023,auto_liability,B,101000.0,2,10000.0,1000000.0,21,4794.0,5001.0,4096.0,905.0,False,closed,25.0
VEL-04847,2023,physical_damage,A,194000.0,0,10000.0,1000000.0,13,6766.0,6270.0,4159.0,2111.0,False,open,23.0
VEL-04848,2023,auto_liability,D,105000.0,3,25000.0,2000000.0,22,22776.0,25315.0,22368.0,2947.0,False,closed,20.0
VEL-04849,2023,physical_damage,B,157000.0,2,10000.0,2000000.0,13,6566.0,7017.0,3831.0,3186.0,False,open,34.0
VEL-04850,2023,auto_liability,A,705000.0,0,5000.0,1000000.0,22,10297.0,9873.0,10284.0,0.0,False,closed,71.0
VEL-04851,2023,auto_liability,A,218000.0,3,5000.0,1000000.0,19,1568.0,1556.0,1464.0,92.0,True,closed,36.0
VEL-04852,2023,physical_damage,B,84000.0,4,10000.0,1000000.0,24,20415.0,21592.0,18066.0,3526.0,False,closed,54.0
VEL-04853,2023,physical_damage,B,139000.0,0,25000.0,2000000.0,21,4800.0,5104.0,3875.0,1229.0,True,closed,12.0
VEL-04854,2023,cargo,A,207000.0,1,25000.0,1000000.0,24,7532.0,7183.0,7387.0,0.0,False,closed,10.0
VEL-04855,2023,physical_damage,D,233000.0,1,10000.0,2000000.0,20,3846.0,3870.0,3487.0,383.0,False,closed,21.0
VEL-04856,2023,workers_comp,B,128000.0,0,10000.0,1000000.0,20,1753.0,1650.0,3082.7312090650785,71.0,False,closed,327.0
VEL-04857,2023,auto_liability,B,219000.0,2,5000.0,2000000.0,14,7866.0,7840.0,4939.0,2901.0,False,open,2.0
VEL-04858,2023,physical_damage,B,259000.0,2,25000.0,2000000.0,16,8277.0,7865.0,6909.0,956.0,False,open,15.0
VEL-04859,2023,physical_damage,B,189000.0,3,25000.0,2000000.0,19,2607.0,2754.0,2312.0,442.0,False,closed,22.0
VEL-04860,2023,auto_liability,C,78000.0,2,10000.0,1000000.0,13,8022.0,8003.0,5260.0,2743.0,False,open,22.0
VEL-04861,2023,workers_comp,B,84000.0,0,5000.0,2000000.0,19,22082.0,23812.0,17934.0,5878.0,False,closed,17.0
VEL-04862,2023,cargo,B,145000.0,2,10000.0,1000000.0,23,9008.0,9515.0,7247.0,2268.0,False,closed,42.0
VEL-04863,2023,physical_damage,B,226000.0,1,5000.0,2000000.0,20,6564.0,7250.0,6398.0,852.0,False,closed,33.0
VEL-04864,2023,physical_damage,B,152000.0,3,10000.0,2000000.0,23,6848.0,6359.0,6388.0,0.0,False,closed,52.0
VEL-04865,2023,auto_liability,B,360000.0,1,5000.0,2000000.0,17,9024.0,9321.0,8358.0,963.0,False,open,55.0
VEL-04866,2023,physical_damage,C,501000.0,1,5000.0,2000000.0,14,15413.0,17019.0,9637.0,7382.0,False,open,2.0
VEL-04867,2023,cargo,B,128000.0,1,5000.0,1000000.0,23,8205.0,8842.0,6595.0,2247.0,False,closed,24.0
VEL-04868,2023,auto_liability,A,152000.0,0,5000.0,2000000.0,23,1665.0,1675.0,1527.0,148.0,False,closed,18.0
VEL-04869,2023,cargo,D,112000.0,4,25000.0,2000000.0,16,5167.0,4852.0,3773.0,1079.0,False,open,38.0
VEL-04870,2023,physical_damage,B,191000.0,0,5000.0,2000000.0,16,3421.0,3736.0,2868.0,868.0,False,open,42.0
VEL-04871,2023,cargo,B,154000.0,1,5000.0,2000000.0,15,24414.0,22872.0,18022.0,4850.0,False,open,32.0
VEL-04872,2023,auto_liability,D,246000.0,5,5000.0,2000000.0,13,11061.0,12042.0,7250.0,4792.0,False,open,48.0
VEL-04873,2023,physical_damage,B,211000.0,0,5000.0,2000000.0,16,10071.0,9616.0,7563.0,2053.0,False,open,37.0
VEL-04874,2023,auto_liability,B,143000.0,1,10000.0,1000000.0,19,10709.0,11820.0,10347.0,1473.0,False,closed,4.0
VEL-04875,2023,physical_damage,A,297000.0,2,5000.0,2000000.0,20,12645.0,11674.0,10461.0,1213.0,False,closed,18.0
VEL-04876,2023,physical_damage,B,179000.0,0,10000.0,2000000.0,19,8863.0,8262.0,8711.0,0.0,False,closed,37.0
VEL-04877,2023,auto_liability,C,121000.0,4,5000.0,2000000.0,24,6525.0,6175.0,6393.0,0.0,False,closed,36.0
VEL-04878,2023,cargo,A,67000.0,0,10000.0,2000000.0,24,1196.0,1248.0,1048.0,200.0,False,closed,8.0
VEL-04879,2023,auto_liability,D,123000.0,2,10000.0,1000000.0,20,6139.0,6864.0,5826.0,1038.0,False,closed,2.0
VEL-04880,2023,physical_damage,A,296000.0,1,25000.0,2000000.0,23,3051.0,3037.0,2473.0,564.0,False,closed,43.0
VEL-04881,2023,auto_liability,B,156000.0,0,5000.0,2000000.0,23,17417.0,18109.0,15385.0,2724.0,False,closed,29.0
VEL-04882,2023,cargo,A,305000.0,1,25000.0,2000000.0,21,8126.0,7806.0,6835.0,971.0,False,closed,20.0
VEL-04883,2023,auto_liability,B,102000.0,0,25000.0,1000000.0,23,1434.0,1372.0,1235.0,137.0,False,closed,7.0
VEL-04884,2023,auto_liability,C,132000.0,1,25000.0,2000000.0,20,6945.0,6851.0,13090.975707237743,644.0,True,closed,268.0
VEL-04885,2023,workers_comp,D,80000.0,3,5000.0,1000000.0,15,25985.0,25189.0,18193.0,6996.0,False,open,21.0
VEL-04886,2023,workers_comp,C,167000.0,1,10000.0,1000000.0,18,7840.0,8681.0,7535.0,1146.0,False,closed,8.0
VEL-04887,2023,cargo,A,67000.0,1,10000.0,1000000.0,18,32097.0,32827.0,29593.0,3234.0,False,closed,54.0
VEL-04888,2023,physical_damage,B,125000.0,0,10000.0,2000000.0,17,24370.0,24856.0,22932.0,1924.0,False,open,10.0
VEL-04889,2023,auto_liability,A,278000.0,1,10000.0,1000000.0,14,2273.0,2298.0,1648.0,650.0,False,open,76.0
VEL-04890,2023,physical_damage,C,381000.0,4,25000.0,2000000.0,19,6808.0,7248.0,6151.0,1097.0,False,closed,4.0
VEL-04891,2023,workers_comp,A,425000.0,1,25000.0,1000000.0,20,8192.0,7748.0,7006.0,742.0,False,closed,44.0
VEL-04892,2023,auto_liability,B,111000.0,1,10000.0,1000000.0,22,3669.0,3960.0,3053.0,907.0,False,closed,12.0
VEL-04893,2023,auto_liability,A,235000.0,0,25000.0,2000000.0,22,6309.0,5803.0,5168.0,635.0,False,closed,12.0
VEL-04894,2023,auto_liability,B,160000.0,4,25000.0,1000000.0,13,7230.0,7068.0,4520.0,2548.0,False,open,23.0
VEL-04895,2023,cargo,D,162000.0,1,5000.0,2000000.0,16,17995.0,16994.0,14058.0,2936.0,False,open,38.0
VEL-04896,2023,physical_damage,A,271000.0,0,25000.0,2000000.0,23,10380.0,10269.0,10053.0,216.0,False,closed,34.0
VEL-04897,2023,cargo,A,122000.0,0,5000.0,1000000.0,18,2931.0,2816.0,2787.0,29.0,False,closed,18.0
VEL-04898,2023,auto_liability,C,53000.0,3,25000.0,1000000.0,14,5636.0,5127.0,3560.0,1567.0,False,open,2.0
VEL-04899,2023,physical_damage,C,340000.0,2,5000.0,2000000.0,24,6716.0,7360.0,5725.0,1635.0,False,closed,5.0
VEL-04900,2023,auto_liability,B,361000.0,1,5000.0,2000000.0,21,1240.0,1129.0,1123.0,6.0,False,closed,7.0
VEL-04901,2023,physical_damage,B,89000.0,1,25000.0,1000000.0,13,23156.0,25124.0,14028.0,11096.0,False,open,10.0
VEL-04902,2023,cargo,B,186000.0,0,5000.0,2000000.0,17,36884.0,35268.0,28166.0,7102.0,False,open,17.0
VEL-04903,2023,auto_liability,A,243000.0,0,10000.0,2000000.0,17,6498.0,6832.0,6131.0,701.0,True,open,5.0
VEL-04904,2023,physical_damage,C,340000.0,1,10000.0,1000000.0,15,12948.0,13732.0,26766.311848819616,4973.0,False,open,384.0
VEL-04905,2023,physical_damage,C,201000.0,2,5000.0,1000000.0,23,6280.0,6794.0,5123.0,1671.0,False,closed,15.0
VEL-04906,2023,auto_liability,B,163000.0,2,10000.0,1000000.0,17,8014.0,8497.0,7365.0,1132.0,False,open,18.0
VEL-04907,2023,auto_liability,A,225000.0,1,10000.0,2000000.0,18,9690.0,10106.0,9667.0,439.0,False,closed,3.0
VEL-04908,2023,physical_damage,B,258000.0,2,5000.0,1000000.0,21,7699.0,7038.0,7556.0,0.0,False,closed,1.0
VEL-04909,2023,physical_damage,C,203000.0,1,25000.0,1000000.0,21,9458.0,10203.0,7886.0,2317.0,True,closed,66.0
VEL-04910,2023,physical_damage,B,260000.0,0,10000.0,1000000.0,24,40125.0,42853.0,38256.0,4597.0,False,closed,25.0
VEL-04911,2023,physical_damage,A,313000.0,0,5000.0,2000000.0,15,16463.0,15508.0,11819.0,3689.0,False,open,21.0
VEL-04912,2023,workers_comp,D,272000.0,3,10000.0,1000000.0,20,18220.0,18622.0,17351.0,1271.0,False,closed,15.0
VEL-04913,2023,physical_damage,A,519000.0,1,10000.0,1000000.0,21,7027.0,6870.0,6386.0,484.0,False,closed,32.0
VEL-04914,2023,auto_liability,B,286000.0,0,5000.0,1000000.0,21,5172.0,4853.0,5090.0,0.0,False,closed,56.0
VEL-04915,2023,auto_liability,A,68000.0,2,10000.0,2000000.0,17,2870.0,2711.0,2560.0,151.0,False,open,7.0
VEL-04916,2023,physical_damage,A,197000.0,2,5000.0,1000000.0,14,8078.0,7789.0,5857.0,1932.0,False,open,11.0
VEL-04917,2023,physical_damage,A,239000.0,1,10000.0,2000000.0,24,6380.0,6658.0,6145.0,513.0,False,closed,16.0
VEL-04918,2023,auto_liability,A,197000.0,0,5000.0,2000000.0,24,1154.0,1235.0,1018.0,217.0,True,closed,2.0
VEL-04919,2023,physical_damage,B,166000.0,0,25000.0,1000000.0,17,12709.0,13661.0,10176.0,3485.0,False,open,5.0
VEL-04920,2023,cargo,C,147000.0,1,10000.0,2000000.0,21,7863.0,8141.0,7054.0,1087.0,False,closed,20.0
VEL-04921,2023,auto_liability,D,130000.0,2,5000.0,1000000.0,17,7843.0,7868.0,6067.0,1801.0,False,open,15.0
VEL-04922,2023,workers_comp,D,200000.0,2,10000.0,1000000.0,15,14747.0,14891.0,12217.0,2674.0,False,open,27.0
VEL-04923,2023,workers_comp,B,162000.0,1,5000.0,1000000.0,21,33827.0,32288.0,30852.0,1436.0,False,closed,37.0
VEL-04924,2023,cargo,B,166000.0,2,25000.0,2000000.0,15,8735.0,9056.0,5984.0,3072.0,False,open,24.0
VEL-04925,2023,physical_damage,C,132000.0,0,5000.0,1000000.0,20,16101.0,17581.0,14102.0,3479.0,False,closed,29.0
VEL-04926,2023,workers_comp,C,168000.0,3,5000.0,1000000.0,15,7074.0,6603.0,5486.0,1117.0,False,open,24.0
VEL-04927,2023,cargo,B,186000.0,2,25000.0,1000000.0,21,7774.0,8076.0,6611.0,1465.0,False,closed,15.0
VEL-04928,2023,physical_damage,B,227000.0,0,5000.0,1000000.0,13,20620.0,22688.0,13058.0,9630.0,False,open,18.0
VEL-04929,2023,cargo,A,147000.0,1,10000.0,1000000.0,16,8770.0,8317.0,7135.0,1182.0,False,open,10.0
VEL-04930,2023,auto_liability,A,89000.0,0,10000.0,1000000.0,16,5196.0,5137.0,3853.0,1284.0,False,open,4.0
VEL-04931,2023,cargo,A,203000.0,0,5000.0,1000000.0,22,2569.0,2555.0,2518.0,37.0,False,closed,26.0
VEL-04932,2023,physical_damage,B,160000.0,2,5000.0,2000000.0,19,8491.0,8464.0,7214.0,1250.0,False,closed,25.0
VEL-04933,2023,cargo,B,196000.0,2,25000.0,2000000.0,20,14567.0,15909.0,26851.204205127826,3866.0,False,closed,177.0
VEL-04934,2023,physical_damage,C,96000.0,3,5000.0,2000000.0,15,16775.0,17132.0,11492.0,5640.0,False,open,17.0
VEL-04935,2023,auto_liability,C,85000.0,0,10000.0,1000000.0,24,1750.0,1723.0,1699.0,24.0,False,closed,12.0
VEL-04936,2023,physical_damage,B,73000.0,2,25000.0,2000000.0,14,9008.0,10056.0,5691.0,4365.0,False,open,31.0
VEL-04937,2023,auto_liability,C,113000.0,1,25000.0,2000000.0,18,10032.0,10376.0,8088.0,2288.0,False,closed,25.0
VEL-04938,2023,auto_liability,C,143000.0,3,25000.0,1000000.0,23,9613.0,10382.0,9194.0,1188.0,False,closed,20.0
VEL-04939,2023,physical_damage,C,59000.0,4,25000.0,1000000.0,14,5239.0,5271.0,3708.0,1563.0,False,open,23.0
VEL-04940,2023,physical_damage,A,100000.0,0,10000.0,2000000.0,22,5537.0,5439.0,4898.0,541.0,False,closed,16.0
VEL-04941,2023,auto_liability,B,160000.0,1,25000.0,2000000.0,22,7759.0,8657.0,7715.0,942.0,False,closed,41.0
VEL-04942,2023,auto_liability,A,119000.0,1,10000.0,1000000.0,24,2066.0,1978.0,1715.0,263.0,False,closed,19.0
VEL-04943,2023,auto_liability,C,106000.0,2,5000.0,2000000.0,23,7589.0,7562.0,7253.0,309.0,False,closed,29.0
VEL-04944,2023,workers_comp,A,401000.0,2,25000.0,1000000.0,19,6811.0,6536.0,5952.0,584.0,False,closed,14.0
VEL-04945,2023,auto_liability,B,248000.0,1,25000.0,2000000.0,24,41278.0,39969.0,40453.0,0.0,False,closed,9.0
VEL-04946,2023,physical_damage,A,143000.0,2,10000.0,1000000.0,17,2424.0,2377.0,1849.0,528.0,False,open,24.0
VEL-04947,2023,physical_damage,B,191000.0,4,10000.0,1000000.0,23,9595.0,10448.0,7874.0,2574.0,False,closed,71.0
VEL-04948,2023,cargo,B,240000.0,2,25000.0,1000000.0,23,9694.0,9963.0,7961.0,2002.0,False,closed,31.0
VEL-04949,2023,auto_liability,C,121000.0,2,25000.0,2000000.0,15,5901.0,5741.0,4123.0,1618.0,False,open,23.0
VEL-04950,2023,cargo,A,66000.0,0,10000.0,1000000.0,18,10803.0,11415.0,10241.0,1174.0,False,closed,43.0
VEL-04951,2023,physical_damage,B,334000.0,0,10000.0,2000000.0,17,12917.0,12201.0,9880.0,2321.0,False,open,43.0
VEL-04952,2023,cargo,D,163000.0,1,10000.0,2000000.0,21,38482.0,39323.0,32320.0,7003.0,False,closed,8.0
VEL-04953,2023,auto_liability,B,144000.0,2,25000.0,1000000.0,14,3279.0,3297.0,2437.0,860.0,False,open,15.0
VEL-04954,2023,workers_comp,C,473000.0,1,5000.0,1000000.0,16,5985.0,5469.0,4633.0,836.0,False,open,22.0
VEL-04955,2023,physical_damage,C,239000.0,2,5000.0,1000000.0,23,7896.0,7581.0,7606.0,0.0,False,closed,25.0
VEL-04956,2023,auto_liability,A,141000.0,2,10000.0,2000000.0,18,2329.0,2391.0,2238.0,153.0,False,closed,37.0
VEL-04957,2023,physical_damage,B,221000.0,2,10000.0,2000000.0,14,11889.0,12749.0,8637.0,4112.0,False,open,39.0
VEL-04958,2024,auto_liability,B,147000.0,0,10000.0,1000000.0,8,4728.0,5080.0,1760.0,3320.0,False,open,35.0
VEL-04959,2024,physical_damage,B,123000.0,1,25000.0,2000000.0,4,7369.0,7432.0,1553.0,5879.0,False,open,8.0
VEL-04960,2024,physical_damage,B,175000.0,0,5000.0,2000000.0,9,7157.0,7651.0,2947.0,4704.0,False,open,10.0
VEL-04961,2024,physical_damage,C,60000.0,2,25000.0,2000000.0,11,9915.0,9992.0,5540.0,4452.0,False,open,32.0
VEL-04962,2024,physical_damage,B,168000.0,1,10000.0,2000000.0,9,3462.0,3700.0,1544.0,2156.0,False,open,92.0
VEL-04963,2024,physical_damage,B,199000.0,3,25000.0,1000000.0,2,10173.0,9698.0,936.0,8762.0,False,open,8.0
VEL-04964,2024,cargo,B,233000.0,4,5000.0,1000000.0,1,33219.0,35531.0,1605.0,33926.0,False,open,4.0
VEL-04965,2024,auto_liability,B,138000.0,1,25000.0,1000000.0,10,5543.0,6201.0,2728.0,3473.0,False,open,23.0
VEL-04966,2024,auto_liability,A,372000.0,0,5000.0,1000000.0,2,4774.0,4575.0,509.0,4066.0,False,open,25.0
VEL-04967,2024,auto_liability,B,133000.0,1,25000.0,2000000.0,8,2767.0,2834.0,1146.0,1688.0,False,open,17.0
VEL-04968,2024,auto_liability,B,174000.0,1,5000.0,1000000.0,10,3196.0,3135.0,1674.0,1461.0,False,open,25.0
VEL-04969,2024,physical_damage,A,102000.0,1,5000.0,2000000.0,7,5122.0,5581.0,1632.0,3949.0,False,open,24.0
VEL-04970,2024,physical_damage,B,101000.0,2,25000.0,2000000.0,10,6049.0,6494.0,2860.0,3634.0,False,open,17.0
VEL-04971,2024,auto_liability,A,74000.0,0,10000.0,1000000.0,2,1021.0,948.0,94.0,854.0,False,open,16.0
VEL-04972,2024,cargo,A,102000.0,2,10000.0,2000000.0,2,5612.0,5169.0,567.0,4602.0,False,open,12.0
VEL-04973,2024,cargo,A,85000.0,0,25000.0,2000000.0,7,4279.0,4405.0,1607.0,2798.0,False,open,11.0
VEL-04974,2024,physical_damage,A,108000.0,0,10000.0,1000000.0,4,9515.0,8693.0,1875.0,6818.0,False,open,35.0
VEL-04975,2024,cargo,B,297000.0,1,10000.0,1000000.0,11,1805.0,1659.0,916.0,743.0,False,open,33.0
VEL-04976,2024,auto_liability,D,231000.0,3,25000.0,1000000.0,4,15998.0,17304.0,3299.0,14005.0,False,open,30.0
VEL-04977,2024,auto_liability,A,153000.0,1,25000.0,1000000.0,9,4757.0,4401.0,2061.0,2340.0,False,open,63.0
VEL-04978,2024,auto_liability,A,377000.0,1,25000.0,1000000.0,6,4464.0,4226.0,1460.0,2766.0,True,open,37.0
VEL-04979,2024,cargo,D,165000.0,1,10000.0,2000000.0,12,13448.0,14437.0,8775.0,5662.0,False,open,9.0
VEL-04980,2024,physical_damage,C,169000.0,2,10000.0,1000000.0,7,7474.0,7159.0,2456.0,4703.0,False,open,61.0
VEL-04981,2024,workers_comp,C,245000.0,2,25000.0,1000000.0,4,12086.0,12234.0,2335.0,9899.0,False,open,60.0
VEL-04982,2024,cargo,B,135000.0,1,5000.0,2000000.0,4,5046.0,4787.0,955.0,3832.0,False,open,57.0
VEL-04983,2024,auto_liability,C,63000.0,4,5000.0,1000000.0,3,3642.0,3281.0,491.0,2790.0,False,open,7.0
VEL-04984,2024,auto_liability,B,379000.0,1,25000.0,1000000.0,4,4000.0,4275.0,783.0,3492.0,False,open,27.0
VEL-04985,2024,physical_damage,B,139000.0,1,25000.0,1000000.0,11,9111.0,9036.0,4621.0,4415.0,False,open,15.0
VEL-04986,2024,physical_damage,B,155000.0,1,10000.0,2000000.0,4,7332.0,7166.0,1429.0,5737.0,False,open,22.0
VEL-04987,2024,workers_comp,C,249000.0,1,10000.0,1000000.0,4,23604.0,25196.0,4338.0,20858.0,False,open,22.0
VEL-04988,2024,workers_comp,B,815000.0,2,5000.0,1000000.0,4,21010.0,22949.0,4451.0,18498.0,False,open,10.0
VEL-04989,2024,physical_damage,A,142000.0,0,5000.0,2000000.0,6,7479.0,7327.0,2476.0,4851.0,False,open,101.0
VEL-04990,2024,physical_damage,A,221000.0,0,25000.0,1000000.0,2,3910.0,4201.0,397.0,3804.0,False,open,12.0
VEL-04991,2024,physical_damage,B,148000.0,2,25000.0,2000000.0,7,14726.0,14974.0,5013.0,9961.0,False,open,4.0
VEL-04992,2024,cargo,B,138000.0,2,10000.0,1000000.0,1,4904.0,5241.0,269.0,4972.0,False,open,42.0
VEL-04993,2024,auto_liability,B,147000.0,1,25000.0,1000000.0,8,11576.0,12806.0,4469.0,8337.0,False,open,10.0
VEL-04994,2024,cargo,C,252000.0,3,10000.0,2000000.0,3,20864.0,19175.0,2848.0,16327.0,False,open,15.0
VEL-04995,2024,auto_liability,C,291000.0,2,25000.0,1000000.0,5,17816.0,17636.0,3996.0,13640.0,False,open,64.0
VEL-04996,2024,auto_liability,D,217000.0,4,10000.0,2000000.0,4,12909.0,11840.0,2864.0,8976.0,False,open,12.0
VEL-04997,2024,workers_comp,B,395000.0,4,5000.0,1000000.0,6,18685.0,17960.0,5649.0,12311.0,False,open,38.0
VEL-04998,2024,auto_liability,B,206000.0,2,5000.0,2000000.0,3,2587.0,2757.0,421.0,2336.0,False,open,9.0
VEL-04999,2024,physical_damage,C,70000.0,1,25000.0,2000000.0,12,1672.0,1866.0,987.0,879.0,False,open,21.0
VEL-05000,2024,auto_liability,A,253000.0,1,10000.0,2000000.0,1,7488.0,7859.0,412.0,7447.0,False,open,13.0
VEL-05001,2024,cargo,C,340000.0,2,5000.0,2000000.0,6,18076.0,16942.0,5904.0,11038.0,False,open,21.0
VEL-05002,2024,physical_damage,B,137000.0,1,5000.0,2000000.0,3,3985.0,4446.0,618.0,3828.0,False,open,19.0
VEL-05003,2024,workers_comp,B,82000.0,2,5000.0,2000000.0,12,28435.0,30820.0,16180.0,14640.0,False,open,24.0
VEL-05004,2024,auto_liability,B,352000.0,2,10000.0,1000000.0,1,2723.0,2709.0,133.0,2576.0,False,open,7.0
VEL-05005,2024,workers_comp,B,699000.0,2,25000.0,1000000.0,12,10871.0,10866.0,6047.0,4819.0,False,open,50.0
VEL-05006,2024,auto_liability,A,101000.0,0,10000.0,1000000.0,6,5581.0,5067.0,1728.0,3339.0,False,open,7.0
VEL-05007,2024,cargo,B,253000.0,2,25000.0,1000000.0,4,3778.0,3867.0,787.0,3080.0,False,open,9.0
VEL-05008,2024,physical_damage,B,250000.0,0,25000.0,1000000.0,10,9243.0,9790.0,4692.0,5098.0,False,open,35.0
VEL-05009,2024,auto_liability,B,103000.0,1,10000.0,2000000.0,2,15799.0,17644.0,1681.0,15963.0,True,open,14.0
VEL-05010,2024,physical_damage,A,186000.0,1,10000.0,1000000.0,5,2609.0,2737.0,667.0,2070.0,True,open,1.0
VEL-05011,2024,physical_damage,A,92000.0,0,10000.0,2000000.0,12,1550.0,1480.0,1020.0,460.0,True,open,43.0
VEL-05012,2024,auto_liability,C,255000.0,2,25000.0,1000000.0,6,1842.0,1739.0,3805.8227946753677,1226.0,False,open,365.0
VEL-05013,2024,physical_damage,B,190000.0,1,10000.0,2000000.0,3,4858.0,5271.0,714.0,4557.0,False,open,3.0
VEL-05014,2024,cargo,B,212000.0,2,10000.0,1000000.0,7,17574.0,18990.0,5480.0,13510.0,False,open,15.0
VEL-05015,2024,auto_liability,D,312000.0,2,5000.0,1000000.0,8,8108.0,8597.0,3145.0,5452.0,False,open,14.0
VEL-05016,2024,cargo,B,114000.0,1,5000.0,2000000.0,7,17947.0,19534.0,5723.0,13811.0,False,open,14.0
VEL-05017,2024,physical_damage,A,188000.0,3,25000.0,2000000.0,3,7331.0,7462.0,1151.0,6311.0,False,open,3.0
VEL-05018,2024,physical_damage,A,192000.0,0,5000.0,2000000.0,6,32711.0,29781.0,10383.0,19398.0,False,open,23.0
VEL-05019,2024,auto_liability,D,386000.0,0,25000.0,2000000.0,6,1843.0,1909.0,614.0,1295.0,False,open,39.0
VEL-05020,2024,physical_damage,C,71000.0,2,10000.0,1000000.0,6,20009.0,20627.0,5585.0,15042.0,False,open,13.0
VEL-05021,2024,auto_liability,A,123000.0,0,5000.0,2000000.0,8,9429.0,10314.0,4057.0,6257.0,False,open,40.0
VEL-05022,2024,cargo,B,97000.0,2,10000.0,1000000.0,4,20793.0,18816.0,3791.0,15025.0,False,open,35.0
VEL-05023,2024,physical_damage,C,118000.0,1,25000.0,2000000.0,2,12233.0,12715.0,1190.0,11525.0,False,open,49.0
VEL-05024,2024,auto_liability,B,247000.0,1,10000.0,2000000.0,9,5654.0,5163.0,2708.0,2455.0,False,open,9.0
VEL-05025,2024,auto_liability,B,234000.0,0,5000.0,1000000.0,7,5539.0,6128.0,1807.0,4321.0,False,open,42.0
VEL-05026,2024,physical_damage,B,124000.0,3,25000.0,1000000.0,8,2667.0,2709.0,1098.0,1611.0,False,open,40.0
VEL-05027,2024,physical_damage,B,217000.0,1,25000.0,2000000.0,5,16426.0,15761.0,4440.0,11321.0,True,open,18.0
VEL-05028,2024,physical_damage,C,112000.0,2,5000.0,2000000.0,11,10711.0,10886.0,5951.0,4935.0,False,open,30.0
VEL-05029,2024,physical_damage,C,172000.0,2,5000.0,1000000.0,5,11310.0,12350.0,2728.0,9622.0,False,open,8.0
VEL-05030,2024,physical_damage,B,81000.0,3,10000.0,2000000.0,12,4052.0,3794.0,8248.261300851826,1539.0,False,open,176.0
VEL-05031,2024,physical_damage,A,158000.0,0,5000.0,2000000.0,10,8344.0,8342.0,4377.0,3965.0,False,open,26.0
VEL-05032,2024,workers_comp,B,272000.0,0,25000.0,2000000.0,10,87202.0,83814.0,41520.0,42294.0,False,open,35.0
VEL-05033,2024,physical_damage,B,275000.0,1,25000.0,1000000.0,1,17259.0,17528.0,890.0,16638.0,False,open,14.0
VEL-05034,2024,workers_comp,C,172000.0,2,10000.0,2000000.0,4,16853.0,16916.0,3672.0,13244.0,True,open,102.0
VEL-05035,2024,cargo,A,255000.0,0,25000.0,1000000.0,5,4257.0,4085.0,1178.0,2907.0,False,open,20.0
VEL-05036,2024,auto_liability,B,139000.0,4,10000.0,1000000.0,1,11186.0,11237.0,618.0,10619.0,False,open,7.0
VEL-05037,2024,auto_liability,A,173000.0,0,5000.0,2000000.0,6,5178.0,5518.0,1495.0,4023.0,False,open,18.0
VEL-05038,2024,auto_liability,B,284000.0,1,5000.0,1000000.0,10,16576.0,17570.0,9016.0,8554.0,False,open,27.0
VEL-05039,2024,physical_damage,D,223000.0,1,10000.0,1000000.0,4,10556.0,10872.0,1945.0,8927.0,False,open,51.0
VEL-05040,2024,cargo,D,86000.0,6,10000.0,2000000.0,1,21695.0,23682.0,1042.0,22640.0,False,open,6.0
VEL-05041,2024,cargo,B,175000.0,1,25000.0,2000000.0,8,2561.0,2649.0,1095.0,1554.0,False,open,8.0
VEL-05042,2024,cargo,C,265000.0,2,10000.0,1000000.0,10,11638.0,10612.0,5706.0,4906.0,False,open,12.0
VEL-05043,2024,auto_liability,B,276000.0,0,10000.0,1000000.0,5,5386.0,5791.0,1433.0,4358.0,False,open,6.0
VEL-05044,2024,physical_damage,B,284000.0,0,10000.0,2000000.0,11,10146.0,10744.0,4969.0,5775.0,False,open,12.0
VEL-05045,2024,cargo,C,131000.0,2,25000.0,1000000.0,11,21632.0,20383.0,12924.0,7459.0,False,open,31.0
VEL-05046,2024,auto_liability,B,142000.0,2,25000.0,1000000.0,6,1359.0,1416.0,389.0,1027.0,False,open,18.0
VEL-05047,2024,auto_liability,C,153000.0,1,25000.0,2000000.0,7,10693.0,10477.0,3774.0,6703.0,False,open,13.0
VEL-05048,2024,physical_damage,B,82000.0,3,25000.0,1000000.0,4,14677.0,15249.0,3106.0,12143.0,False,open,14.0
VEL-05049,2024,cargo,D,84000.0,1,25000.0,2000000.0,9,19656.0,19226.0,42377.13908337176,10058.0,False,open,125.0
VEL-05050,2024,cargo,D,240000.0,1,5000.0,1000000.0,4,24702.0,26034.0,5485.0,20549.0,False,open,24.0
VEL-05051,2024,auto_liability,B,136000.0,2,25000.0,2000000.0,9,13903.0,15557.0,6924.0,8633.0,False,open,10.0
VEL-05052,2024,physical_damage,A,103000.0,0,10000.0,1000000.0,8,3919.0,4158.0,1469.0,2689.0,False,open,13.0
VEL-05053,2024,workers_comp,D,279000.0,2,10000.0,2000000.0,9,12564.0,12428.0,6079.0,6349.0,False,open,43.0
VEL-05054,2024,auto_liability,B,152000.0,5,5000.0,1000000.0,5,3386.0,3054.0,6146.873046323094,2174.0,False,open,186.0
VEL-05055,2024,physical_damage,A,140000.0,1,5000.0,1000000.0,6,17228.0,15587.0,5490.0,10097.0,False,open,10.0
VEL-05056,2024,auto_liability,B,103000.0,2,10000.0,2000000.0,9,1585.0,1619.0,695.0,924.0,False,open,47.0
VEL-05057,2024,physical_damage,B,284000.0,2,5000.0,2000000.0,8,5128.0,5590.0,2216.0,3374.0,False,open,14.0
VEL-05058,2024,auto_liability,B,120000.0,1,25000.0,1000000.0,6,3369.0,3720.0,1083.0,2637.0,False,open,42.0
VEL-05059,2024,physical_damage,B,249000.0,4,5000.0,1000000.0,1,3304.0,3398.0,5886.814690171538,3220.0,False,open,244.0
VEL-05060,2024,physical_damage,B,179000.0,0,5000.0,1000000.0,1,12662.0,13835.0,638.0,13197.0,False,open,54.0
VEL-05061,2024,workers_comp,A,160000.0,1,10000.0,2000000.0,4,9953.0,9131.0,2027.0,7104.0,False,open,22.0
VEL-05062,2024,physical_damage,A,140000.0,0,10000.0,2000000.0,12,1682.0,1558.0,898.0,660.0,False,open,5.0
VEL-05063,2024,auto_liability,B,81000.0,0,25000.0,1000000.0,2,16700.0,17354.0,1641.0,15713.0,False,open,19.0
VEL-05064,2024,auto_liability,B,271000.0,0,10000.0,1000000.0,9,6218.0,6500.0,2540.0,3960.0,False,open,20.0
VEL-05065,2024,auto_liability,B,177000.0,2,5000.0,2000000.0,12,4564.0,4135.0,2676.0,1459.0,False,open,6.0
VEL-05066,2024,cargo,D,130000.0,2,25000.0,2000000.0,10,12487.0,12886.0,5954.0,6932.0,False,open,22.0
VEL-05067,2024,cargo,C,99000.0,0,25000.0,2000000.0,3,3219.0,3027.0,465.0,2562.0,False,open,45.0
VEL-05068,2024,auto_liability,D,100000.0,1,25000.0,1000000.0,4,10282.0,10068.0,2231.0,7837.0,False,open,74.0
VEL-05069,2024,auto_liability,C,164000.0,2,25000.0,2000000.0,10,16236.0,16839.0,7889.0,8950.0,False,open,32.0
VEL-05070,2024,cargo,B,232000.0,2,5000.0,2000000.0,5,42646.0,43787.0,10639.0,33148.0,False,open,34.0
VEL-05071,2024,physical_damage,B,116000.0,0,10000.0,1000000.0,3,6872.0,6915.0,1135.0,5780.0,False,open,49.0
VEL-05072,2024,physical_damage,A,171000.0,1,25000.0,1000000.0,5,2184.0,2330.0,514.0,1816.0,False,open,43.0
VEL-05073,2024,physical_damage,A,104000.0,0,25000.0,2000000.0,6,2203.0,2400.0,663.0,1737.0,False,open,7.0
VEL-05074,2024,physical_damage,A,576000.0,1,5000.0,2000000.0,4,8804.0,9104.0,1694.0,7410.0,False,open,18.0
VEL-05075,2024,cargo,D,159000.0,3,5000.0,1000000.0,4,17964.0,17614.0,3568.0,14046.0,False,open,7.0
VEL-05076,2024,workers_comp,B,109000.0,3,5000.0,2000000.0,8,10428.0,9903.0,4511.0,5392.0,False,open,18.0
VEL-05077,2024,cargo,A,80000.0,3,25000.0,1000000.0,3,22257.0,21243.0,3384.0,17859.0,False,open,48.0
VEL-05078,2024,physical_damage,C,361000.0,1,10000.0,2000000.0,3,4458.0,4810.0,635.0,4175.0,False,open,26.0
VEL-05079,2024,workers_comp,C,237000.0,2,5000.0,2000000.0,8,13198.0,12386.0,5718.0,6668.0,False,open,9.0
VEL-05080,2024,auto_liability,D,304000.0,0,25000.0,1000000.0,5,7533.0,8169.0,2054.0,6115.0,False,open,24.0
VEL-05081,2024,workers_comp,A,212000.0,0,10000.0,2000000.0,10,9625.0,9053.0,5243.0,3810.0,False,open,83.0
VEL-05082,2024,cargo,A,128000.0,0,10000.0,2000000.0,7,18542.0,19336.0,6150.0,13186.0,False,open,12.0
VEL-05083,2024,auto_liability,C,203000.0,2,5000.0,2000000.0,5,10553.0,11019.0,2373.0,8646.0,False,open,86.0
VEL-05084,2024,cargo,B,152000.0,1,10000.0,2000000.0,6,10531.0,10663.0,3053.0,7610.0,False,open,29.0
VEL-05085,2024,physical_damage,B,136000.0,0,10000.0,2000000.0,3,7352.0,6997.0,1131.0,5866.0,False,open,5.0
VEL-05086,2024,auto_liability,C,201000.0,1,5000.0,1000000.0,5,8643.0,8670.0,2283.0,6387.0,False,open,25.0
VEL-05087,2024,auto_liability,B,222000.0,1,10000.0,2000000.0,11,1754.0,1629.0,925.0,704.0,True,open,23.0
VEL-05088,2024,physical_damage,B,369000.0,1,5000.0,2000000.0,9,2231.0,2464.0,906.0,1558.0,False,open,24.0
VEL-05089,2024,physical_damage,D,260000.0,3,10000.0,2000000.0,1,13402.0,13874.0,690.0,13184.0,False,open,43.0
VEL-05090,2024,auto_liability,C,246000.0,1,10000.0,2000000.0,6,8806.0,9356.0,2625.0,6731.0,False,open,9.0
VEL-05091,2024,physical_damage,A,452000.0,2,5000.0,2000000.0,2,1495.0,1432.0,155.0,1277.0,False,open,49.0
VEL-05092,2024,physical_damage,B,142000.0,3,25000.0,2000000.0,8,11309.0,12605.0,4238.0,8367.0,False,open,44.0
VEL-05093,2024,auto_liability,B,90000.0,3,10000.0,2000000.0,12,2110.0,2046.0,1237.0,809.0,False,open,24.0
VEL-05094,2024,physical_damage,B,163000.0,0,25000.0,1000000.0,10,2033.0,1968.0,1014.0,954.0,False,open,77.0
VEL-05095,2024,physical_damage,C,93000.0,1,10000.0,2000000.0,4,26458.0,24264.0,4802.0,19462.0,False,open,17.0
VEL-05096,2024,physical_damage,A,145000.0,2,25000.0,1000000.0,8,11440.0,12640.0,4947.0,7693.0,False,open,20.0
VEL-05097,2024,workers_comp,A,97000.0,0,10000.0,1000000.0,4,55608.0,59340.0,10588.0,48752.0,False,open,15.0
VEL-05098,2024,auto_liability,A,401000.0,0,25000.0,2000000.0,6,7538.0,8190.0,2500.0,5690.0,False,open,15.0
VEL-05099,2024,physical_damage,B,216000.0,0,25000.0,2000000.0,4,7799.0,7260.0,1726.0,5534.0,False,open,28.0
VEL-05100,2024,auto_liability,A,210000.0,2,5000.0,2000000.0,6,35000.0,37106.0,9635.0,27471.0,False,open,20.0
VEL-05101,2024,physical_damage,B,117000.0,2,25000.0,1000000.0,5,5575.0,6225.0,1496.0,4729.0,False,open,42.0
VEL-05102,2024,physical_damage,C,265000.0,0,25000.0,2000000.0,8,7694.0,8501.0,3059.0,5442.0,False,open,4.0
VEL-05103,2024,auto_liability,A,178000.0,0,5000.0,1000000.0,8,2376.0,2548.0,1018.0,1530.0,False,open,44.0
VEL-05104,2024,auto_liability,D,288000.0,3,5000.0,1000000.0,9,11387.0,12179.0,5315.0,6864.0,False,open,24.0
VEL-05105,2024,auto_liability,C,171000.0,0,5000.0,1000000.0,2,11767.0,11434.0,1172.0,10262.0,False,open,35.0
VEL-05106,2024,auto_liability,C,342000.0,0,5000.0,1000000.0,3,7294.0,7885.0,1007.0,6878.0,False,open,43.0
VEL-05107,2024,auto_liability,B,109000.0,0,25000.0,2000000.0,11,3824.0,4011.0,2333.0,1678.0,False,open,45.0
VEL-05108,2024,auto_liability,A,104000.0,1,10000.0,1000000.0,8,11023.0,10658.0,4342.0,6316.0,False,open,27.0
VEL-05109,2024,physical_damage,B,130000.0,0,5000.0,1000000.0,8,6461.0,5841.0,2810.0,3031.0,False,open,7.0
VEL-05110,2024,cargo,B,314000.0,2,5000.0,1000000.0,8,11462.0,12634.0,4230.0,8404.0,False,open,44.0
VEL-05111,2024,auto_liability,D,347000.0,3,10000.0,1000000.0,10,10796.0,11157.0,5541.0,5616.0,False,open,19.0
VEL-05112,2024,cargo,A,204000.0,0,10000.0,1000000.0,2,6654.0,7120.0,726.0,6394.0,False,open,32.0
VEL-05113,2024,auto_liability,C,127000.0,2,25000.0,2000000.0,4,14666.0,16298.0,3096.0,13202.0,False,open,15.0
VEL-05114,2024,workers_comp,C,110000.0,2,10000.0,2000000.0,2,4197.0,4024.0,386.0,3638.0,False,open,18.0
VEL-05115,2024,workers_comp,C,147000.0,3,10000.0,2000000.0,9,18385.0,17701.0,7712.0,9989.0,False,open,4.0
VEL-05116,2024,physical_damage,A,630000.0,0,25000.0,1000000.0,3,4846.0,4826.0,713.0,4113.0,False,open,37.0
VEL-05117,2024,auto_liability,D,218000.0,3,10000.0,2000000.0,10,12947.0,13393.0,6337.0,7056.0,False,open,21.0
VEL-05118,2024,auto_liability,C,170000.0,1,10000.0,1000000.0,2,3176.0,3106.0,329.0,2777.0,False,open,26.0
VEL-05119,2024,auto_liability,B,153000.0,0,25000.0,1000000.0,5,3677.0,3850.0,8056.711923633102,2910.0,False,open,216.0
VEL-05120,2024,physical_damage,B,352000.0,0,5000.0,1000000.0,4,11253.0,10924.0,2336.0,8588.0,False,open,6.0
VEL-05121,2024,cargo,B,170000.0,1,5000.0,2000000.0,8,19160.0,19431.0,7514.0,11917.0,False,open,3.0
VEL-05122,2024,auto_liability,C,204000.0,2,5000.0,1000000.0,4,7589.0,7759.0,1543.0,6216.0,False,open,22.0
VEL-05123,2024,physical_damage,A,163000.0,1,10000.0,1000000.0,9,3478.0,3353.0,1705.0,1648.0,False,open,21.0
VEL-05124,2024,auto_liability,A,567000.0,1,10000.0,1000000.0,8,1694.0,1689.0,629.0,1060.0,False,open,21.0
VEL-05125,2024,physical_damage,A,166000.0,4,10000.0,1000000.0,3,15415.0,16919.0,2329.0,14590.0,False,open,103.0
VEL-05126,2024,auto_liability,B,136000.0,4,25000.0,2000000.0,7,5566.0,6152.0,1754.0,4398.0,False,open,10.0
VEL-05127,2024,auto_liability,D,359000.0,2,5000.0,1000000.0,10,5337.0,5081.0,2610.0,2471.0,False,open,22.0
VEL-05128,2024,cargo,A,133000.0,0,25000.0,1000000.0,3,16434.0,18358.0,2197.0,16161.0,False,open,21.0
VEL-05129,2024,cargo,B,167000.0,2,10000.0,1000000.0,2,16290.0,16474.0,1653.0,14821.0,False,open,41.0
VEL-05130,2024,physical_damage,B,422000.0,1,5000.0,1000000.0,11,14192.0,15808.0,8548.0,7260.0,False,open,45.0
VEL-05131,2024,auto_liability,A,159000.0,3,10000.0,1000000.0,11,7730.0,7683.0,4354.0,3329.0,False,open,20.0
VEL-05132,2024,physical_damage,B,216000.0,1,10000.0,2000000.0,2,6748.0,6870.0,668.0,6202.0,False,open,29.0
VEL-05133,2024,workers_comp,A,373000.0,1,25000.0,2000000.0,4,12433.0,12788.0,26772.278298993733,10098.0,False,open,229.0
VEL-05134,2024,auto_liability,C,214000.0,5,5000.0,1000000.0,3,3637.0,3426.0,500.0,2926.0,False,open,7.0
VEL-05135,2024,physical_damage,B,302000.0,1,25000.0,1000000.0,11,8186.0,8195.0,4870.0,3325.0,False,open,53.0
VEL-05136,2024,cargo,A,107000.0,0,25000.0,2000000.0,12,3199.0,3534.0,1853.0,1681.0,False,open,6.0
VEL-05137,2024,workers_comp,C,237000.0,3,25000.0,1000000.0,7,19577.0,21605.0,6104.0,15501.0,False,open,31.0
VEL-05138,2024,workers_comp,B,101000.0,0,5000.0,2000000.0,3,13036.0,11959.0,1843.0,10116.0,False,open,74.0
VEL-05139,2024,workers_comp,C,191000.0,2,25000.0,2000000.0,6,17223.0,18209.0,5138.0,13071.0,True,open,15.0
VEL-05140,2024,physical_damage,A,288000.0,0,10000.0,2000000.0,10,5745.0,5945.0,2804.0,3141.0,False,open,33.0
VEL-05141,2024,auto_liability,C,131000.0,2,25000.0,1000000.0,11,9156.0,9109.0,4767.0,4342.0,False,open,16.0
VEL-05142,2024,cargo,B,178000.0,2,25000.0,1000000.0,3,13774.0,12632.0,2006.0,10626.0,False,open,9.0
VEL-05143,2024,cargo,B,326000.0,1,5000.0,1000000.0,12,13611.0,13072.0,8741.0,4331.0,False,open,30.0
VEL-05144,2024,auto_liability,B,134000.0,2,5000.0,1000000.0,1,7779.0,8543.0,355.0,8188.0,False,open,7.0
VEL-05145,2024,cargo,B,84000.0,0,5000.0,2000000.0,12,14712.0,13977.0,8232.0,5745.0,False,open,15.0
VEL-05146,2024,cargo,B,111000.0,1,5000.0,2000000.0,6,15521.0,16593.0,4186.0,12407.0,False,open,11.0
VEL-05147,2024,physical_damage,B,233000.0,2,10000.0,1000000.0,12,19412.0,20673.0,11747.0,8926.0,False,open,31.0
VEL-05148,2024,auto_liability,B,213000.0,2,10000.0,2000000.0,8,9083.0,9050.0,3374.0,5676.0,False,open,25.0
VEL-05149,2024,cargo,C,128000.0,3,5000.0,2000000.0,11,12895.0,12952.0,7619.0,5333.0,False,open,11.0
VEL-05150,2024,physical_damage,A,479000.0,0,5000.0,1000000.0,10,8504.0,8026.0,3956.0,4070.0,False,open,22.0
VEL-05151,2024,cargo,A,398000.0,2,25000.0,2000000.0,8,4095.0,4505.0,1480.0,3025.0,False,open,6.0
VEL-05152,2024,auto_liability,A,186000.0,3,25000.0,1000000.0,5,6117.0,5724.0,1681.0,4043.0,False,open,15.0
VEL-05153,2024,cargo,A,145000.0,1,25000.0,2000000.0,9,23730.0,22364.0,11570.0,10794.0,True,open,16.0
VEL-05154,2024,auto_liability,B,107000.0,1,10000.0,1000000.0,1,13396.0,12395.0,609.0,11786.0,False,open,7.0
VEL-05155,2024,auto_liability,A,120000.0,2,10000.0,1000000.0,11,8087.0,9007.0,4543.0,4464.0,False,open,19.0
VEL-05156,2024,auto_liability,C,244000.0,1,5000.0,1000000.0,6,21016.0,21223.0,5697.0,15526.0,False,open,10.0
VEL-05157,2024,auto_liability,A,99000.0,0,25000.0,1000000.0,9,2609.0,2572.0,1242.0,1330.0,False,open,18.0
VEL-05158,2024,auto_liability,B,120000.0,1,25000.0,1000000.0,2,12093.0,12732.0,1097.0,11635.0,True,open,15.0
VEL-05159,2024,auto_liability,B,157000.0,3,5000.0,1000000.0,12,1073.0,1116.0,622.0,494.0,False,open,45.0
VEL-05160,2024,auto_liability,A,289000.0,0,10000.0,2000000.0,6,6421.0,7097.0,1783.0,5314.0,False,open,26.0
VEL-05161,2024,auto_liability,B,104000.0,1,5000.0,2000000.0,3,3353.0,3570.0,497.0,3073.0,False,open,29.0
VEL-05162,2024,cargo,A,115000.0,1,10000.0,2000000.0,1,30061.0,31466.0,1484.0,29982.0,False,open,15.0
VEL-05163,2024,physical_damage,D,173000.0,0,10000.0,1000000.0,5,28278.0,28544.0,6448.0,22096.0,False,open,11.0
VEL-05164,2024,physical_damage,B,160000.0,1,5000.0,1000000.0,7,4715.0,4393.0,1490.0,2903.0,False,open,17.0
VEL-05165,2024,workers_comp,D,268000.0,1,10000.0,1000000.0,4,17234.0,18584.0,3173.0,15411.0,False,open,29.0
VEL-05166,2024,auto_liability,A,360000.0,1,10000.0,1000000.0,7,11887.0,11304.0,3729.0,7575.0,False,open,29.0
VEL-05167,2024,auto_liability,B,251000.0,1,25000.0,2000000.0,5,4876.0,5395.0,1195.0,4200.0,False,open,26.0
VEL-05168,2024,physical_damage,B,176000.0,2,10000.0,2000000.0,1,3678.0,3853.0,168.0,3685.0,False,open,8.0
VEL-05169,2024,cargo,C,71000.0,3,5000.0,1000000.0,1,7980.0,7494.0,380.0,7114.0,False,open,12.0
VEL-05170,2024,physical_damage,B,272000.0,0,25000.0,2000000.0,6,8799.0,8848.0,2431.0,6417.0,False,open,49.0
VEL-05171,2024,auto_liability,D,93000.0,2,5000.0,1000000.0,2,13150.0,12914.0,1422.0,11492.0,False,open,39.0
VEL-05172,2024,physical_damage,B,111000.0,0,25000.0,2000000.0,6,3739.0,3593.0,1241.0,2352.0,False,open,8.0
VEL-05173,2024,auto_liability,D,170000.0,0,25000.0,1000000.0,11,6122.0,6363.0,3021.0,3342.0,False,open,48.0
VEL-05174,2024,auto_liability,A,157000.0,2,5000.0,1000000.0,1,7283.0,7416.0,350.0,7066.0,False,open,37.0
VEL-05175,2024,physical_damage,B,382000.0,3,25000.0,1000000.0,7,17650.0,16590.0,5946.0,10644.0,False,open,16.0
VEL-05176,2024,cargo,B,118000.0,1,10000.0,2000000.0,6,10864.0,10212.0,2926.0,7286.0,False,open,18.0
VEL-05177,2024,auto_liability,B,167000.0,1,10000.0,1000000.0,10,9465.0,9250.0,5132.0,4118.0,False,open,19.0
VEL-05178,2024,auto_liability,A,192000.0,0,5000.0,2000000.0,10,2121.0,2262.0,1050.0,1212.0,False,open,37.0
VEL-05179,2024,auto_liability,B,236000.0,3,25000.0,1000000.0,3,11687.0,12877.0,1613.0,11264.0,False,open,49.0
VEL-05180,2024,workers_comp,C,83000.0,1,5000.0,2000000.0,10,58232.0,55407.0,30569.0,24838.0,False,open,10.0
VEL-05181,2024,auto_liability,C,229000.0,1,25000.0,1000000.0,5,2545.0,2571.0,592.0,1979.0,False,open,10.0
VEL-05182,2024,auto_liability,B,210000.0,3,10000.0,1000000.0,6,5839.0,5914.0,1731.0,4183.0,False,open,25.0
VEL-05183,2024,auto_liability,B,219000.0,2,10000.0,1000000.0,3,3656.0,3696.0,578.0,3118.0,False,open,22.0
VEL-05184,2024,auto_liability,D,220000.0,2,10000.0,1000000.0,10,4191.0,4377.0,2031.0,2346.0,False,open,20.0
VEL-05185,2024,auto_liability,B,93000.0,0,25000.0,1000000.0,8,7058.0,7901.0,2520.0,5381.0,False,open,24.0
VEL-05186,2024,auto_liability,A,180000.0,1,25000.0,2000000.0,2,2717.0,2882.0,250.0,2632.0,False,open,3.0
VEL-05187,2024,physical_damage,A,285000.0,0,5000.0,1000000.0,10,3316.0,3201.0,1529.0,1672.0,False,open,5.0
VEL-05188,2024,physical_damage,A,91000.0,0,5000.0,1000000.0,2,3975.0,4333.0,374.0,3959.0,False,open,10.0
VEL-05189,2024,physical_damage,B,248000.0,0,5000.0,2000000.0,7,17098.0,18106.0,5882.0,12224.0,False,open,41.0
VEL-05190,2024,cargo,B,159000.0,2,5000.0,1000000.0,8,6577.0,6611.0,2771.0,3840.0,False,open,31.0
VEL-05191,2024,workers_comp,B,161000.0,2,10000.0,1000000.0,5,10594.0,9876.0,2517.0,7359.0,False,open,28.0
VEL-05192,2024,auto_liability,A,125000.0,1,25000.0,1000000.0,10,5394.0,4937.0,2642.0,2295.0,False,open,19.0
VEL-05193,2024,auto_liability,B,155000.0,0,25000.0,1000000.0,10,11054.0,10977.0,5529.0,5448.0,False,open,25.0
VEL-05194,2024,physical_damage,A,282000.0,2,10000.0,1000000.0,7,3759.0,3745.0,1273.0,2472.0,False,open,14.0
VEL-05195,2024,auto_liability,B,150000.0,0,10000.0,1000000.0,4,750.0,710.0,161.0,549.0,False,open,9.0
VEL-05196,2024,cargo,C,177000.0,0,25000.0,1000000.0,2,87054.0,93859.0,9496.0,84363.0,False,open,11.0
VEL-05197,2024,physical_damage,B,96000.0,3,25000.0,2000000.0,11,28896.0,26270.0,17385.0,8885.0,False,open,11.0
VEL-05198,2024,cargo,A,163000.0,0,25000.0,1000000.0,10,15425.0,15666.0,7411.0,8255.0,False,open,36.0
VEL-05199,2024,physical_damage,B,105000.0,2,5000.0,2000000.0,2,12097.0,12494.0,1288.0,11206.0,False,open,35.0
VEL-05200,2024,physical_damage,A,198000.0,0,10000.0,2000000.0,12,5195.0,4727.0,3164.0,1563.0,False,open,2.0
VEL-05201,2024,auto_liability,A,153000.0,3,25000.0,2000000.0,1,667.0,647.0,33.0,614.0,False,open,12.0
VEL-05202,2024,auto_liability,A,293000.0,2,10000.0,1000000.0,8,3553.0,3417.0,1560.0,1857.0,True,open,43.0
VEL-05203,2024,physical_damage,C,100000.0,3,25000.0,2000000.0,11,5968.0,6204.0,2934.0,3270.0,False,open,52.0
VEL-05204,2024,workers_comp,D,303000.0,2,25000.0,2000000.0,1,21436.0,21970.0,960.0,21010.0,False,open,10.0
VEL-05205,2024,auto_liability,B,158000.0,1,10000.0,2000000.0,8,15126.0,15159.0,6003.0,9156.0,False,open,17.0
VEL-05206,2024,auto_liability,C,172000.0,3,10000.0,2000000.0,12,10146.0,9479.0,6592.0,2887.0,False,open,7.0
VEL-05207,2024,cargo,A,79000.0,0,10000.0,1000000.0,5,19989.0,21417.0,5245.0,16172.0,False,open,35.0
VEL-05208,2024,auto_liability,B,152000.0,1,25000.0,1000000.0,3,3791.0,4056.0,527.0,3529.0,False,open,22.0
VEL-05209,2024,workers_comp,B,198000.0,0,25000.0,2000000.0,7,1536.0,1574.0,552.0,1022.0,False,open,16.0
VEL-05210,2024,cargo,B,79000.0,1,5000.0,1000000.0,7,41681.0,44707.0,14662.0,30045.0,False,open,15.0
VEL-05211,2024,auto_liability,B,196000.0,0,5000.0,1000000.0,5,6065.0,5655.0,1614.0,4041.0,False,open,25.0
VEL-05212,2024,auto_liability,C,203000.0,2,25000.0,1000000.0,4,7855.0,7992.0,1565.0,6427.0,False,open,26.0
VEL-05213,2024,auto_liability,D,165000.0,2,5000.0,2000000.0,8,16580.0,18442.0,6862.0,11580.0,False,open,81.0
VEL-05214,2024,physical_damage,C,398000.0,2,25000.0,1000000.0,2,25233.0,23099.0,2400.0,20699.0,False,open,13.0
VEL-05215,2024,workers_comp,B,219000.0,2,5000.0,2000000.0,12,13260.0,12230.0,8174.0,4056.0,False,open,19.0
VEL-05216,2024,auto_liability,C,134000.0,0,25000.0,2000000.0,10,3964.0,3838.0,1825.0,2013.0,False,open,52.0
VEL-05217,2024,cargo,B,206000.0,1,5000.0,2000000.0,10,15863.0,15446.0,7272.0,8174.0,False,open,13.0
VEL-05218,2024,auto_liability,D,158000.0,1,10000.0,2000000.0,6,10114.0,10581.0,3117.0,7464.0,False,open,18.0
VEL-05219,2024,auto_liability,B,235000.0,1,25000.0,1000000.0,8,2200.0,2107.0,943.0,1164.0,False,open,26.0
VEL-05220,2024,auto_liability,C,144000.0,1,25000.0,2000000.0,9,10838.0,11947.0,19154.302116441777,7523.0,False,open,385.0
VEL-05221,2024,physical_damage,B,118000.0,2,10000.0,1000000.0,6,5699.0,6072.0,1810.0,4262.0,False,open,34.0
VEL-05222,2024,auto_liability,B,95000.0,1,10000.0,1000000.0,11,5963.0,6159.0,3347.0,2812.0,False,open,32.0
VEL-05223,2024,auto_liability,A,354000.0,2,25000.0,1000000.0,5,3068.0,2816.0,830.0,1986.0,False,open,22.0
VEL-05224,2024,auto_liability,A,201000.0,1,25000.0,1000000.0,8,5006.0,5181.0,2089.0,3092.0,False,open,18.0
VEL-05225,2024,auto_liability,B,357000.0,1,25000.0,1000000.0,5,1297.0,1246.0,311.0,935.0,False,open,16.0
VEL-05226,2024,auto_liability,A,193000.0,2,5000.0,1000000.0,1,5625.0,5874.0,257.0,5617.0,False,open,2.0
VEL-05227,2024,auto_liability,A,76000.0,0,5000.0,1000000.0,3,8964.0,9161.0,1448.0,7713.0,False,open,31.0
VEL-05228,2024,auto_liability,B,98000.0,3,10000.0,1000000.0,2,6193.0,5867.0,590.0,5277.0,False,open,20.0
VEL-05229,2024,auto_liability,A,265000.0,0,10000.0,1000000.0,8,1435.0,1451.0,3023.597708889012,883.0,False,open,176.0
VEL-05230,2024,workers_comp,D,171000.0,2,5000.0,2000000.0,5,7275.0,7066.0,1694.0,5372.0,False,open,28.0
VEL-05231,2024,cargo,B,118000.0,0,5000.0,1000000.0,9,20467.0,22565.0,9779.0,12786.0,False,open,27.0
VEL-05232,2024,auto_liability,A,141000.0,1,10000.0,1000000.0,12,5189.0,5718.0,2869.0,2849.0,True,open,5.0
VEL-05233,2024,auto_liability,B,91000.0,1,5000.0,2000000.0,1,7331.0,8211.0,374.0,7837.0,False,open,42.0
VEL-05234,2024,physical_damage,B,149000.0,0,5000.0,1000000.0,12,17624.0,17896.0,11745.0,6151.0,False,open,67.0
VEL-05235,2024,cargo,B,218000.0,2,25000.0,1000000.0,6,8952.0,8816.0,2615.0,6201.0,False,open,10.0
VEL-05236,2024,cargo,B,193000.0,2,5000.0,1000000.0,2,6357.0,5998.0,670.0,5328.0,False,open,62.0
VEL-05237,2024,physical_damage,C,108000.0,1,25000.0,1000000.0,3,3855.0,3853.0,604.0,3249.0,False,open,35.0
VEL-05238,2024,physical_damage,B,309000.0,1,10000.0,1000000.0,7,8930.0,8537.0,3362.0,5175.0,False,open,10.0
VEL-05239,2024,auto_liability,B,180000.0,3,10000.0,2000000.0,10,4024.0,4304.0,2129.0,2175.0,True,open,24.0
VEL-05240,2024,auto_liability,B,181000.0,1,10000.0,1000000.0,4,3975.0,3696.0,867.0,2829.0,True,open,70.0
VEL-05241,2024,cargo,C,138000.0,2,25000.0,1000000.0,12,5903.0,6144.0,3832.0,2312.0,False,open,35.0
VEL-05242,2024,auto_liability,A,252000.0,0,25000.0,2000000.0,1,5516.0,6171.0,261.0,5910.0,False,open,19.0
VEL-05243,2024,cargo,A,243000.0,1,25000.0,2000000.0,12,6063.0,6437.0,3438.0,2999.0,False,open,16.0
VEL-05244,2024,auto_liability,C,81000.0,4,25000.0,1000000.0,12,1609.0,1653.0,988.0,665.0,False,open,26.0
VEL-05245,2024,workers_comp,C,187000.0,1,25000.0,2000000.0,1,42111.0,45641.0,2252.0,43389.0,False,open,24.0
VEL-05246,2024,physical_damage,A,183000.0,0,10000.0,2000000.0,4,9990.0,10859.0,1832.0,9027.0,False,open,17.0
VEL-05247,2024,auto_liability,C,253000.0,1,25000.0,1000000.0,2,2643.0,2860.0,287.0,2573.0,False,open,19.0
VEL-05248,2024,physical_damage,A,350000.0,0,10000.0,1000000.0,1,20241.0,22595.0,915.0,21680.0,False,open,22.0
VEL-05249,2024,auto_liability,B,152000.0,3,5000.0,2000000.0,6,13355.0,12648.0,3653.0,8995.0,False,open,15.0
VEL-05250,2024,cargo,B,117000.0,1,5000.0,1000000.0,9,40643.0,45318.0,19580.0,25738.0,False,open,46.0
VEL-05251,2024,auto_liability,C,105000.0,1,5000.0,2000000.0,7,7588.0,6924.0,2596.0,4328.0,False,open,22.0
VEL-05252,2024,cargo,A,217000.0,1,10000.0,2000000.0,10,2036.0,2147.0,1020.0,1127.0,False,open,6.0
VEL-05253,2024,cargo,A,230000.0,1,5000.0,1000000.0,9,6500.0,6720.0,2800.0,3920.0,False,open,16.0
VEL-05254,2024,auto_liability,A,117000.0,0,10000.0,2000000.0,9,1961.0,1793.0,836.0,957.0,True,open,7.0
VEL-05255,2024,cargo,D,559000.0,0,25000.0,2000000.0,11,13258.0,14187.0,7134.0,7053.0,False,open,15.0
VEL-05256,2024,cargo,A,122000.0,1,25000.0,2000000.0,6,8734.0,8592.0,2491.0,6101.0,False,open,8.0
VEL-05257,2024,auto_liability,A,92000.0,0,5000.0,2000000.0,3,1591.0,1476.0,248.0,1228.0,False,open,5.0
VEL-05258,2024,cargo,A,231000.0,0,5000.0,2000000.0,11,6830.0,6362.0,3906.0,2456.0,False,open,21.0
VEL-05259,2024,physical_damage,A,538000.0,1,10000.0,2000000.0,2,4738.0,4619.0,497.0,4122.0,False,open,79.0
VEL-05260,2024,physical_damage,B,364000.0,1,5000.0,1000000.0,3,14452.0,14201.0,2128.0,12073.0,False,open,56.0
VEL-05261,2024,physical_damage,C,388000.0,0,5000.0,1000000.0,8,3208.0,3213.0,1178.0,2035.0,False,open,37.0
VEL-05262,2024,auto_liability,B,97000.0,2,10000.0,1000000.0,7,34679.0,35319.0,12130.0,23189.0,False,open,22.0
VEL-05263,2024,auto_liability,B,145000.0,1,10000.0,2000000.0,7,2154.0,2333.0,819.0,1514.0,False,open,98.0
VEL-05264,2024,auto_liability,A,115000.0,0,25000.0,2000000.0,5,4339.0,4182.0,1072.0,3110.0,False,open,63.0
VEL-05265,2024,auto_liability,D,101000.0,3,5000.0,2000000.0,1,10015.0,11134.0,510.0,10624.0,False,open,2.0
VEL-05266,2024,auto_liability,B,186000.0,1,25000.0,1000000.0,1,13108.0,12593.0,722.0,11871.0,False,open,17.0
VEL-05267,2024,auto_liability,A,135000.0,0,5000.0,2000000.0,4,4668.0,4339.0,939.0,3400.0,False,open,12.0
VEL-05268,2024,workers_comp,B,210000.0,2,5000.0,1000000.0,1,65419.0,68477.0,3072.0,65405.0,False,open,15.0
VEL-05269,2024,physical_damage,B,193000.0,0,5000.0,2000000.0,5,20253.0,21595.0,4634.0,16961.0,False,open,29.0
VEL-05270,2024,physical_damage,C,283000.0,0,25000.0,2000000.0,10,16982.0,17816.0,8022.0,9794.0,False,open,48.0
VEL-05271,2024,physical_damage,B,297000.0,2,25000.0,1000000.0,8,24719.0,22478.0,10090.0,12388.0,False,open,21.0
VEL-05272,2024,cargo,C,314000.0,2,10000.0,2000000.0,11,5313.0,4984.0,3065.0,1919.0,False,open,25.0
VEL-05273,2024,workers_comp,B,179000.0,0,10000.0,2000000.0,9,19090.0,17347.0,9361.0,7986.0,False,open,3.0
VEL-05274,2024,auto_liability,C,97000.0,2,25000.0,2000000.0,4,7423.0,8009.0,1468.0,6541.0,False,open,13.0
VEL-05275,2024,auto_liability,B,175000.0,1,10000.0,1000000.0,2,3695.0,3375.0,361.0,3014.0,False,open,12.0
VEL-05276,2024,auto_liability,A,137000.0,0,5000.0,1000000.0,2,3050.0,3248.0,318.0,2930.0,False,open,64.0
VEL-05277,2024,physical_damage,D,395000.0,3,10000.0,1000000.0,5,19365.0,18774.0,4963.0,13811.0,False,open,14.0
VEL-05278,2024,auto_liability,A,394000.0,1,5000.0,2000000.0,7,3333.0,3609.0,1254.0,2355.0,False,open,17.0
VEL-05279,2024,workers_comp,D,211000.0,2,5000.0,1000000.0,5,15946.0,16473.0,3815.0,12658.0,False,open,10.0
VEL-05280,2024,physical_damage,B,386000.0,1,10000.0,1000000.0,11,14502.0,15890.0,7464.0,8426.0,False,open,12.0
VEL-05281,2024,cargo,B,155000.0,0,5000.0,1000000.0,1,16890.0,17778.0,921.0,16857.0,False,open,17.0
VEL-05282,2024,cargo,C,242000.0,3,5000.0,1000000.0,7,41520.0,39913.0,13583.0,26330.0,False,open,32.0
VEL-05283,2024,auto_liability,A,125000.0,0,25000.0,2000000.0,11,3513.0,3261.0,1922.0,1339.0,False,open,12.0
VEL-05284,2024,auto_liability,D,306000.0,1,10000.0,1000000.0,5,11744.0,11119.0,2978.0,8141.0,False,open,23.0
VEL-05285,2024,auto_liability,B,280000.0,2,5000.0,2000000.0,7,4514.0,4092.0,1435.0,2657.0,False,open,35.0
VEL-05286,2024,auto_liability,A,136000.0,1,5000.0,1000000.0,2,5155.0,5389.0,566.0,4823.0,False,open,36.0
VEL-05287,2024,auto_liability,B,366000.0,1,5000.0,2000000.0,5,3574.0,3673.0,985.0,2688.0,False,open,35.0
VEL-05288,2024,auto_liability,A,344000.0,1,25000.0,2000000.0,7,4456.0,4705.0,1444.0,3261.0,False,open,39.0
VEL-05289,2024,cargo,D,337000.0,4,10000.0,2000000.0,9,9792.0,10812.0,4439.0,6373.0,False,open,53.0
VEL-05290,2024,physical_damage,C,92000.0,5,25000.0,1000000.0,2,4671.0,4595.0,437.0,4158.0,True,open,33.0
VEL-05291,2024,physical_damage,C,152000.0,2,25000.0,1000000.0,9,10285.0,10373.0,5096.0,5277.0,True,open,44.0
VEL-05292,2024,auto_liability,A,200000.0,0,25000.0,1000000.0,11,2529.0,2814.0,1356.0,1458.0,False,open,18.0
VEL-05293,2024,cargo,B,222000.0,0,25000.0,2000000.0,12,4425.0,4719.0,2657.0,2062.0,False,open,19.0
VEL-05294,2024,physical_damage,A,161000.0,0,5000.0,2000000.0,2,1263.0,1203.0,120.0,1083.0,True,open,30.0
VEL-05295,2024,cargo,C,503000.0,0,25000.0,2000000.0,7,32737.0,32158.0,11721.0,20437.0,True,open,40.0
VEL-05296,2024,physical_damage,A,238000.0,0,10000.0,1000000.0,9,20459.0,21680.0,9055.0,12625.0,False,open,88.0
VEL-05297,2024,auto_liability,B,137000.0,0,5000.0,2000000.0,3,14965.0,15895.0,2006.0,13889.0,False,open,46.0
VEL-05298,2024,auto_liability,B,189000.0,1,5000.0,2000000.0,11,13676.0,12725.0,8110.0,4615.0,False,open,7.0
VEL-05299,2024,auto_liability,C,127000.0,2,5000.0,1000000.0,3,5258.0,4897.0,751.0,4146.0,False,open,15.0
VEL-05300,2024,workers_comp,B,666000.0,0,5000.0,1000000.0,1,19572.0,20133.0,967.0,19166.0,False,open,29.0
VEL-05301,2024,physical_damage,D,433000.0,2,5000.0,1000000.0,11,9086.0,9579.0,4585.0,4994.0,False,open,21.0
VEL-05302,2024,cargo,B,177000.0,2,25000.0,1000000.0,12,5317.0,5834.0,3325.0,2509.0,False,open,33.0
VEL-05303,2024,physical_damage,C,88000.0,2,5000.0,2000000.0,3,1791.0,1762.0,244.0,1518.0,False,open,15.0
VEL-05304,2024,auto_liability,B,142000.0,0,25000.0,1000000.0,7,2862.0,3037.0,934.0,2103.0,False,open,9.0
VEL-05305,2024,physical_damage,A,226000.0,2,10000.0,1000000.0,8,47088.0,50283.0,17139.0,33144.0,False,open,21.0
VEL-05306,2024,auto_liability,A,171000.0,0,10000.0,1000000.0,1,3463.0,3329.0,166.0,3163.0,True,open,11.0
VEL-05307,2024,physical_damage,B,265000.0,0,5000.0,1000000.0,9,4688.0,4611.0,2047.0,2564.0,False,open,7.0
VEL-05308,2024,cargo,B,80000.0,0,10000.0,1000000.0,2,18950.0,20055.0,1767.0,18288.0,False,open,12.0
VEL-05309,2024,physical_damage,A,74000.0,1,10000.0,1000000.0,7,4985.0,4925.0,1593.0,3332.0,False,open,18.0
VEL-05310,2024,cargo,B,201000.0,2,10000.0,2000000.0,4,28619.0,31464.0,5381.0,26083.0,False,open,6.0
VEL-05311,2024,cargo,B,140000.0,0,5000.0,2000000.0,4,3734.0,4084.0,774.0,3310.0,False,open,19.0
VEL-05312,2024,physical_damage,C,405000.0,1,25000.0,1000000.0,12,2731.0,2461.0,1788.0,673.0,False,open,37.0
VEL-05313,2024,cargo,B,137000.0,0,10000.0,2000000.0,4,23195.0,25781.0,5092.0,20689.0,False,open,42.0
VEL-05314,2024,physical_damage,B,106000.0,0,25000.0,1000000.0,7,15469.0,14981.0,5555.0,9426.0,False,open,8.0
VEL-05315,2024,physical_damage,A,161000.0,1,5000.0,1000000.0,12,3268.0,3475.0,2172.0,1303.0,False,open,15.0
VEL-05316,2024,cargo,C,108000.0,2,10000.0,1000000.0,7,17680.0,18920.0,6121.0,12799.0,False,open,9.0
VEL-05317,2024,workers_comp,D,166000.0,1,5000.0,2000000.0,2,48095.0,47686.0,4618.0,43068.0,False,open,16.0
VEL-05318,2024,auto_liability,B,337000.0,1,5000.0,1000000.0,6,6947.0,7181.0,2217.0,4964.0,False,open,11.0
VEL-05319,2024,auto_liability,A,156000.0,0,10000.0,2000000.0,4,13608.0,13980.0,2914.0,11066.0,False,open,11.0
VEL-05320,2024,auto_liability,C,96000.0,3,25000.0,2000000.0,8,5054.0,5072.0,1798.0,3274.0,True,open,12.0
VEL-05321,2024,cargo,C,131000.0,3,25000.0,2000000.0,8,18901.0,17984.0,6886.0,11098.0,False,open,15.0
VEL-05322,2024,auto_liability,A,252000.0,0,25000.0,1000000.0,7,6640.0,6398.0,2457.0,3941.0,False,open,11.0
VEL-05323,2024,cargo,C,140000.0,2,25000.0,1000000.0,5,7120.0,7517.0,1767.0,5750.0,False,open,29.0
VEL-05324,2024,auto_liability,C,237000.0,2,5000.0,1000000.0,12,2530.0,2345.0,1628.0,717.0,False,open,11.0
VEL-05325,2024,physical_damage,B,272000.0,1,5000.0,1000000.0,11,4841.0,5324.0,2847.0,2477.0,False,open,5.0
VEL-05326,2024,physical_damage,C,138000.0,0,5000.0,1000000.0,6,49197.0,48210.0,92148.0617759052,33301.0,False,open,302.0
VEL-05327,2024,auto_liability,B,260000.0,2,25000.0,2000000.0,6,34043.0,35489.0,9335.0,26154.0,False,open,33.0
VEL-05328,2024,auto_liability,B,320000.0,1,25000.0,2000000.0,5,10017.0,11080.0,2626.0,8454.0,False,open,3.0
VEL-05329,2024,workers_comp,C,236000.0,2,5000.0,1000000.0,1,3688.0,3579.0,179.0,3400.0,False,open,23.0
VEL-05330,2024,auto_liability,B,243000.0,3,5000.0,1000000.0,12,9197.0,8327.0,4909.0,3418.0,False,open,12.0
VEL-05331,2024,physical_damage,B,152000.0,0,5000.0,1000000.0,2,7424.0,6688.0,13666.982290576254,5894.0,False,open,185.0
VEL-05332,2024,physical_damage,B,197000.0,4,5000.0,2000000.0,12,6134.0,6242.0,3961.0,2281.0,False,open,1.0
VEL-05333,2024,cargo,B,310000.0,1,25000.0,2000000.0,6,65116.0,68525.0,21313.0,47212.0,False,open,34.0
VEL-05334,2024,physical_damage,B,310000.0,3,25000.0,2000000.0,8,27326.0,27963.0,11615.0,16348.0,False,open,36.0
VEL-05335,2024,physical_damage,D,214000.0,5,25000.0,2000000.0,3,1948.0,2088.0,278.0,1810.0,False,open,23.0
VEL-05336,2024,auto_liability,A,663000.0,1,10000.0,1000000.0,9,682.0,739.0,290.0,449.0,False,open,14.0
VEL-05337,2024,auto_liability,A,114000.0,1,10000.0,2000000.0,11,3682.0,3892.0,2099.0,1793.0,False,open,55.0
VEL-05338,2024,physical_damage,B,280000.0,0,25000.0,2000000.0,12,7675.0,7987.0,4435.0,3552.0,False,open,16.0
VEL-05339,2024,physical_damage,A,171000.0,0,10000.0,1000000.0,12,27114.0,30320.0,18051.0,12269.0,False,open,19.0
VEL-05340,2024,cargo,B,150000.0,1,10000.0,2000000.0,11,9842.0,9960.0,5272.0,4688.0,False,open,14.0
VEL-05341,2024,auto_liability,B,372000.0,1,25000.0,1000000.0,9,3392.0,3657.0,1391.0,2266.0,False,open,7.0
VEL-05342,2024,auto_liability,A,217000.0,0,25000.0,1000000.0,10,2522.0,2592.0,1306.0,1286.0,False,open,27.0
VEL-05343,2024,physical_damage,B,125000.0,4,10000.0,1000000.0,1,10621.0,10668.0,559.0,10109.0,False,open,41.0
VEL-05344,2024,physical_damage,A,129000.0,1,25000.0,2000000.0,7,3802.0,3490.0,1235.0,2255.0,False,open,33.0
VEL-05345,2024,cargo,C,145000.0,2,25000.0,1000000.0,11,4596.0,5100.0,2326.0,2774.0,False,open,28.0
VEL-05346,2024,physical_damage,B,201000.0,2,25000.0,2000000.0,1,4339.0,3913.0,7422.8204033969405,3678.0,False,open,169.0
VEL-05347,2024,physical_damage,C,178000.0,2,5000.0,2000000.0,4,2974.0,3108.0,623.0,2485.0,False,open,21.0
VEL-05348,2024,cargo,B,175000.0,0,10000.0,1000000.0,6,6521.0,6873.0,1795.0,5078.0,True,open,4.0
VEL-05349,2024,auto_liability,B,217000.0,0,25000.0,1000000.0,9,17267.0,15901.0,7935.0,7966.0,False,open,1.0
VEL-05350,2024,physical_damage,B,288000.0,3,25000.0,2000000.0,12,15182.0,14271.0,9490.0,4781.0,False,open,6.0
VEL-05351,2024,auto_liability,C,207000.0,1,25000.0,2000000.0,8,9343.0,10222.0,4021.0,6201.0,False,open,20.0
VEL-05352,2024,auto_liability,B,487000.0,4,25000.0,2000000.0,7,3130.0,3313.0,999.0,2314.0,False,open,20.0
VEL-05353,2024,workers_comp,D,319000.0,3,5000.0,1000000.0,10,26170.0,24143.0,12043.0,12100.0,False,open,24.0
VEL-05354,2024,auto_liability,B,136000.0,3,10000.0,2000000.0,7,1921.0,2001.0,737.0,1264.0,False,open,5.0
VEL-05355,2024,auto_liability,D,192000.0,1,25000.0,1000000.0,9,3860.0,3771.0,1694.0,2077.0,False,open,30.0
VEL-05356,2024,auto_liability,B,249000.0,2,5000.0,1000000.0,5,1848.0,1819.0,489.0,1330.0,False,open,43.0
VEL-05357,2024,cargo,D,106000.0,5,10000.0,2000000.0,10,12343.0,11277.0,6578.0,4699.0,False,open,16.0
VEL-05358,2024,auto_liability,C,184000.0,0,25000.0,1000000.0,12,4893.0,4944.0,3035.0,1909.0,False,open,29.0
VEL-05359,2024,auto_liability,A,350000.0,3,25000.0,2000000.0,7,2163.0,2391.0,763.0,1628.0,False,open,50.0
VEL-05360,2024,physical_damage,C,117000.0,1,10000.0,1000000.0,4,3069.0,2958.0,617.0,2341.0,False,open,37.0
VEL-05361,2024,cargo,C,445000.0,0,5000.0,2000000.0,2,76798.0,78456.0,8366.0,70090.0,False,open,56.0
VEL-05362,2024,cargo,A,213000.0,1,10000.0,2000000.0,7,16956.0,16695.0,6428.0,10267.0,False,open,22.0
VEL-05363,2024,cargo,A,354000.0,2,10000.0,1000000.0,6,11781.0,11169.0,3565.0,7604.0,False,open,25.0
VEL-05364,2024,physical_damage,B,183000.0,3,5000.0,1000000.0,7,5421.0,5914.0,1946.0,3968.0,False,open,10.0
VEL-05365,2024,auto_liability,D,75000.0,1,5000.0,1000000.0,5,5335.0,5692.0,1379.0,4313.0,False,open,29.0
VEL-05366,2024,cargo,A,152000.0,1,25000.0,2000000.0,3,4732.0,4369.0,654.0,3715.0,False,open,16.0
VEL-05367,2024,auto_liability,A,323000.0,2,5000.0,2000000.0,3,10439.0,9561.0,1636.0,7925.0,False,open,13.0
VEL-05368,2024,cargo,B,311000.0,0,5000.0,1000000.0,2,9136.0,9074.0,854.0,8220.0,False,open,40.0
VEL-05369,2024,auto_liability,B,351000.0,1,5000.0,2000000.0,10,4584.0,5133.0,2169.0,2964.0,False,open,11.0
VEL-05370,2024,auto_liability,D,149000.0,2,5000.0,1000000.0,12,8914.0,9107.0,20506.24832018249,4219.0,False,open,193.0
VEL-05371,2024,workers_comp,A,228000.0,0,25000.0,1000000.0,7,26065.0,28517.0,8806.0,19711.0,False,open,10.0
VEL-05372,2024,cargo,B,319000.0,2,25000.0,2000000.0,8,4963.0,5308.0,1860.0,3448.0,False,open,30.0
VEL-05373,2024,cargo,B,115000.0,0,10000.0,2000000.0,6,8353.0,7631.0,2514.0,5117.0,False,open,3.0
VEL-05374,2024,physical_damage,B,139000.0,2,5000.0,1000000.0,8,3872.0,4212.0,1596.0,2616.0,True,open,33.0
VEL-05375,2024,auto_liability,B,126000.0,2,10000.0,1000000.0,2,10238.0,9512.0,933.0,8579.0,False,open,12.0
VEL-05376,2024,physical_damage,A,391000.0,3,25000.0,2000000.0,12,8169.0,7992.0,4879.0,3113.0,False,open,29.0
VEL-05377,2024,physical_damage,B,198000.0,1,5000.0,2000000.0,12,5860.0,5861.0,3541.0,2320.0,False,open,18.0
VEL-05378,2024,auto_liability,A,188000.0,3,10000.0,1000000.0,4,2405.0,2237.0,498.0,1739.0,False,open,31.0
VEL-05379,2024,cargo,A,62000.0,0,10000.0,1000000.0,5,18474.0,17031.0,4465.0,12566.0,False,open,4.0
VEL-05380,2024,workers_comp,A,318000.0,4,10000.0,2000000.0,10,41228.0,43016.0,18963.0,24053.0,False,open,26.0
VEL-05381,2024,physical_damage,A,124000.0,0,5000.0,1000000.0,6,5804.0,6409.0,1619.0,4790.0,False,open,52.0
VEL-05382,2024,physical_damage,A,183000.0,0,25000.0,1000000.0,5,6584.0,7179.0,1634.0,5545.0,False,open,16.0
VEL-05383,2024,auto_liability,A,159000.0,0,5000.0,1000000.0,3,3665.0,3433.0,540.0,2893.0,False,open,11.0
VEL-05384,2024,auto_liability,B,196000.0,1,5000.0,2000000.0,7,10007.0,10151.0,3393.0,6758.0,False,open,30.0
VEL-05385,2024,physical_damage,C,285000.0,2,10000.0,2000000.0,1,10194.0,9914.0,533.0,9381.0,False,open,3.0
VEL-05386,2024,physical_damage,D,196000.0,1,25000.0,1000000.0,10,13165.0,13445.0,7089.0,6356.0,True,open,36.0
VEL-05387,2024,physical_damage,C,95000.0,1,10000.0,2000000.0,2,26697.0,29561.0,2898.0,26663.0,False,open,17.0
VEL-05388,2024,physical_damage,B,202000.0,1,10000.0,1000000.0,2,11496.0,11268.0,1062.0,10206.0,False,open,12.0
VEL-05389,2024,cargo,C,374000.0,2,10000.0,2000000.0,9,9587.0,9511.0,4313.0,5198.0,False,open,18.0
VEL-05390,2024,physical_damage,B,256000.0,0,5000.0,2000000.0,10,9580.0,10036.0,4974.0,5062.0,False,open,14.0
VEL-05391,2024,physical_damage,A,253000.0,2,25000.0,1000000.0,8,5312.0,5234.0,2077.0,3157.0,False,open,19.0
VEL-05392,2024,physical_damage,B,121000.0,3,5000.0,2000000.0,3,13359.0,12047.0,2158.0,9889.0,False,open,5.0
VEL-05393,2024,auto_liability,A,184000.0,1,25000.0,2000000.0,8,3308.0,3461.0,1418.0,2043.0,False,open,59.0
VEL-05394,2024,cargo,B,247000.0,2,10000.0,1000000.0,9,7457.0,7700.0,3520.0,4180.0,False,open,19.0
VEL-05395,2024,auto_liability,B,188000.0,1,25000.0,2000000.0,1,2297.0,2457.0,124.0,2333.0,False,open,42.0
VEL-05396,2024,auto_liability,A,389000.0,1,5000.0,1000000.0,11,24039.0,21788.0,14681.0,7107.0,False,open,38.0
VEL-05397,2024,physical_damage,D,522000.0,4,25000.0,1000000.0,4,3376.0,3579.0,711.0,2868.0,False,open,21.0
VEL-05398,2024,cargo,B,171000.0,1,25000.0,1000000.0,2,5213.0,5569.0,478.0,5091.0,False,open,15.0
VEL-05399,2024,cargo,C,68000.0,1,10000.0,1000000.0,6,7228.0,6549.0,2202.0,4347.0,False,open,33.0
VEL-05400,2024,auto_liability,B,49000.0,2,25000.0,1000000.0,5,6149.0,6689.0,1652.0,5037.0,False,open,20.0
VEL-05401,2024,cargo,C,189000.0,3,5000.0,2000000.0,3,18916.0,21177.0,2810.0,18367.0,False,open,10.0
VEL-05402,2024,physical_damage,B,144000.0,1,5000.0,2000000.0,1,4411.0,4408.0,233.0,4175.0,False,open,13.0
VEL-05403,2024,physical_damage,B,167000.0,2,10000.0,1000000.0,6,3922.0,4373.0,1161.0,3212.0,False,open,32.0
VEL-05404,2024,auto_liability,B,188000.0,1,10000.0,2000000.0,3,6116.0,5736.0,948.0,4788.0,False,open,73.0
VEL-05405,2024,cargo,B,198000.0,0,10000.0,2000000.0,2,1449.0,1381.0,140.0,1241.0,False,open,76.0
VEL-05406,2024,auto_liability,B,215000.0,0,5000.0,2000000.0,7,6510.0,6725.0,2354.0,4371.0,False,open,33.0
VEL-05407,2024,cargo,B,145000.0,1,5000.0,2000000.0,2,22344.0,24884.0,2259.0,22625.0,True,open,2.0
VEL-05408,2024,cargo,B,275000.0,0,5000.0,2000000.0,11,35363.0,32231.0,17745.0,14486.0,False,open,45.0
VEL-05409,2024,auto_liability,B,406000.0,0,25000.0,2000000.0,11,13371.0,13454.0,7557.0,5897.0,False,open,33.0
VEL-05410,2024,workers_comp,D,89000.0,3,10000.0,1000000.0,11,42356.0,40636.0,22629.0,18007.0,False,open,43.0
VEL-05411,2024,cargo,A,153000.0,0,25000.0,2000000.0,10,3320.0,3109.0,1496.0,1613.0,False,open,12.0
VEL-05412,2024,physical_damage,A,214000.0,1,10000.0,2000000.0,6,4194.0,4038.0,1319.0,2719.0,False,open,20.0
VEL-05413,2024,auto_liability,C,110000.0,2,25000.0,2000000.0,12,5497.0,5846.0,3091.0,2755.0,False,open,3.0
VEL-05414,2024,auto_liability,B,157000.0,3,5000.0,1000000.0,1,2900.0,3122.0,131.0,2991.0,False,open,11.0
VEL-05415,2024,physical_damage,B,165000.0,1,25000.0,2000000.0,5,15246.0,15241.0,3826.0,11415.0,False,open,35.0
VEL-05416,2024,workers_comp,A,213000.0,1,10000.0,2000000.0,12,17744.0,18645.0,11446.0,7199.0,False,open,96.0
VEL-05417,2024,auto_liability,C,496000.0,1,10000.0,2000000.0,1,2826.0,2986.0,134.0,2852.0,False,open,15.0
VEL-05418,2024,auto_liability,A,232000.0,2,25000.0,1000000.0,11,3496.0,3768.0,2073.0,1695.0,False,open,33.0
VEL-05419,2024,physical_damage,B,145000.0,1,25000.0,1000000.0,9,10730.0,10860.0,4992.0,5868.0,False,open,27.0
VEL-05420,2024,physical_damage,A,291000.0,1,10000.0,1000000.0,9,38315.0,35800.0,16396.0,19404.0,False,open,31.0
VEL-05421,2024,physical_damage,B,486000.0,1,25000.0,2000000.0,12,3922.0,4068.0,2122.0,1946.0,False,open,1.0
VEL-05422,2024,cargo,C,334000.0,3,25000.0,1000000.0,10,6817.0,7110.0,3665.0,3445.0,False,open,14.0
VEL-05423,2024,cargo,D,142000.0,2,10000.0,1000000.0,12,26697.0,26539.0,17352.0,9187.0,False,open,13.0
VEL-05424,2024,cargo,B,128000.0,1,5000.0,1000000.0,4,6761.0,6680.0,1311.0,5369.0,True,open,12.0
VEL-05425,2024,cargo,B,191000.0,1,5000.0,1000000.0,6,12261.0,13454.0,3906.0,9548.0,False,open,7.0
VEL-05426,2024,auto_liability,A,137000.0,0,10000.0,1000000.0,8,14180.0,12846.0,6228.0,6618.0,False,open,32.0
VEL-05427,2024,auto_liability,C,162000.0,3,10000.0,2000000.0,4,7198.0,6935.0,1466.0,5469.0,False,open,18.0
VEL-05428,2024,physical_damage,B,55000.0,2,25000.0,2000000.0,2,2823.0,2687.0,273.0,2414.0,False,open,13.0
VEL-05429,2024,auto_liability,B,205000.0,2,5000.0,1000000.0,4,9014.0,8615.0,1952.0,6663.0,False,open,33.0
VEL-05430,2024,physical_damage,B,105000.0,1,25000.0,1000000.0,9,4590.0,4627.0,2171.0,2456.0,False,open,2.0
VEL-05431,2024,physical_damage,A,111000.0,2,10000.0,1000000.0,5,6740.0,7516.0,1715.0,5801.0,False,open,24.0
VEL-05432,2024,physical_damage,D,150000.0,1,10000.0,1000000.0,5,21471.0,19610.0,5449.0,14161.0,True,open,41.0
VEL-05433,2024,auto_liability,A,147000.0,0,25000.0,2000000.0,2,1797.0,1992.0,176.0,1816.0,False,open,21.0
VEL-05434,2024,auto_liability,B,165000.0,0,10000.0,1000000.0,8,8826.0,9710.0,3311.0,6399.0,False,open,11.0
VEL-05435,2024,cargo,D,256000.0,2,25000.0,1000000.0,4,22227.0,22046.0,3973.0,18073.0,False,open,7.0
VEL-05436,2024,auto_liability,C,211000.0,1,25000.0,1000000.0,3,6583.0,6363.0,997.0,5366.0,False,open,1.0
VEL-05437,2024,auto_liability,B,820000.0,4,10000.0,1000000.0,1,18284.0,20400.0,911.0,19489.0,False,open,7.0
VEL-05438,2024,auto_liability,D,126000.0,2,5000.0,1000000.0,11,14832.0,13845.0,7684.0,6161.0,False,open,19.0
VEL-05439,2024,auto_liability,B,233000.0,4,25000.0,1000000.0,11,11057.0,10669.0,6049.0,4620.0,False,open,13.0
VEL-05440,2024,physical_damage,A,216000.0,1,25000.0,2000000.0,8,9713.0,9479.0,3721.0,5758.0,False,open,61.0
VEL-05441,2024,auto_liability,A,69000.0,0,10000.0,1000000.0,12,6245.0,5832.0,4058.0,1774.0,False,open,23.0
VEL-05442,2024,cargo,A,312000.0,0,10000.0,1000000.0,10,1969.0,2195.0,1029.0,1166.0,False,open,16.0
VEL-05443,2024,auto_liability,D,280000.0,1,5000.0,2000000.0,5,8474.0,7821.0,2335.0,5486.0,False,open,37.0
VEL-05444,2024,auto_liability,B,126000.0,0,10000.0,2000000.0,1,1796.0,1954.0,98.0,1856.0,False,open,10.0
VEL-05445,2024,workers_comp,A,211000.0,0,25000.0,2000000.0,9,45555.0,41849.0,20104.0,21745.0,False,open,88.0
VEL-05446,2024,physical_damage,B,175000.0,0,5000.0,1000000.0,6,6993.0,7148.0,2259.0,4889.0,False,open,55.0
VEL-05447,2024,auto_liability,D,360000.0,1,10000.0,2000000.0,9,17294.0,18209.0,7953.0,10256.0,False,open,35.0
VEL-05448,2024,workers_comp,A,127000.0,0,25000.0,1000000.0,1,4580.0,4718.0,249.0,4469.0,False,open,22.0
VEL-05449,2024,physical_damage,B,176000.0,1,5000.0,1000000.0,3,4064.0,4468.0,579.0,3889.0,False,open,23.0
VEL-05450,2024,physical_damage,B,111000.0,0,25000.0,2000000.0,4,13203.0,12735.0,2415.0,10320.0,False,open,28.0
VEL-05451,2024,physical_damage,B,194000.0,2,10000.0,1000000.0,11,3902.0,3634.0,1936.0,1698.0,False,open,20.0
VEL-05452,2024,auto_liability,D,116000.0,5,10000.0,2000000.0,8,14845.0,13974.0,6372.0,7602.0,False,open,39.0
VEL-05453,2024,auto_liability,C,55000.0,1,10000.0,1000000.0,5,37532.0,42031.0,8792.0,33239.0,False,open,10.0
VEL-05454,2024,auto_liability,B,104000.0,0,5000.0,2000000.0,7,2155.0,1951.0,728.0,1223.0,False,open,11.0
VEL-05455,2024,auto_liability,B,69000.0,2,10000.0,1000000.0,11,5413.0,5092.0,2841.0,2251.0,False,open,18.0
VEL-05456,2024,auto_liability,C,247000.0,0,25000.0,2000000.0,7,9769.0,10881.0,3711.0,7170.0,False,open,53.0
VEL-05457,2024,workers_comp,C,181000.0,5,25000.0,2000000.0,7,5427.0,5718.0,1693.0,4025.0,False,open,40.0
VEL-05458,2024,auto_liability,A,155000.0,0,25000.0,2000000.0,10,3969.0,3738.0,2059.0,1679.0,False,open,57.0
VEL-05459,2024,physical_damage,C,171000.0,1,5000.0,1000000.0,7,29026.0,29194.0,10871.0,18323.0,False,open,22.0
VEL-05460,2024,physical_damage,B,184000.0,3,10000.0,2000000.0,12,2821.0,3031.0,1692.0,1339.0,False,open,22.0
VEL-05461,2024,physical_damage,B,118000.0,1,5000.0,2000000.0,9,5007.0,4619.0,2264.0,2355.0,False,open,15.0
VEL-05462,2024,cargo,C,198000.0,2,10000.0,2000000.0,5,4038.0,3664.0,1082.0,2582.0,False,open,63.0
VEL-05463,2024,auto_liability,A,313000.0,0,10000.0,1000000.0,4,8607.0,9373.0,1562.0,7811.0,False,open,38.0
VEL-05464,2024,physical_damage,A,124000.0,0,10000.0,2000000.0,10,3209.0,3085.0,1753.0,1332.0,False,open,14.0
VEL-05465,2024,auto_liability,A,104000.0,0,25000.0,1000000.0,4,1634.0,1575.0,304.0,1271.0,False,open,1.0
VEL-05466,2024,auto_liability,B,347000.0,3,25000.0,2000000.0,8,3656.0,3931.0,1529.0,2402.0,False,open,8.0
VEL-05467,2024,physical_damage,B,212000.0,1,10000.0,1000000.0,8,4584.0,5103.0,1819.0,3284.0,False,open,6.0
VEL-05468,2024,auto_liability,D,387000.0,1,10000.0,1000000.0,7,33252.0,33659.0,69632.79792672668,21943.0,False,open,238.0
VEL-05469,2024,workers_comp,A,254000.0,1,5000.0,1000000.0,5,1275.0,1244.0,315.0,929.0,False,open,7.0
VEL-05470,2024,workers_comp,B,150000.0,1,5000.0,1000000.0,10,50497.0,54590.0,23041.0,31549.0,False,open,22.0
VEL-05471,2024,physical_damage,D,403000.0,2,10000.0,1000000.0,11,8846.0,9577.0,5000.0,4577.0,False,open,8.0
VEL-05472,2024,cargo,B,384000.0,0,10000.0,2000000.0,9,7868.0,8143.0,3154.0,4989.0,False,open,27.0
VEL-05473,2024,physical_damage,B,65000.0,2,5000.0,2000000.0,5,12169.0,11893.0,3053.0,8840.0,False,open,23.0
VEL-05474,2024,auto_liability,B,232000.0,1,5000.0,2000000.0,12,10642.0,10950.0,6960.0,3990.0,False,open,22.0
VEL-05475,2024,auto_liability,B,231000.0,3,5000.0,2000000.0,2,4322.0,4054.0,397.0,3657.0,False,open,11.0
VEL-05476,2024,cargo,A,211000.0,0,5000.0,1000000.0,9,4253.0,4637.0,1772.0,2865.0,False,open,26.0
VEL-05477,2024,auto_liability,B,292000.0,1,25000.0,2000000.0,5,3649.0,3653.0,948.0,2705.0,False,open,20.0
VEL-05478,2024,cargo,B,170000.0,1,25000.0,2000000.0,4,5146.0,4915.0,992.0,3923.0,False,open,28.0
VEL-05479,2024,physical_damage,B,147000.0,1,10000.0,2000000.0,9,5263.0,5391.0,2494.0,2897.0,False,open,15.0
VEL-05480,2024,auto_liability,A,245000.0,0,25000.0,2000000.0,11,1869.0,1741.0,1127.0,614.0,False,open,13.0
VEL-05481,2024,auto_liability,C,207000.0,1,5000.0,1000000.0,7,3938.0,3663.0,1433.0,2230.0,False,open,12.0
VEL-05482,2024,physical_damage,B,71000.0,0,25000.0,1000000.0,12,6761.0,6641.0,4132.0,2509.0,False,open,12.0
VEL-05483,2024,cargo,B,209000.0,0,10000.0,1000000.0,10,4055.0,4225.0,2229.0,1996.0,False,open,26.0
VEL-05484,2024,physical_damage,A,81000.0,0,10000.0,1000000.0,4,3868.0,3993.0,835.0,3158.0,False,open,7.0
VEL-05485,2024,workers_comp,B,269000.0,1,5000.0,1000000.0,7,10532.0,9841.0,3495.0,6346.0,False,open,6.0
VEL-05486,2024,auto_liability,A,119000.0,1,25000.0,1000000.0,6,3167.0,3447.0,980.0,2467.0,False,open,12.0
VEL-05487,2024,physical_damage,A,165000.0,0,25000.0,1000000.0,9,2741.0,3034.0,1126.0,1908.0,False,open,44.0
VEL-05488,2024,auto_liability,C,116000.0,3,5000.0,1000000.0,7,2527.0,2534.0,5252.901875620426,1567.0,False,open,213.0
VEL-05489,2024,physical_damage,A,111000.0,2,10000.0,2000000.0,9,9582.0,9995.0,4654.0,5341.0,False,open,17.0
VEL-05490,2024,physical_damage,A,567000.0,0,5000.0,2000000.0,4,5692.0,5174.0,1146.0,4028.0,False,open,7.0
VEL-05491,2024,auto_liability,A,191000.0,0,25000.0,1000000.0,10,4809.0,4500.0,8287.739336421404,1860.0,False,open,153.0
VEL-05492,2024,cargo,B,214000.0,0,25000.0,1000000.0,5,34196.0,32120.0,9351.0,22769.0,False,open,7.0
VEL-05493,2024,physical_damage,B,341000.0,1,5000.0,2000000.0,2,2204.0,2212.0,236.0,1976.0,False,open,2.0
VEL-05494,2024,physical_damage,B,272000.0,0,25000.0,1000000.0,1,16690.0,16138.0,755.0,15383.0,False,open,54.0
VEL-05495,2024,physical_damage,C,103000.0,0,5000.0,2000000.0,1,22437.0,20601.0,1238.0,19363.0,False,open,45.0
VEL-05496,2024,workers_comp,B,118000.0,0,25000.0,1000000.0,10,27547.0,29878.0,15255.0,14623.0,False,open,53.0
VEL-05497,2024,physical_damage,A,81000.0,0,10000.0,1000000.0,11,3675.0,4080.0,1853.0,2227.0,False,open,23.0
VEL-05498,2024,auto_liability,D,115000.0,0,5000.0,1000000.0,2,2887.0,3202.0,300.0,2902.0,False,open,18.0
VEL-05499,2024,auto_liability,B,152000.0,1,25000.0,1000000.0,8,12017.0,12174.0,4912.0,7262.0,False,open,6.0
VEL-05500,2024,auto_liability,B,325000.0,2,10000.0,2000000.0,7,11183.0,11885.0,3535.0,8350.0,False,open,24.0
VEL-05501,2024,workers_comp,C,201000.0,2,10000.0,2000000.0,6,31844.0,32429.0,8875.0,23554.0,True,open,3.0
VEL-05502,2024,physical_damage,C,252000.0,1,25000.0,1000000.0,2,12794.0,11692.0,1405.0,10287.0,False,open,46.0
VEL-05503,2024,auto_liability,B,119000.0,1,25000.0,1000000.0,2,8157.0,9064.0,840.0,8224.0,True,open,29.0
VEL-05504,2024,physical_damage,B,189000.0,1,5000.0,2000000.0,5,13678.0,13167.0,31540.63784782089,9875.0,False,open,302.0
VEL-05505,2024,auto_liability,C,413000.0,0,5000.0,2000000.0,4,31902.0,33104.0,6487.0,26617.0,False,open,19.0
VEL-05506,2024,physical_damage,A,140000.0,2,25000.0,2000000.0,5,3839.0,4176.0,878.0,3298.0,False,open,18.0
VEL-05507,2024,physical_damage,B,204000.0,1,10000.0,1000000.0,6,17815.0,18960.0,5441.0,13519.0,False,open,15.0
VEL-05508,2024,cargo,B,256000.0,0,5000.0,1000000.0,10,5423.0,4982.0,2756.0,2226.0,False,open,7.0
VEL-05509,2024,physical_damage,B,121000.0,0,25000.0,2000000.0,3,10480.0,9567.0,1452.0,8115.0,False,open,4.0
VEL-05510,2024,auto_liability,B,194000.0,1,10000.0,1000000.0,10,6820.0,7044.0,3155.0,3889.0,False,open,9.0
VEL-05511,2024,auto_liability,A,418000.0,2,10000.0,2000000.0,3,14955.0,13505.0,2190.0,11315.0,False,open,27.0
VEL-05512,2024,physical_damage,B,162000.0,1,10000.0,1000000.0,12,14457.0,14979.0,8730.0,6249.0,True,open,73.0
VEL-05513,2024,auto_liability,B,334000.0,1,25000.0,2000000.0,7,10609.0,10085.0,3914.0,6171.0,False,open,16.0
VEL-05514,2024,auto_liability,A,161000.0,0,10000.0,1000000.0,9,2210.0,2333.0,885.0,1448.0,False,open,9.0
VEL-05515,2024,cargo,B,206000.0,0,5000.0,1000000.0,5,104573.0,116832.0,26648.0,90184.0,False,open,9.0
VEL-05516,2024,physical_damage,D,245000.0,3,25000.0,1000000.0,5,7470.0,7740.0,1924.0,5816.0,False,open,38.0
VEL-05517,2024,physical_damage,D,160000.0,3,10000.0,1000000.0,3,12387.0,11824.0,1800.0,10024.0,False,open,35.0
VEL-05518,2024,cargo,A,176000.0,0,5000.0,2000000.0,3,10505.0,10214.0,1422.0,8792.0,False,open,24.0
VEL-05519,2024,cargo,C,215000.0,1,10000.0,1000000.0,1,15591.0,14307.0,737.0,13570.0,False,open,18.0
VEL-05520,2024,auto_liability,B,183000.0,0,10000.0,2000000.0,8,4482.0,4463.0,1915.0,2548.0,False,open,14.0
VEL-05521,2024,physical_damage,B,221000.0,0,25000.0,1000000.0,5,4015.0,3916.0,1004.0,2912.0,False,open,3.0
VEL-05522,2024,physical_damage,A,167000.0,0,10000.0,1000000.0,5,2671.0,2734.0,739.0,1995.0,False,open,22.0
VEL-05523,2024,auto_liability,A,293000.0,1,25000.0,1000000.0,10,698.0,775.0,361.0,414.0,False,open,28.0
VEL-05524,2024,workers_comp,A,134000.0,1,5000.0,2000000.0,7,15616.0,14588.0,5572.0,9016.0,False,open,28.0
VEL-05525,2024,auto_liability,C,123000.0,0,25000.0,2000000.0,10,4901.0,4832.0,2421.0,2411.0,False,open,9.0
VEL-05526,2024,auto_liability,A,296000.0,2,5000.0,2000000.0,9,4974.0,4689.0,2474.0,2215.0,False,open,13.0
VEL-05527,2024,auto_liability,B,339000.0,0,10000.0,2000000.0,11,5765.0,5243.0,3159.0,2084.0,False,open,19.0
VEL-05528,2024,cargo,D,172000.0,2,25000.0,1000000.0,6,13640.0,13586.0,3803.0,9783.0,False,open,4.0
VEL-05529,2024,cargo,C,220000.0,2,5000.0,1000000.0,5,8761.0,9362.0,2082.0,7280.0,False,open,29.0
VEL-05530,2024,auto_liability,B,261000.0,3,25000.0,1000000.0,11,9291.0,9436.0,5069.0,4367.0,False,open,14.0
VEL-05531,2024,auto_liability,C,258000.0,3,10000.0,2000000.0,7,26343.0,26106.0,8500.0,17606.0,False,open,16.0
VEL-05532,2024,auto_liability,C,118000.0,1,10000.0,2000000.0,10,7777.0,8516.0,3831.0,4685.0,False,open,16.0
VEL-05533,2024,auto_liability,A,196000.0,0,5000.0,1000000.0,3,2636.0,2761.0,352.0,2409.0,False,open,19.0
VEL-05534,2024,auto_liability,B,211000.0,0,10000.0,1000000.0,4,1970.0,2065.0,406.0,1659.0,False,open,16.0
VEL-05535,2024,auto_liability,C,106000.0,3,25000.0,1000000.0,10,2946.0,2947.0,1470.0,1477.0,False,open,23.0
VEL-05536,2024,physical_damage,C,431000.0,2,10000.0,1000000.0,5,6780.0,7370.0,1604.0,5766.0,False,open,36.0
VEL-05537,2024,physical_damage,B,265000.0,5,5000.0,2000000.0,5,2109.0,2257.0,528.0,1729.0,False,open,22.0
VEL-05538,2024,physical_damage,A,378000.0,0,5000.0,2000000.0,7,2100.0,1901.0,804.0,1097.0,False,open,29.0
VEL-05539,2024,physical_damage,C,269000.0,2,25000.0,1000000.0,12,5068.0,5385.0,2989.0,2396.0,False,open,12.0
VEL-05540,2024,cargo,C,255000.0,1,10000.0,1000000.0,6,21110.0,20453.0,6170.0,14283.0,False,open,59.0
VEL-05541,2024,workers_comp,B,163000.0,2,10000.0,1000000.0,10,14364.0,13578.0,7488.0,6090.0,True,open,23.0
VEL-05542,2024,auto_liability,A,121000.0,1,25000.0,1000000.0,12,2538.0,2636.0,4226.617822594256,1273.0,False,open,332.0
VEL-05543,2024,physical_damage,B,187000.0,1,10000.0,2000000.0,8,10480.0,11289.0,3750.0,7539.0,False,open,13.0
VEL-05544,2024,auto_liability,A,65000.0,1,10000.0,1000000.0,10,5296.0,5863.0,2671.0,3192.0,True,open,49.0
VEL-05545,2024,physical_damage,A,339000.0,2,5000.0,1000000.0,10,6936.0,6720.0,3722.0,2998.0,False,open,19.0
VEL-05546,2024,auto_liability,B,232000.0,1,10000.0,1000000.0,12,4871.0,5455.0,2705.0,2750.0,False,open,19.0
VEL-05547,2024,cargo,D,141000.0,1,25000.0,1000000.0,1,6997.0,6854.0,385.0,6469.0,False,open,28.0
VEL-05548,2024,physical_damage,A,148000.0,1,5000.0,1000000.0,4,7184.0,7902.0,1279.0,6623.0,False,open,18.0
VEL-05549,2024,physical_damage,D,166000.0,3,5000.0,1000000.0,11,17229.0,16357.0,10385.0,5972.0,False,open,17.0
VEL-05550,2024,auto_liability,C,192000.0,2,10000.0,1000000.0,11,16809.0,16565.0,9192.0,7373.0,False,open,66.0
VEL-05551,2024,workers_comp,A,96000.0,3,25000.0,1000000.0,11,8289.0,7992.0,4124.0,3868.0,False,open,48.0
VEL-05552,2024,auto_liability,B,92000.0,1,5000.0,1000000.0,8,3927.0,4183.0,1734.0,2449.0,False,open,2.0
VEL-05553,2024,auto_liability,A,344000.0,3,25000.0,1000000.0,8,11064.0,12000.0,4503.0,7497.0,False,open,49.0
VEL-05554,2024,auto_liability,C,129000.0,1,5000.0,2000000.0,12,5468.0,5875.0,3413.0,2462.0,False,open,45.0
VEL-05555,2024,auto_liability,A,182000.0,0,25000.0,2000000.0,7,6068.0,6075.0,1903.0,4172.0,False,open,15.0
VEL-05556,2024,workers_comp,B,335000.0,0,5000.0,2000000.0,3,42628.0,46749.0,6055.0,40694.0,False,open,47.0
VEL-05557,2024,auto_liability,A,137000.0,0,10000.0,1000000.0,11,1946.0,1817.0,1072.0,745.0,False,open,25.0
VEL-05558,2024,workers_comp,A,329000.0,1,10000.0,2000000.0,2,5881.0,6266.0,523.0,5743.0,False,open,27.0
VEL-05559,2024,physical_damage,A,227000.0,2,10000.0,1000000.0,10,14718.0,13555.0,7667.0,5888.0,False,open,29.0
VEL-05560,2024,physical_damage,C,241000.0,1,25000.0,2000000.0,1,33045.0,33456.0,1687.0,31769.0,False,open,20.0
VEL-05561,2024,physical_damage,A,84000.0,1,5000.0,2000000.0,1,3958.0,3837.0,206.0,3631.0,False,open,79.0
VEL-05562,2024,auto_liability,A,121000.0,0,25000.0,2000000.0,6,10302.0,11127.0,3267.0,7860.0,False,open,26.0
VEL-05563,2024,auto_liability,B,148000.0,0,25000.0,1000000.0,11,5016.0,5484.0,2932.0,2552.0,False,open,26.0
VEL-05564,2024,auto_liability,B,301000.0,1,25000.0,1000000.0,7,12375.0,13699.0,4802.0,8897.0,False,open,6.0
VEL-05565,2024,cargo,A,146000.0,1,25000.0,2000000.0,3,15950.0,15570.0,2618.0,12952.0,False,open,30.0
VEL-05566,2024,workers_comp,C,152000.0,2,25000.0,1000000.0,7,22266.0,21647.0,7619.0,14028.0,False,open,3.0
VEL-05567,2024,physical_damage,D,241000.0,2,5000.0,1000000.0,3,24772.0,25169.0,3462.0,21707.0,False,open,59.0
VEL-05568,2024,auto_liability,B,564000.0,4,10000.0,1000000.0,12,27523.0,28521.0,15688.0,12833.0,False,open,3.0
VEL-05569,2024,cargo,A,263000.0,1,10000.0,1000000.0,5,15639.0,15084.0,3804.0,11280.0,False,open,7.0
VEL-05570,2024,physical_damage,D,230000.0,2,5000.0,2000000.0,3,17806.0,17748.0,2424.0,15324.0,False,open,7.0
VEL-05571,2024,auto_liability,B,187000.0,0,10000.0,1000000.0,3,1138.0,1261.0,174.0,1087.0,False,open,48.0
VEL-05572,2024,cargo,B,107000.0,1,10000.0,1000000.0,2,37275.0,38364.0,3491.0,34873.0,True,open,6.0
VEL-05573,2024,auto_liability,A,251000.0,1,5000.0,1000000.0,6,997.0,1057.0,282.0,775.0,False,open,29.0
VEL-05574,2024,auto_liability,A,116000.0,0,25000.0,2000000.0,9,1031.0,974.0,439.0,535.0,False,open,21.0
VEL-05575,2024,cargo,C,58000.0,4,5000.0,1000000.0,3,3560.0,3595.0,484.0,3111.0,False,open,20.0
VEL-05576,2024,auto_liability,A,165000.0,0,10000.0,2000000.0,2,4515.0,4692.0,421.0,4271.0,False,open,31.0
VEL-05577,2024,auto_liability,B,308000.0,2,5000.0,2000000.0,11,7274.0,7633.0,4285.0,3348.0,False,open,29.0
VEL-05578,2024,auto_liability,B,140000.0,1,5000.0,2000000.0,6,13148.0,13076.0,3898.0,9178.0,False,open,2.0
VEL-05579,2024,auto_liability,B,217000.0,2,10000.0,2000000.0,10,7030.0,6630.0,3530.0,3100.0,False,open,8.0
VEL-05580,2024,workers_comp,C,249000.0,4,5000.0,1000000.0,10,3731.0,3698.0,1947.0,1751.0,False,open,14.0
VEL-05581,2024,auto_liability,B,323000.0,3,5000.0,2000000.0,6,7129.0,6567.0,2276.0,4291.0,True,open,30.0
VEL-05582,2024,physical_damage,A,216000.0,0,25000.0,2000000.0,8,9731.0,10746.0,3979.0,6767.0,False,open,3.0
VEL-05583,2024,physical_damage,A,164000.0,1,5000.0,1000000.0,5,3565.0,3512.0,894.0,2618.0,False,open,27.0
VEL-05584,2024,auto_liability,C,258000.0,3,10000.0,1000000.0,6,17412.0,17021.0,5074.0,11947.0,False,open,30.0
VEL-05585,2024,auto_liability,B,172000.0,0,10000.0,1000000.0,2,2917.0,2916.0,304.0,2612.0,False,open,27.0
VEL-05586,2024,physical_damage,A,271000.0,1,5000.0,1000000.0,2,9383.0,10474.0,854.0,9620.0,False,open,12.0
VEL-05587,2024,physical_damage,B,219000.0,1,25000.0,1000000.0,6,3563.0,3697.0,1055.0,2642.0,False,open,14.0
VEL-05588,2024,physical_damage,B,263000.0,1,5000.0,1000000.0,10,8541.0,8901.0,4427.0,4474.0,False,open,24.0
VEL-05589,2024,auto_liability,B,135000.0,1,5000.0,1000000.0,11,16035.0,15313.0,8035.0,7278.0,False,open,57.0
VEL-05590,2024,physical_damage,A,250000.0,0,5000.0,1000000.0,12,13076.0,13749.0,7399.0,6350.0,False,open,8.0
VEL-05591,2024,auto_liability,B,256000.0,1,5000.0,2000000.0,1,5639.0,5253.0,293.0,4960.0,False,open,34.0
VEL-05592,2024,cargo,D,167000.0,1,25000.0,2000000.0,8,32909.0,30843.0,14032.0,16811.0,False,open,28.0
VEL-05593,2024,workers_comp,C,109000.0,3,10000.0,2000000.0,7,6925.0,7322.0,2362.0,4960.0,False,open,51.0
VEL-05594,2024,auto_liability,B,84000.0,2,25000.0,2000000.0,5,23137.0,22916.0,6305.0,16611.0,False,open,19.0
VEL-05595,2024,physical_damage,A,84000.0,0,10000.0,2000000.0,6,11286.0,11611.0,3110.0,8501.0,False,open,27.0
VEL-05596,2024,auto_liability,B,240000.0,1,10000.0,2000000.0,8,3721.0,3448.0,1461.0,1987.0,False,open,27.0
VEL-05597,2024,auto_liability,D,186000.0,1,5000.0,2000000.0,6,3348.0,3173.0,1050.0,2123.0,False,open,36.0
VEL-05598,2024,physical_damage,B,202000.0,1,10000.0,1000000.0,4,8586.0,7833.0,1561.0,6272.0,False,open,13.0
VEL-05599,2024,auto_liability,B,274000.0,0,10000.0,1000000.0,7,5586.0,5575.0,1939.0,3636.0,False,open,24.0
VEL-05600,2024,cargo,A,169000.0,1,5000.0,2000000.0,7,3487.0,3601.0,1098.0,2503.0,False,open,29.0
VEL-05601,2024,auto_liability,B,121000.0,1,5000.0,1000000.0,4,5521.0,5614.0,1033.0,4581.0,False,open,12.0
VEL-05602,2024,auto_liability,C,272000.0,1,25000.0,1000000.0,10,16096.0,16331.0,7602.0,8729.0,False,open,59.0
VEL-05603,2024,auto_liability,B,64000.0,1,10000.0,2000000.0,9,6024.0,6526.0,2634.0,3892.0,True,open,34.0
VEL-05604,2024,physical_damage,B,85000.0,1,25000.0,1000000.0,1,12896.0,12239.0,616.0,11623.0,False,open,12.0
VEL-05605,2024,auto_liability,C,302000.0,1,5000.0,1000000.0,1,3187.0,3459.0,157.0,3302.0,False,open,21.0
VEL-05606,2024,auto_liability,A,103000.0,1,10000.0,1000000.0,7,4915.0,5278.0,1570.0,3708.0,False,open,43.0
VEL-05607,2024,auto_liability,D,112000.0,2,25000.0,1000000.0,12,25876.0,24234.0,14167.0,10067.0,False,open,9.0
VEL-05608,2024,cargo,B,155000.0,1,25000.0,1000000.0,10,32030.0,33380.0,16692.0,16688.0,False,open,15.0
VEL-05609,2024,cargo,A,129000.0,3,5000.0,1000000.0,2,7464.0,6736.0,681.0,6055.0,False,open,18.0
VEL-05610,2024,physical_damage,B,186000.0,1,10000.0,1000000.0,2,4521.0,4785.0,425.0,4360.0,False,open,4.0
VEL-05611,2024,physical_damage,B,167000.0,0,25000.0,1000000.0,6,5807.0,5874.0,1562.0,4312.0,False,open,30.0
VEL-05612,2024,auto_liability,B,35000.0,1,25000.0,2000000.0,2,2412.0,2500.0,255.0,2245.0,False,open,24.0
VEL-05613,2024,physical_damage,C,311000.0,1,5000.0,1000000.0,1,5824.0,5458.0,289.0,5169.0,True,open,14.0
VEL-05614,2024,cargo,B,219000.0,3,25000.0,1000000.0,11,12041.0,11297.0,5933.0,5364.0,False,open,27.0
VEL-05615,2024,auto_liability,A,183000.0,1,10000.0,2000000.0,9,2114.0,2108.0,1018.0,1090.0,False,open,14.0
VEL-05616,2024,auto_liability,D,90000.0,2,10000.0,2000000.0,4,23313.0,23402.0,5109.0,18293.0,False,open,12.0
VEL-05617,2024,workers_comp,B,354000.0,1,25000.0,1000000.0,4,12663.0,14166.0,2277.0,11889.0,False,open,24.0
VEL-05618,2024,workers_comp,B,164000.0,0,5000.0,2000000.0,7,5987.0,5965.0,1933.0,4032.0,False,open,53.0
VEL-05619,2024,auto_liability,C,427000.0,2,5000.0,2000000.0,10,6530.0,5991.0,3132.0,2859.0,False,open,15.0
VEL-05620,2024,cargo,A,568000.0,2,25000.0,1000000.0,7,8471.0,8991.0,3185.0,5806.0,False,open,26.0
VEL-05621,2024,physical_damage,C,378000.0,1,5000.0,2000000.0,8,6488.0,7139.0,2485.0,4654.0,False,open,24.0
VEL-05622,2024,auto_liability,A,498000.0,2,25000.0,1000000.0,7,3818.0,3963.0,1464.0,2499.0,False,open,8.0
VEL-05623,2024,physical_damage,B,146000.0,2,10000.0,1000000.0,11,5589.0,6198.0,3341.0,2857.0,False,open,18.0
VEL-05624,2024,physical_damage,B,44000.0,0,25000.0,2000000.0,5,2240.0,2476.0,591.0,1885.0,False,open,35.0
VEL-05625,2024,physical_damage,A,175000.0,1,10000.0,1000000.0,11,8489.0,7978.0,4185.0,3793.0,True,open,12.0
VEL-05626,2024,auto_liability,B,362000.0,1,10000.0,1000000.0,2,5080.0,5059.0,452.0,4607.0,False,open,48.0
VEL-05627,2024,auto_liability,B,248000.0,0,5000.0,1000000.0,1,4064.0,4071.0,212.0,3859.0,False,open,20.0
VEL-05628,2024,workers_comp,A,90000.0,2,5000.0,2000000.0,4,5439.0,5640.0,1066.0,4574.0,False,open,8.0
VEL-05629,2024,workers_comp,C,311000.0,3,10000.0,1000000.0,2,23455.0,23215.0,2395.0,20820.0,False,open,22.0
VEL-05630,2024,auto_liability,C,196000.0,3,25000.0,1000000.0,1,2232.0,2424.0,116.0,2308.0,False,open,77.0
VEL-05631,2024,auto_liability,B,213000.0,1,10000.0,1000000.0,7,2182.0,1992.0,783.0,1209.0,False,open,44.0
VEL-05632,2024,auto_liability,D,152000.0,4,5000.0,2000000.0,7,4164.0,4490.0,1577.0,2913.0,False,open,60.0
VEL-05633,2024,cargo,C,194000.0,1,25000.0,2000000.0,10,14221.0,15591.0,7202.0,8389.0,True,open,9.0
VEL-05634,2024,physical_damage,C,102000.0,1,5000.0,1000000.0,9,14144.0,15079.0,6556.0,8523.0,False,open,94.0
VEL-05635,2024,auto_liability,C,124000.0,1,10000.0,1000000.0,10,44901.0,43234.0,20718.0,22516.0,False,open,30.0
VEL-05636,2024,auto_liability,C,328000.0,2,10000.0,2000000.0,2,5896.0,6463.0,529.0,5934.0,False,open,3.0
VEL-05637,2024,auto_liability,B,361000.0,0,10000.0,2000000.0,10,5390.0,5095.0,2812.0,2283.0,False,open,16.0
VEL-05638,2024,auto_liability,B,114000.0,4,10000.0,1000000.0,4,4448.0,4664.0,804.0,3860.0,False,open,23.0
VEL-05639,2024,auto_liability,B,126000.0,0,25000.0,2000000.0,6,2542.0,2576.0,685.0,1891.0,False,open,34.0
VEL-05640,2024,auto_liability,A,231000.0,2,5000.0,2000000.0,3,21015.0,22351.0,3335.0,19016.0,False,open,23.0
VEL-05641,2024,auto_liability,D,193000.0,3,5000.0,2000000.0,7,24292.0,22907.0,9039.0,13868.0,False,open,4.0
VEL-05642,2024,cargo,B,505000.0,3,10000.0,2000000.0,12,6576.0,6002.0,3972.0,2030.0,False,open,38.0
VEL-05643,2024,auto_liability,D,170000.0,2,25000.0,1000000.0,10,4953.0,4739.0,2708.0,2031.0,False,open,48.0
VEL-05644,2024,auto_liability,C,82000.0,3,10000.0,2000000.0,3,15430.0,14934.0,2227.0,12707.0,False,open,9.0
VEL-05645,2024,physical_damage,C,110000.0,2,10000.0,2000000.0,11,13667.0,15086.0,34664.33489388199,8294.0,False,open,332.0
VEL-05646,2024,workers_comp,B,387000.0,2,25000.0,1000000.0,10,2775.0,2865.0,1266.0,1599.0,False,open,33.0
VEL-05647,2024,cargo,B,192000.0,2,25000.0,2000000.0,2,15368.0,14121.0,1697.0,12424.0,False,open,33.0
VEL-05648,2024,workers_comp,B,191000.0,1,10000.0,2000000.0,10,31738.0,29407.0,49093.86270300649,12069.0,False,open,394.0
VEL-05649,2024,physical_damage,A,119000.0,0,10000.0,2000000.0,10,2647.0,2458.0,1392.0,1066.0,True,open,62.0
VEL-05650,2024,physical_damage,A,144000.0,0,25000.0,2000000.0,3,10149.0,11067.0,1539.0,9528.0,False,open,54.0
VEL-05651,2024,physical_damage,D,236000.0,0,5000.0,2000000.0,7,29061.0,30344.0,9927.0,20417.0,True,open,51.0
VEL-05652,2024,auto_liability,C,167000.0,1,5000.0,1000000.0,6,10192.0,10436.0,2877.0,7559.0,False,open,18.0
VEL-05653,2024,physical_damage,B,239000.0,3,10000.0,1000000.0,9,7330.0,7581.0,3614.0,3967.0,False,open,53.0
VEL-05654,2024,auto_liability,C,118000.0,3,10000.0,2000000.0,3,4603.0,4664.0,731.0,3933.0,False,open,35.0
VEL-05655,2024,auto_liability,A,211000.0,0,5000.0,2000000.0,8,2574.0,2394.0,965.0,1429.0,False,open,18.0
VEL-05656,2024,workers_comp,A,356000.0,0,25000.0,2000000.0,2,24894.0,27640.0,2659.0,24981.0,False,open,28.0
VEL-05657,2024,workers_comp,B,296000.0,0,5000.0,1000000.0,5,16961.0,18383.0,4170.0,14213.0,False,open,25.0
VEL-05658,2024,auto_liability,C,171000.0,2,25000.0,2000000.0,6,8742.0,8064.0,18013.78112133424,5408.0,False,open,390.0
VEL-05659,2024,physical_damage,B,156000.0,1,25000.0,1000000.0,12,4252.0,4202.0,2707.0,1495.0,False,open,47.0
VEL-05660,2024,physical_damage,D,118000.0,1,10000.0,2000000.0,6,20970.0,19158.0,6038.0,13120.0,False,open,14.0
VEL-05661,2024,physical_damage,C,226000.0,3,25000.0,2000000.0,3,9072.0,9574.0,1503.0,8071.0,False,open,23.0
VEL-05662,2024,physical_damage,C,113000.0,3,5000.0,2000000.0,1,5114.0,4956.0,272.0,4684.0,False,open,27.0
VEL-05663,2024,workers_comp,C,308000.0,3,25000.0,2000000.0,10,8184.0,9155.0,4062.0,5093.0,False,open,19.0
VEL-05664,2024,auto_liability,A,272000.0,1,10000.0,1000000.0,10,1135.0,1069.0,623.0,446.0,False,open,54.0
VEL-05665,2024,auto_liability,A,267000.0,2,10000.0,2000000.0,7,2373.0,2388.0,813.0,1575.0,False,open,24.0
VEL-05666,2024,cargo,B,514000.0,3,5000.0,2000000.0,8,7903.0,7911.0,3456.0,4455.0,False,open,24.0
VEL-05667,2024,auto_liability,B,493000.0,1,5000.0,2000000.0,10,9225.0,8527.0,4297.0,4230.0,False,open,33.0
VEL-05668,2024,physical_damage,C,334000.0,3,5000.0,2000000.0,5,13186.0,14679.0,3647.0,11032.0,False,open,74.0
VEL-05669,2024,auto_liability,B,187000.0,4,5000.0,2000000.0,6,64047.0,59983.0,19809.0,40174.0,False,open,13.0
VEL-05670,2024,physical_damage,C,117000.0,1,10000.0,1000000.0,9,16160.0,16668.0,6706.0,9962.0,False,open,12.0
VEL-05671,2024,auto_liability,B,257000.0,2,10000.0,1000000.0,10,2612.0,2655.0,1164.0,1491.0,False,open,17.0
VEL-05672,2024,auto_liability,A,154000.0,1,25000.0,1000000.0,5,2139.0,2149.0,494.0,1655.0,False,open,28.0
VEL-05673,2024,auto_liability,D,137000.0,3,5000.0,2000000.0,7,7642.0,7133.0,2753.0,4380.0,False,open,7.0
VEL-05674,2024,workers_comp,A,134000.0,0,5000.0,1000000.0,10,5233.0,5378.0,2437.0,2941.0,False,open,25.0
VEL-05675,2024,cargo,A,221000.0,0,25000.0,1000000.0,3,22080.0,22316.0,3118.0,19198.0,False,open,44.0
VEL-05676,2024,physical_damage,C,397000.0,2,25000.0,1000000.0,9,16615.0,18291.0,7881.0,10410.0,False,open,14.0
VEL-05677,2024,physical_damage,C,145000.0,1,5000.0,1000000.0,4,11033.0,10495.0,2242.0,8253.0,False,open,24.0
VEL-05678,2024,cargo,B,242000.0,1,5000.0,1000000.0,12,14711.0,16288.0,8321.0,7967.0,False,open,37.0
VEL-05679,2024,auto_liability,B,285000.0,1,10000.0,2000000.0,9,36629.0,38537.0,17920.0,20617.0,False,open,25.0
VEL-05680,2024,auto_liability,C,439000.0,3,10000.0,1000000.0,10,6046.0,5568.0,2816.0,2752.0,False,open,10.0
VEL-05681,2024,physical_damage,B,79000.0,1,10000.0,2000000.0,12,7394.0,6850.0,4558.0,2292.0,False,open,6.0
VEL-05682,2024,cargo,B,194000.0,2,10000.0,1000000.0,1,10832.0,10707.0,580.0,10127.0,False,open,12.0
VEL-05683,2024,cargo,D,132000.0,2,5000.0,2000000.0,3,19599.0,21290.0,2772.0,18518.0,True,open,46.0
VEL-05684,2024,auto_liability,B,209000.0,1,10000.0,2000000.0,2,9028.0,9160.0,981.0,8179.0,False,open,32.0
VEL-05685,2024,auto_liability,A,121000.0,1,25000.0,1000000.0,12,1500.0,1416.0,831.0,585.0,False,open,14.0
VEL-05686,2024,auto_liability,B,107000.0,0,10000.0,2000000.0,11,6459.0,6478.0,3381.0,3097.0,False,open,27.0
VEL-05687,2024,workers_comp,B,513000.0,1,10000.0,2000000.0,5,8661.0,9277.0,1983.0,7294.0,False,open,17.0
VEL-05688,2024,cargo,C,205000.0,3,10000.0,2000000.0,1,8877.0,9635.0,471.0,9164.0,False,open,35.0
VEL-05689,2024,auto_liability,C,149000.0,3,5000.0,2000000.0,6,3958.0,4095.0,1075.0,3020.0,False,open,10.0
VEL-05690,2024,cargo,B,387000.0,3,5000.0,2000000.0,6,13071.0,13244.0,3548.0,9696.0,False,open,16.0
VEL-05691,2024,auto_liability,D,200000.0,2,25000.0,2000000.0,8,12935.0,13394.0,4640.0,8754.0,False,open,9.0
VEL-05692,2024,physical_damage,A,74000.0,1,5000.0,2000000.0,11,5407.0,4968.0,3207.0,1761.0,False,open,26.0
VEL-05693,2024,workers_comp,D,306000.0,1,10000.0,1000000.0,7,11788.0,12599.0,3846.0,8753.0,True,open,15.0
VEL-05694,2024,workers_comp,C,155000.0,4,5000.0,1000000.0,11,15254.0,16790.0,8677.0,8113.0,False,open,17.0
VEL-05695,2024,cargo,A,342000.0,0,25000.0,2000000.0,5,6557.0,5904.0,1780.0,4124.0,False,open,16.0
VEL-05696,2024,physical_damage,B,221000.0,1,5000.0,1000000.0,5,9510.0,9279.0,2114.0,7165.0,False,open,50.0
VEL-05697,2024,auto_liability,A,329000.0,1,5000.0,2000000.0,5,4619.0,5053.0,1222.0,3831.0,False,open,7.0
VEL-05698,2024,physical_damage,D,439000.0,1,10000.0,2000000.0,12,12842.0,13635.0,7394.0,6241.0,False,open,8.0
VEL-05699,2024,cargo,A,191000.0,1,5000.0,2000000.0,4,19236.0,21058.0,3750.0,17308.0,False,open,32.0
VEL-05700,2024,auto_liability,A,72000.0,1,25000.0,1000000.0,6,5195.0,5429.0,1491.0,3938.0,False,open,20.0
VEL-05701,2024,physical_damage,D,101000.0,3,5000.0,1000000.0,8,26644.0,26399.0,10491.0,15908.0,False,open,19.0
VEL-05702,2024,physical_damage,B,188000.0,0,5000.0,2000000.0,12,9326.0,9925.0,5988.0,3937.0,False,open,42.0
VEL-05703,2024,physical_damage,A,184000.0,2,5000.0,1000000.0,6,11787.0,12215.0,3861.0,8354.0,False,open,79.0
VEL-05704,2024,cargo,D,267000.0,2,5000.0,2000000.0,7,16318.0,16391.0,5348.0,11043.0,False,open,44.0
VEL-05705,2024,physical_damage,A,306000.0,1,5000.0,1000000.0,5,11818.0,12164.0,3118.0,9046.0,False,open,30.0
VEL-05706,2024,workers_comp,A,288000.0,0,5000.0,1000000.0,9,29097.0,30220.0,11865.0,18355.0,False,open,11.0
VEL-05707,2024,cargo,B,146000.0,2,25000.0,2000000.0,10,8607.0,8477.0,4262.0,4215.0,False,open,10.0
VEL-05708,2024,cargo,A,154000.0,0,25000.0,2000000.0,9,9161.0,8280.0,4374.0,3906.0,False,open,13.0
VEL-05709,2024,auto_liability,C,107000.0,3,10000.0,1000000.0,7,15560.0,15036.0,5971.0,9065.0,False,open,20.0
VEL-05710,2024,workers_comp,B,66000.0,3,25000.0,2000000.0,4,8121.0,7622.0,1572.0,6050.0,False,open,10.0
VEL-05711,2024,auto_liability,C,87000.0,3,5000.0,2000000.0,6,10316.0,10200.0,2897.0,7303.0,False,open,19.0
VEL-05712,2024,auto_liability,C,168000.0,0,25000.0,2000000.0,10,19561.0,21083.0,8917.0,12166.0,False,open,42.0
VEL-05713,2024,workers_comp,D,161000.0,5,25000.0,1000000.0,7,143137.0,157442.0,52954.0,104488.0,False,open,58.0
VEL-05714,2024,physical_damage,B,573000.0,0,25000.0,1000000.0,12,10901.0,12204.0,6982.0,5222.0,False,open,16.0
VEL-05715,2024,auto_liability,C,111000.0,2,25000.0,2000000.0,12,95013.0,99893.0,60200.0,39693.0,False,open,27.0
VEL-05716,2024,auto_liability,B,199000.0,0,5000.0,1000000.0,1,28716.0,29225.0,1514.0,27711.0,False,open,50.0
VEL-05717,2024,cargo,B,127000.0,2,25000.0,1000000.0,10,2667.0,2531.0,1332.0,1199.0,False,open,13.0
VEL-05718,2024,physical_damage,C,139000.0,0,10000.0,2000000.0,1,7873.0,7517.0,431.0,7086.0,False,open,18.0
VEL-05719,2024,cargo,C,168000.0,0,5000.0,2000000.0,9,12469.0,11403.0,23500.254904691657,5917.0,False,open,202.0
VEL-05720,2024,physical_damage,B,125000.0,1,5000.0,2000000.0,11,5061.0,5494.0,3061.0,2433.0,False,open,31.0
VEL-05721,2024,auto_liability,D,125000.0,5,25000.0,1000000.0,4,16637.0,15928.0,3573.0,12355.0,False,open,24.0
VEL-05722,2024,physical_damage,C,236000.0,3,25000.0,1000000.0,12,4009.0,3928.0,2339.0,1589.0,False,open,60.0
VEL-05723,2024,cargo,B,416000.0,0,10000.0,1000000.0,12,25212.0,26353.0,16250.0,10103.0,False,open,13.0
VEL-05724,2024,auto_liability,C,137000.0,2,10000.0,2000000.0,5,12623.0,13043.0,3271.0,9772.0,False,open,35.0
VEL-05725,2024,workers_comp,B,238000.0,0,5000.0,2000000.0,8,20176.0,19352.0,8252.0,11100.0,False,open,32.0
VEL-05726,2024,cargo,A,124000.0,0,10000.0,2000000.0,3,6346.0,6397.0,911.0,5486.0,False,open,23.0
VEL-05727,2024,physical_damage,B,85000.0,2,10000.0,1000000.0,6,11140.0,11154.0,3183.0,7971.0,False,open,27.0
VEL-05728,2024,physical_damage,C,167000.0,4,5000.0,1000000.0,7,14747.0,13725.0,4740.0,8985.0,False,open,18.0
VEL-05729,2024,auto_liability,B,43000.0,2,5000.0,2000000.0,12,10844.0,11336.0,6162.0,5174.0,False,open,24.0
VEL-05730,2024,auto_liability,C,81000.0,3,10000.0,2000000.0,6,4509.0,4085.0,1383.0,2702.0,False,open,80.0
VEL-05731,2024,auto_liability,C,290000.0,3,25000.0,2000000.0,9,6574.0,6127.0,13333.622431061103,2854.0,False,open,261.0
VEL-05732,2024,physical_damage,B,379000.0,2,10000.0,1000000.0,7,24293.0,26317.0,8097.0,18220.0,False,open,13.0
VEL-05733,2024,cargo,C,181000.0,0,10000.0,1000000.0,4,8281.0,8315.0,1763.0,6552.0,False,open,31.0
VEL-05734,2024,physical_damage,B,126000.0,0,10000.0,2000000.0,8,9110.0,10082.0,3797.0,6285.0,False,open,25.0
VEL-05735,2024,physical_damage,A,251000.0,0,25000.0,2000000.0,5,4668.0,5120.0,1236.0,3884.0,False,open,23.0
VEL-05736,2024,physical_damage,B,255000.0,0,10000.0,2000000.0,9,21155.0,23073.0,10064.0,13009.0,False,open,40.0
VEL-05737,2024,physical_damage,A,225000.0,0,10000.0,1000000.0,4,8006.0,7827.0,1496.0,6331.0,False,open,20.0
VEL-05738,2024,workers_comp,C,180000.0,4,10000.0,2000000.0,9,42880.0,45190.0,18344.0,26846.0,False,open,4.0
VEL-05739,2024,workers_comp,B,141000.0,1,10000.0,2000000.0,6,29597.0,27227.0,9433.0,17794.0,False,open,37.0
VEL-05740,2024,cargo,D,267000.0,2,5000.0,1000000.0,2,18508.0,17877.0,1955.0,15922.0,False,open,11.0
VEL-05741,2024,auto_liability,B,248000.0,1,25000.0,1000000.0,1,3457.0,3868.0,175.0,3693.0,False,open,13.0
VEL-05742,2024,physical_damage,A,150000.0,0,5000.0,1000000.0,7,41563.0,41929.0,13671.0,28258.0,False,open,18.0
VEL-05743,2024,physical_damage,A,332000.0,1,5000.0,2000000.0,5,7274.0,6649.0,1782.0,4867.0,False,open,23.0
VEL-05744,2024,cargo,A,183000.0,2,25000.0,2000000.0,10,5332.0,5249.0,2599.0,2650.0,False,open,31.0
VEL-05745,2024,auto_liability,C,205000.0,3,5000.0,1000000.0,1,8107.0,8673.0,423.0,8250.0,False,open,3.0
VEL-05746,2024,physical_damage,B,74000.0,3,10000.0,1000000.0,2,2989.0,2821.0,320.0,2501.0,False,open,16.0
VEL-05747,2024,auto_liability,D,173000.0,1,5000.0,2000000.0,6,2973.0,3072.0,989.0,2083.0,False,open,15.0
VEL-05748,2024,physical_damage,B,123000.0,0,25000.0,1000000.0,6,5166.0,4657.0,1438.0,3219.0,False,open,10.0
VEL-05749,2024,physical_damage,B,160000.0,1,5000.0,1000000.0,2,9871.0,9640.0,915.0,8725.0,False,open,6.0
VEL-05750,2024,cargo,D,160000.0,1,25000.0,1000000.0,4,4224.0,4342.0,929.0,3413.0,False,open,24.0
VEL-05751,2024,auto_liability,A,205000.0,0,5000.0,2000000.0,9,5147.0,4700.0,2189.0,2511.0,False,open,9.0
VEL-05752,2024,auto_liability,B,117000.0,2,10000.0,2000000.0,2,14083.0,12843.0,1305.0,11538.0,False,open,21.0
VEL-05753,2024,physical_damage,B,124000.0,0,10000.0,1000000.0,4,7217.0,6903.0,1366.0,5537.0,False,open,32.0
VEL-05754,2024,physical_damage,B,234000.0,1,5000.0,2000000.0,7,53061.0,48320.0,17999.0,30321.0,False,open,24.0
VEL-05755,2024,auto_liability,D,110000.0,2,10000.0,2000000.0,2,7429.0,7929.0,677.0,7252.0,False,open,6.0
VEL-05756,2024,cargo,A,174000.0,1,10000.0,2000000.0,3,28220.0,30126.0,4465.0,25661.0,False,open,3.0
VEL-05757,2024,auto_liability,B,331000.0,2,10000.0,1000000.0,10,6725.0,7137.0,3551.0,3586.0,False,open,16.0
VEL-05758,2024,physical_damage,D,127000.0,2,10000.0,2000000.0,3,8211.0,9030.0,1144.0,7886.0,False,open,19.0
VEL-05759,2024,physical_damage,C,63000.0,3,5000.0,1000000.0,3,5558.0,5779.0,874.0,4905.0,False,open,22.0
VEL-05760,2024,auto_liability,C,113000.0,2,10000.0,1000000.0,7,5296.0,4893.0,1739.0,3154.0,False,open,52.0
VEL-05761,2024,auto_liability,C,89000.0,2,10000.0,1000000.0,5,9618.0,10314.0,2166.0,8148.0,False,open,23.0
VEL-05762,2024,cargo,B,108000.0,0,10000.0,1000000.0,2,1809.0,1997.0,198.0,1799.0,False,open,2.0
VEL-05763,2024,workers_comp,B,265000.0,0,10000.0,2000000.0,7,3981.0,4457.0,1292.0,3165.0,False,open,10.0
VEL-05764,2024,auto_liability,A,78000.0,1,5000.0,1000000.0,4,22820.0,20897.0,5016.0,15881.0,False,open,25.0
VEL-05765,2024,workers_comp,A,115000.0,0,25000.0,1000000.0,3,7204.0,7184.0,1182.0,6002.0,False,open,22.0
VEL-05766,2024,physical_damage,B,160000.0,1,5000.0,1000000.0,10,14605.0,14473.0,7189.0,7284.0,False,open,14.0
VEL-05767,2024,cargo,C,180000.0,4,10000.0,1000000.0,2,5513.0,5125.0,494.0,4631.0,False,open,48.0
VEL-05768,2024,physical_damage,A,215000.0,2,5000.0,2000000.0,9,5889.0,5939.0,10906.22868540953,3503.0,False,open,311.0
VEL-05769,2024,physical_damage,D,192000.0,0,5000.0,1000000.0,4,11838.0,11480.0,2133.0,9347.0,False,open,43.0
VEL-05770,2024,auto_liability,B,128000.0,3,10000.0,2000000.0,8,6431.0,5864.0,2857.0,3007.0,False,open,5.0
VEL-05771,2024,auto_liability,B,135000.0,0,10000.0,1000000.0,5,2678.0,2789.0,676.0,2113.0,False,open,68.0
VEL-05772,2024,auto_liability,A,88000.0,1,25000.0,2000000.0,7,2910.0,2779.0,906.0,1873.0,False,open,19.0
VEL-05773,2024,auto_liability,A,274000.0,1,5000.0,1000000.0,12,1336.0,1490.0,800.0,690.0,False,open,39.0
VEL-05774,2024,auto_liability,B,151000.0,1,10000.0,1000000.0,10,3058.0,2903.0,1444.0,1459.0,False,open,7.0
VEL-05775,2024,cargo,B,428000.0,2,25000.0,1000000.0,1,13545.0,14238.0,696.0,13542.0,False,open,34.0
VEL-05776,2024,physical_damage,B,176000.0,2,5000.0,1000000.0,7,2227.0,2181.0,694.0,1487.0,False,open,8.0
VEL-05777,2024,auto_liability,B,69000.0,1,25000.0,1000000.0,10,6289.0,5980.0,3401.0,2579.0,False,open,5.0
VEL-05778,2024,cargo,B,266000.0,2,10000.0,1000000.0,8,83149.0,85586.0,32875.0,52711.0,False,open,18.0
VEL-05779,2024,cargo,C,145000.0,3,25000.0,2000000.0,9,15007.0,16385.0,6806.0,9579.0,True,open,31.0
VEL-05780,2024,auto_liability,B,179000.0,1,5000.0,1000000.0,5,9452.0,8848.0,2352.0,6496.0,False,open,18.0
VEL-05781,2024,physical_damage,C,197000.0,1,5000.0,2000000.0,12,19918.0,19160.0,11965.0,7195.0,True,open,9.0
VEL-05782,2024,cargo,D,100000.0,3,10000.0,2000000.0,10,28229.0,27268.0,62304.21361274329,12024.0,False,open,223.0
VEL-05783,2024,physical_damage,A,233000.0,1,5000.0,1000000.0,6,3004.0,2710.0,835.0,1875.0,False,open,16.0
VEL-05784,2024,physical_damage,B,148000.0,2,10000.0,2000000.0,8,4580.0,4726.0,1774.0,2952.0,False,open,42.0
VEL-05785,2024,auto_liability,A,315000.0,1,10000.0,1000000.0,10,9647.0,9760.0,4300.0,5460.0,False,open,71.0
VEL-05786,2024,auto_liability,A,100000.0,1,5000.0,1000000.0,5,5592.0,5262.0,1552.0,3710.0,False,open,25.0
VEL-05787,2024,cargo,B,97000.0,0,25000.0,2000000.0,6,5022.0,4984.0,1552.0,3432.0,False,open,22.0
VEL-05788,2024,auto_liability,D,239000.0,2,25000.0,1000000.0,3,5332.0,5376.0,779.0,4597.0,False,open,48.0
VEL-05789,2024,physical_damage,B,119000.0,4,10000.0,1000000.0,1,22240.0,22436.0,1008.0,21428.0,False,open,21.0
VEL-05790,2024,physical_damage,A,163000.0,1,10000.0,2000000.0,12,13257.0,12720.0,7626.0,5094.0,False,open,26.0
VEL-05791,2024,auto_liability,B,259000.0,1,25000.0,1000000.0,4,4139.0,4055.0,918.0,3137.0,False,open,34.0
VEL-05792,2024,physical_damage,C,138000.0,4,10000.0,2000000.0,8,11153.0,10513.0,4836.0,5677.0,False,open,5.0
VEL-05793,2024,auto_liability,C,102000.0,2,10000.0,1000000.0,9,2264.0,2124.0,4389.433650122829,1138.0,False,open,353.0
VEL-05794,2024,workers_comp,C,174000.0,0,5000.0,1000000.0,8,7728.0,8103.0,2881.0,5222.0,False,open,37.0
VEL-05795,2024,cargo,C,169000.0,3,25000.0,1000000.0,1,33458.0,36270.0,1692.0,34578.0,False,open,60.0
VEL-05796,2024,physical_damage,B,167000.0,1,5000.0,2000000.0,5,6508.0,7203.0,1745.0,5458.0,False,open,54.0
VEL-05797,2024,cargo,C,141000.0,2,5000.0,2000000.0,2,15510.0,15220.0,1501.0,13719.0,False,open,19.0
VEL-05798,2024,physical_damage,A,115000.0,1,25000.0,2000000.0,10,3393.0,3206.0,1845.0,1361.0,False,open,37.0
VEL-05799,2024,auto_liability,B,163000.0,2,5000.0,2000000.0,8,11326.0,10841.0,4249.0,6592.0,False,open,21.0
VEL-05800,2024,auto_liability,D,175000.0,3,25000.0,1000000.0,10,10413.0,9651.0,5175.0,4476.0,False,open,24.0
VEL-05801,2024,physical_damage,A,181000.0,2,25000.0,2000000.0,9,10551.0,11294.0,4281.0,7013.0,False,open,40.0
VEL-05802,2024,auto_liability,D,518000.0,1,25000.0,2000000.0,2,6664.0,6768.0,655.0,6113.0,False,open,25.0
VEL-05803,2024,physical_damage,C,162000.0,2,5000.0,2000000.0,7,10893.0,11965.0,3430.0,8535.0,False,open,69.0
VEL-05804,2024,physical_damage,A,174000.0,2,10000.0,1000000.0,9,6796.0,6696.0,2854.0,3842.0,False,open,13.0
VEL-05805,2024,auto_liability,C,231000.0,0,25000.0,2000000.0,6,20573.0,22595.0,6096.0,16499.0,False,open,9.0
VEL-05806,2024,physical_damage,B,141000.0,0,25000.0,2000000.0,2,6368.0,6046.0,668.0,5378.0,False,open,25.0
VEL-05807,2024,auto_liability,C,93000.0,0,5000.0,1000000.0,11,14352.0,15246.0,7860.0,7386.0,True,open,31.0
VEL-05808,2024,auto_liability,A,102000.0,1,5000.0,2000000.0,8,3830.0,4163.0,1681.0,2482.0,False,open,12.0
VEL-05809,2024,auto_liability,C,103000.0,1,25000.0,1000000.0,9,5790.0,6215.0,2539.0,3676.0,False,open,9.0
VEL-05810,2024,physical_damage,B,194000.0,0,25000.0,1000000.0,1,12654.0,13572.0,692.0,12880.0,False,open,13.0
VEL-05811,2024,physical_damage,A,228000.0,0,5000.0,1000000.0,9,2761.0,2836.0,1204.0,1632.0,False,open,18.0
VEL-05812,2024,auto_liability,B,252000.0,1,25000.0,1000000.0,5,4197.0,3911.0,974.0,2937.0,False,open,8.0
VEL-05813,2024,cargo,A,287000.0,1,25000.0,2000000.0,4,3778.0,3769.0,802.0,2967.0,False,open,8.0
VEL-05814,2024,physical_damage,B,219000.0,0,25000.0,2000000.0,10,7452.0,7059.0,3555.0,3504.0,False,open,5.0
VEL-05815,2024,physical_damage,B,319000.0,0,10000.0,1000000.0,12,16416.0,16729.0,10561.0,6168.0,False,open,21.0
VEL-05816,2024,auto_liability,A,260000.0,0,5000.0,1000000.0,11,6943.0,6401.0,3599.0,2802.0,False,open,26.0
VEL-05817,2024,physical_damage,C,256000.0,1,25000.0,2000000.0,11,7795.0,8146.0,4497.0,3649.0,False,open,16.0
VEL-05818,2024,auto_liability,A,205000.0,1,5000.0,2000000.0,9,16002.0,16602.0,7188.0,9414.0,False,open,24.0
VEL-05819,2024,physical_damage,D,367000.0,3,5000.0,1000000.0,12,8449.0,8339.0,5225.0,3114.0,False,open,5.0
VEL-05820,2024,physical_damage,A,590000.0,0,5000.0,2000000.0,1,7504.0,7128.0,384.0,6744.0,False,open,10.0
VEL-05821,2024,cargo,C,76000.0,1,10000.0,1000000.0,10,9131.0,8267.0,4958.0,3309.0,False,open,3.0
VEL-05822,2024,auto_liability,A,198000.0,0,10000.0,2000000.0,12,5158.0,5419.0,2853.0,2566.0,False,open,4.0
VEL-05823,2024,auto_liability,C,236000.0,5,5000.0,2000000.0,9,5201.0,5123.0,2117.0,3006.0,False,open,22.0
VEL-05824,2024,physical_damage,B,136000.0,1,25000.0,2000000.0,7,2449.0,2480.0,5040.0550805427365,1597.0,False,open,376.0
VEL-05825,2024,physical_damage,B,166000.0,2,5000.0,1000000.0,1,12177.0,12492.0,22342.292684853513,11874.0,False,open,228.0
VEL-05826,2024,workers_comp,C,130000.0,2,10000.0,1000000.0,11,17788.0,18667.0,8861.0,9806.0,False,open,15.0
VEL-05827,2024,auto_liability,A,157000.0,3,25000.0,2000000.0,4,32674.0,33484.0,6541.0,26943.0,False,open,33.0
VEL-05828,2024,workers_comp,D,139000.0,3,10000.0,1000000.0,4,24317.0,26997.0,5115.0,21882.0,False,open,14.0
VEL-05829,2024,auto_liability,C,308000.0,0,25000.0,2000000.0,5,6145.0,6789.0,1670.0,5119.0,False,open,9.0
VEL-05830,2024,cargo,A,144000.0,0,10000.0,1000000.0,2,21394.0,22932.0,2142.0,20790.0,False,open,30.0
VEL-05831,2024,physical_damage,A,106000.0,0,5000.0,1000000.0,11,4208.0,4040.0,2376.0,1664.0,False,open,19.0
VEL-05832,2024,auto_liability,C,248000.0,2,10000.0,1000000.0,2,17434.0,17692.0,1751.0,15941.0,False,open,46.0
VEL-05833,2024,physical_damage,A,124000.0,1,5000.0,2000000.0,5,8101.0,8140.0,2227.0,5913.0,True,open,32.0
VEL-05834,2024,cargo,D,219000.0,3,10000.0,2000000.0,5,7429.0,6892.0,1829.0,5063.0,False,open,21.0
VEL-05835,2024,cargo,B,449000.0,0,5000.0,2000000.0,3,19220.0,20350.0,3190.0,17160.0,False,open,8.0
VEL-05836,2024,physical_damage,B,107000.0,2,5000.0,2000000.0,3,2716.0,2556.0,403.0,2153.0,False,open,7.0
VEL-05837,2024,workers_comp,A,298000.0,0,25000.0,2000000.0,3,2508.0,2756.0,346.0,2410.0,False,open,13.0
VEL-05838,2024,auto_liability,C,324000.0,1,10000.0,2000000.0,6,14700.0,15494.0,4015.0,11479.0,False,open,9.0
VEL-05839,2024,auto_liability,D,95000.0,0,25000.0,2000000.0,8,11104.0,11841.0,4907.0,6934.0,False,open,19.0
VEL-05840,2024,auto_liability,C,412000.0,2,5000.0,2000000.0,3,12071.0,13014.0,1985.0,11029.0,False,open,30.0
VEL-05841,2024,cargo,B,632000.0,0,25000.0,2000000.0,5,9915.0,9737.0,2375.0,7362.0,False,open,46.0
VEL-05842,2024,auto_liability,A,244000.0,3,5000.0,1000000.0,11,3418.0,3672.0,2014.0,1658.0,False,open,5.0
VEL-05843,2024,auto_liability,A,199000.0,0,5000.0,1000000.0,6,3302.0,3538.0,912.0,2626.0,False,open,2.0
VEL-05844,2024,cargo,B,312000.0,0,25000.0,1000000.0,11,1426.0,1433.0,802.0,631.0,False,open,25.0
VEL-05845,2024,physical_damage,B,226000.0,1,10000.0,1000000.0,3,7160.0,7748.0,1106.0,6642.0,False,open,2.0
VEL-05846,2024,cargo,B,262000.0,0,25000.0,2000000.0,7,29554.0,32584.0,75409.29366042619,21540.0,False,open,356.0
VEL-05847,2024,auto_liability,B,226000.0,1,25000.0,1000000.0,4,8461.0,8150.0,1853.0,6297.0,False,open,25.0
VEL-05848,2024,cargo,A,182000.0,2,10000.0,1000000.0,12,21099.0,20443.0,13207.0,7236.0,False,open,27.0
VEL-05849,2024,physical_damage,C,109000.0,2,10000.0,2000000.0,12,28654.0,27792.0,18758.0,9034.0,False,open,23.0
VEL-05850,2024,physical_damage,A,394000.0,1,10000.0,1000000.0,4,10757.0,9877.0,2110.0,7767.0,False,open,15.0
VEL-05851,2024,auto_liability,A,144000.0,2,25000.0,1000000.0,2,2932.0,3251.0,325.0,2926.0,False,open,5.0
VEL-05852,2024,auto_liability,A,245000.0,0,25000.0,1000000.0,4,2131.0,2327.0,412.0,1915.0,False,open,9.0
VEL-05853,2024,auto_liability,B,301000.0,2,5000.0,1000000.0,2,898.0,990.0,97.0,893.0,False,open,51.0
VEL-05854,2024,auto_liability,B,114000.0,0,10000.0,1000000.0,7,11714.0,12589.0,4222.0,8367.0,False,open,31.0
VEL-05855,2024,cargo,C,221000.0,5,5000.0,1000000.0,11,11347.0,10655.0,6546.0,4109.0,False,open,19.0
VEL-05856,2024,cargo,A,230000.0,1,25000.0,1000000.0,12,17047.0,17675.0,9511.0,8164.0,False,open,6.0
VEL-05857,2024,physical_damage,B,208000.0,2,10000.0,1000000.0,2,40819.0,43707.0,4069.0,39638.0,False,open,6.0
VEL-05858,2024,auto_liability,C,371000.0,3,5000.0,1000000.0,9,9142.0,8595.0,3849.0,4746.0,False,open,26.0
VEL-05859,2024,auto_liability,D,211000.0,5,5000.0,1000000.0,3,13250.0,12093.0,2151.0,9942.0,False,open,31.0
VEL-05860,2024,workers_comp,A,146000.0,0,25000.0,1000000.0,7,8579.0,8180.0,2949.0,5231.0,False,open,21.0
VEL-05861,2024,cargo,C,257000.0,2,10000.0,2000000.0,9,12941.0,14221.0,5561.0,8660.0,False,open,6.0
VEL-05862,2024,cargo,C,399000.0,1,25000.0,2000000.0,5,52828.0,56730.0,14310.0,42420.0,False,open,5.0
VEL-05863,2024,physical_damage,C,150000.0,2,25000.0,2000000.0,10,23574.0,21649.0,12980.0,8669.0,False,open,8.0
VEL-05864,2024,physical_damage,B,113000.0,2,25000.0,2000000.0,10,8112.0,7514.0,16987.990113988828,3671.0,False,open,316.0
VEL-05865,2024,physical_damage,D,289000.0,4,10000.0,1000000.0,3,12799.0,12325.0,24513.988997570512,10451.0,False,open,177.0
VEL-05866,2024,cargo,A,253000.0,0,10000.0,2000000.0,11,5816.0,5355.0,3455.0,1900.0,False,open,13.0
VEL-05867,2024,physical_damage,A,102000.0,2,25000.0,1000000.0,3,2747.0,2680.0,367.0,2313.0,False,open,80.0
VEL-05868,2024,cargo,B,89000.0,0,5000.0,2000000.0,11,21890.0,23327.0,11577.0,11750.0,True,open,8.0
VEL-05869,2024,physical_damage,C,107000.0,2,10000.0,1000000.0,9,11170.0,11000.0,4509.0,6491.0,False,open,79.0
VEL-05870,2024,auto_liability,B,162000.0,0,5000.0,2000000.0,7,3312.0,3116.0,1166.0,1950.0,False,open,5.0
VEL-05871,2024,auto_liability,B,251000.0,0,25000.0,2000000.0,9,2769.0,2909.0,1248.0,1661.0,False,open,9.0
VEL-05872,2024,auto_liability,A,394000.0,2,25000.0,1000000.0,9,5640.0,5603.0,2376.0,3227.0,False,open,23.0
VEL-05873,2024,physical_damage,B,481000.0,2,10000.0,1000000.0,12,20257.0,19012.0,11127.0,7885.0,False,open,88.0
VEL-05874,2024,auto_liability,B,370000.0,1,10000.0,1000000.0,7,1836.0,2008.0,635.0,1373.0,False,open,36.0
VEL-05875,2024,workers_comp,A,190000.0,0,5000.0,2000000.0,3,11939.0,12005.0,1642.0,10363.0,False,open,8.0
VEL-05876,2024,auto_liability,B,420000.0,1,25000.0,2000000.0,2,5507.0,5925.0,588.0,5337.0,False,open,51.0
VEL-05877,2024,workers_comp,C,294000.0,3,5000.0,2000000.0,9,6817.0,6350.0,2927.0,3423.0,False,open,19.0
VEL-05878,2024,auto_liability,C,111000.0,2,10000.0,1000000.0,12,18508.0,19721.0,10336.0,9385.0,False,open,24.0
VEL-05879,2024,physical_damage,D,422000.0,2,10000.0,2000000.0,3,10515.0,10512.0,1465.0,9047.0,False,open,40.0
VEL-05880,2024,auto_liability,B,138000.0,1,10000.0,1000000.0,9,2143.0,2061.0,1059.0,1002.0,False,open,8.0
VEL-05881,2024,cargo,A,128000.0,1,25000.0,2000000.0,8,31318.0,28403.0,11930.0,16473.0,False,open,2.0
VEL-05882,2024,auto_liability,B,113000.0,3,5000.0,2000000.0,10,5646.0,5326.0,2894.0,2432.0,False,open,18.0
VEL-05883,2024,auto_liability,B,114000.0,0,5000.0,1000000.0,11,8421.0,8417.0,4901.0,3516.0,False,open,6.0
VEL-05884,2024,physical_damage,B,200000.0,1,5000.0,1000000.0,6,9924.0,10407.0,3067.0,7340.0,False,open,16.0
VEL-05885,2024,auto_liability,B,252000.0,2,10000.0,2000000.0,8,4317.0,4615.0,1889.0,2726.0,False,open,14.0
VEL-05886,2024,workers_comp,A,121000.0,0,10000.0,1000000.0,6,5814.0,6172.0,1869.0,4303.0,False,open,26.0
VEL-05887,2024,cargo,B,164000.0,2,25000.0,2000000.0,12,8062.0,7590.0,5365.0,2225.0,False,open,48.0
VEL-05888,2024,auto_liability,A,356000.0,1,25000.0,2000000.0,4,8298.0,8138.0,1695.0,6443.0,False,open,9.0
VEL-05889,2024,workers_comp,C,104000.0,1,25000.0,1000000.0,3,18238.0,19033.0,2438.0,16595.0,True,open,43.0
VEL-05890,2024,auto_liability,C,230000.0,0,25000.0,2000000.0,11,4202.0,4542.0,2153.0,2389.0,True,open,12.0
VEL-05891,2024,cargo,D,106000.0,2,5000.0,2000000.0,1,7421.0,7384.0,338.0,7046.0,False,open,8.0
VEL-05892,2024,auto_liability,B,321000.0,2,10000.0,2000000.0,3,4928.0,4585.0,801.0,3784.0,False,open,27.0
VEL-05893,2024,cargo,C,207000.0,3,10000.0,2000000.0,3,24278.0,23707.0,3869.0,19838.0,False,open,20.0
VEL-05894,2024,physical_damage,A,217000.0,1,10000.0,1000000.0,9,3144.0,3119.0,1428.0,1691.0,False,open,40.0
VEL-05895,2024,cargo,B,101000.0,0,5000.0,2000000.0,1,3934.0,3989.0,218.0,3771.0,False,open,16.0
VEL-05896,2024,physical_damage,B,377000.0,1,10000.0,1000000.0,4,12300.0,12473.0,2584.0,9889.0,False,open,4.0
VEL-05897,2024,physical_damage,D,243000.0,0,10000.0,1000000.0,5,9328.0,9346.0,20080.962330091217,7020.0,False,open,336.0
VEL-05898,2024,physical_damage,B,749000.0,2,5000.0,1000000.0,11,1922.0,2092.0,974.0,1118.0,True,open,32.0
VEL-05899,2024,cargo,B,162000.0,1,10000.0,2000000.0,12,37983.0,35212.0,24524.0,10688.0,False,open,2.0
VEL-05900,2024,cargo,D,141000.0,2,5000.0,2000000.0,2,30299.0,30956.0,2903.0,28053.0,False,open,36.0
VEL-05901,2024,physical_damage,C,205000.0,2,25000.0,2000000.0,6,2535.0,2318.0,771.0,1547.0,False,open,26.0
VEL-05902,2024,workers_comp,A,212000.0,0,25000.0,2000000.0,11,7210.0,7799.0,3538.0,4261.0,False,open,70.0
VEL-05903,2024,physical_damage,A,240000.0,2,5000.0,1000000.0,12,12042.0,12167.0,7349.0,4818.0,False,open,12.0
VEL-05904,2024,physical_damage,B,132000.0,1,25000.0,2000000.0,6,23259.0,23979.0,7150.0,16829.0,False,open,20.0
VEL-05905,2024,physical_damage,C,101000.0,2,10000.0,1000000.0,1,7110.0,7729.0,391.0,7338.0,False,open,28.0
VEL-05906,2024,auto_liability,B,179000.0,1,10000.0,1000000.0,7,9800.0,10877.0,3682.0,7195.0,False,open,17.0
VEL-05907,2024,cargo,B,206000.0,1,5000.0,1000000.0,1,5453.0,4989.0,294.0,4695.0,False,open,26.0
VEL-05908,2024,workers_comp,C,251000.0,1,5000.0,2000000.0,5,2633.0,2456.0,601.0,1855.0,False,open,10.0
VEL-05909,2024,auto_liability,B,251000.0,0,10000.0,1000000.0,1,5642.0,5625.0,278.0,5347.0,False,open,19.0
VEL-05910,2024,workers_comp,A,977000.0,1,10000.0,2000000.0,5,3618.0,4004.0,851.0,3153.0,False,open,11.0
VEL-05911,2024,auto_liability,A,304000.0,3,5000.0,2000000.0,7,2957.0,2725.0,1006.0,1719.0,False,open,5.0
VEL-05912,2024,physical_damage,C,222000.0,1,5000.0,1000000.0,6,9961.0,9542.0,20870.475816537288,6480.0,False,open,167.0
VEL-05913,2024,physical_damage,B,276000.0,2,5000.0,1000000.0,1,5920.0,5877.0,281.0,5596.0,False,open,5.0
VEL-05914,2024,auto_liability,B,283000.0,1,5000.0,1000000.0,5,2936.0,3097.0,709.0,2388.0,False,open,13.0
VEL-05915,2024,auto_liability,B,203000.0,2,5000.0,2000000.0,7,2441.0,2421.0,793.0,1628.0,False,open,54.0
VEL-05916,2024,auto_liability,B,77000.0,3,25000.0,2000000.0,9,21894.0,21434.0,8914.0,12520.0,False,open,52.0
VEL-05917,2024,auto_liability,B,150000.0,1,25000.0,1000000.0,7,11007.0,10321.0,3787.0,6534.0,False,open,16.0
VEL-05918,2024,physical_damage,B,169000.0,0,5000.0,1000000.0,6,14719.0,13694.0,4339.0,9355.0,False,open,55.0
VEL-05919,2024,auto_liability,B,175000.0,2,10000.0,1000000.0,11,2065.0,2003.0,1162.0,841.0,False,open,5.0
VEL-05920,2024,auto_liability,A,131000.0,2,5000.0,2000000.0,11,10629.0,11265.0,5821.0,5444.0,False,open,2.0
VEL-05921,2024,workers_comp,A,78000.0,0,25000.0,2000000.0,3,6980.0,7085.0,1042.0,6043.0,False,open,20.0
VEL-05922,2024,physical_damage,B,193000.0,3,5000.0,2000000.0,12,5646.0,5941.0,12328.90448001554,2233.0,False,open,223.0
VEL-05923,2024,auto_liability,B,408000.0,1,5000.0,1000000.0,4,2335.0,2236.0,472.0,1764.0,False,open,8.0
VEL-05924,2024,auto_liability,B,180000.0,1,25000.0,1000000.0,8,8633.0,9289.0,3078.0,6211.0,False,open,48.0
VEL-05925,2024,auto_liability,B,350000.0,1,5000.0,2000000.0,10,4666.0,4850.0,2284.0,2566.0,False,open,16.0
VEL-05926,2024,physical_damage,C,120000.0,1,5000.0,2000000.0,10,15172.0,16042.0,7100.0,8942.0,False,open,22.0
VEL-05927,2024,auto_liability,A,153000.0,0,5000.0,1000000.0,1,6867.0,6870.0,374.0,6496.0,False,open,21.0
VEL-05928,2024,auto_liability,A,129000.0,1,10000.0,2000000.0,12,3087.0,3176.0,1707.0,1469.0,False,open,24.0
VEL-05929,2024,cargo,B,125000.0,3,5000.0,1000000.0,8,25225.0,26104.0,10044.0,16060.0,False,open,8.0
VEL-05930,2024,auto_liability,D,244000.0,2,25000.0,1000000.0,4,8374.0,9060.0,1698.0,7362.0,False,open,30.0
VEL-05931,2024,workers_comp,B,151000.0,1,10000.0,2000000.0,12,10931.0,11522.0,6854.0,4668.0,False,open,9.0
VEL-05932,2024,auto_liability,B,185000.0,3,25000.0,2000000.0,5,7034.0,7364.0,1895.0,5469.0,False,open,8.0
VEL-05933,2024,auto_liability,C,85000.0,2,10000.0,2000000.0,1,4363.0,4622.0,195.0,4427.0,False,open,16.0
VEL-05934,2024,physical_damage,D,167000.0,4,5000.0,2000000.0,12,38258.0,38474.0,24781.0,13693.0,False,open,18.0
VEL-05935,2024,auto_liability,B,126000.0,1,10000.0,1000000.0,8,3012.0,3155.0,1108.0,2047.0,False,open,10.0
VEL-05936,2024,physical_damage,B,163000.0,0,10000.0,2000000.0,8,20727.0,20322.0,39874.506875094914,11579.0,False,open,147.0
VEL-05937,2024,cargo,B,360000.0,3,5000.0,1000000.0,3,13181.0,13468.0,1786.0,11682.0,False,open,10.0
VEL-05938,2024,physical_damage,A,171000.0,3,10000.0,2000000.0,7,13734.0,13273.0,4422.0,8851.0,False,open,26.0
VEL-05939,2024,physical_damage,B,199000.0,1,5000.0,2000000.0,12,3052.0,2774.0,1979.0,795.0,False,open,8.0
VEL-05940,2024,cargo,C,208000.0,0,10000.0,2000000.0,6,40695.0,39927.0,10901.0,29026.0,False,open,18.0
VEL-05941,2024,cargo,A,105000.0,1,25000.0,2000000.0,5,11341.0,11376.0,21373.009716415265,8696.0,False,open,280.0
VEL-05942,2024,workers_comp,A,127000.0,2,10000.0,1000000.0,12,9141.0,9816.0,5451.0,4365.0,False,open,30.0
VEL-05943,2024,physical_damage,A,288000.0,1,5000.0,1000000.0,11,14617.0,13618.0,8717.0,4901.0,False,open,32.0
VEL-05944,2024,auto_liability,A,252000.0,0,10000.0,1000000.0,10,4556.0,4772.0,2490.0,2282.0,False,open,20.0
VEL-05945,2024,auto_liability,B,209000.0,0,5000.0,2000000.0,3,2552.0,2318.0,351.0,1967.0,False,open,2.0
VEL-05946,2024,cargo,C,157000.0,3,25000.0,2000000.0,3,11756.0,11449.0,1766.0,9683.0,False,open,12.0
VEL-05947,2024,auto_liability,B,159000.0,2,10000.0,2000000.0,11,7913.0,7491.0,4477.0,3014.0,False,open,5.0
VEL-05948,2024,cargo,A,117000.0,0,25000.0,2000000.0,10,14023.0,14663.0,6334.0,8329.0,False,open,6.0
VEL-05949,2024,physical_damage,B,450000.0,1,25000.0,2000000.0,3,20050.0,21457.0,3132.0,18325.0,False,open,27.0
VEL-05950,2024,physical_damage,A,166000.0,0,5000.0,1000000.0,3,16810.0,17735.0,2438.0,15297.0,False,open,15.0
VEL-05951,2024,cargo,A,375000.0,0,10000.0,1000000.0,1,18558.0,18198.0,1027.0,17171.0,False,open,47.0
VEL-05952,2024,auto_liability,B,186000.0,3,25000.0,1000000.0,1,6014.0,6262.0,314.0,5948.0,False,open,15.0
VEL-05953,2024,physical_damage,C,83000.0,0,10000.0,2000000.0,6,9082.0,8820.0,2846.0,5974.0,False,open,13.0
VEL-05954,2024,auto_liability,C,288000.0,2,25000.0,2000000.0,8,5439.0,5062.0,2181.0,2881.0,True,open,25.0
VEL-05955,2024,auto_liability,C,51000.0,3,10000.0,2000000.0,11,2716.0,2477.0,1544.0,933.0,False,open,62.0
VEL-05956,2024,auto_liability,A,96000.0,0,25000.0,2000000.0,5,7586.0,8078.0,1696.0,6382.0,False,open,50.0
VEL-05957,2024,workers_comp,C,90000.0,1,10000.0,1000000.0,9,25520.0,28374.0,11281.0,17093.0,False,open,24.0
VEL-05958,2024,auto_liability,C,70000.0,1,5000.0,1000000.0,2,7833.0,7753.0,759.0,6994.0,False,open,17.0
VEL-05959,2024,physical_damage,B,176000.0,0,10000.0,1000000.0,10,15300.0,15871.0,8055.0,7816.0,False,open,11.0
VEL-05960,2024,physical_damage,D,165000.0,2,10000.0,2000000.0,1,12071.0,11513.0,567.0,10946.0,False,open,11.0
VEL-05961,2024,auto_liability,A,363000.0,0,25000.0,2000000.0,7,3643.0,3983.0,1252.0,2731.0,False,open,14.0
VEL-05962,2024,cargo,A,146000.0,1,5000.0,1000000.0,7,2678.0,2518.0,1013.0,1505.0,False,open,20.0
VEL-05963,2024,auto_liability,B,161000.0,0,25000.0,2000000.0,7,4223.0,4684.0,10552.509737792148,3205.0,False,open,369.0
VEL-05964,2024,auto_liability,A,157000.0,1,10000.0,2000000.0,5,5335.0,5851.0,1366.0,4485.0,False,open,86.0
VEL-05965,2024,physical_damage,C,102000.0,1,25000.0,2000000.0,8,14501.0,14472.0,6109.0,8363.0,False,open,29.0
VEL-05966,2024,auto_liability,A,118000.0,0,5000.0,2000000.0,12,3979.0,4143.0,2533.0,1610.0,False,open,7.0
VEL-05967,2024,physical_damage,C,67000.0,1,10000.0,1000000.0,2,7449.0,6709.0,721.0,5988.0,False,open,35.0
VEL-05968,2024,auto_liability,B,283000.0,2,10000.0,1000000.0,4,4133.0,4300.0,858.0,3442.0,False,open,24.0
VEL-05969,2024,auto_liability,D,90000.0,3,5000.0,2000000.0,1,10898.0,11119.0,590.0,10529.0,False,open,40.0
VEL-05970,2024,cargo,B,166000.0,3,5000.0,1000000.0,7,7196.0,6480.0,2726.0,3754.0,False,open,5.0
VEL-05971,2024,physical_damage,D,113000.0,3,10000.0,1000000.0,6,8622.0,9263.0,2392.0,6871.0,False,open,2.0
VEL-05972,2024,cargo,D,228000.0,2,25000.0,1000000.0,8,8896.0,8401.0,3935.0,4466.0,False,open,18.0
VEL-05973,2024,auto_liability,B,302000.0,0,5000.0,2000000.0,1,4615.0,4464.0,207.0,4257.0,False,open,13.0
VEL-05974,2024,cargo,D,118000.0,1,25000.0,1000000.0,10,10623.0,9682.0,4973.0,4709.0,False,open,15.0
VEL-05975,2024,workers_comp,C,385000.0,3,25000.0,2000000.0,9,11740.0,11597.0,4988.0,6609.0,False,open,7.0
VEL-05976,2024,cargo,C,226000.0,0,5000.0,1000000.0,11,44803.0,49854.0,25499.0,24355.0,False,open,34.0
VEL-05977,2024,cargo,B,146000.0,2,5000.0,2000000.0,11,9339.0,9658.0,4909.0,4749.0,False,open,20.0
VEL-05978,2024,auto_liability,B,169000.0,1,10000.0,2000000.0,1,1211.0,1215.0,57.0,1158.0,False,open,11.0
VEL-05979,2024,cargo,C,222000.0,1,5000.0,2000000.0,7,10232.0,11416.0,3918.0,7498.0,True,open,37.0
VEL-05980,2024,physical_damage,B,452000.0,2,5000.0,1000000.0,11,7706.0,7906.0,4164.0,3742.0,False,open,12.0
VEL-05981,2024,workers_comp,B,126000.0,0,10000.0,1000000.0,11,26243.0,28556.0,15755.0,12801.0,False,open,17.0
VEL-05982,2024,workers_comp,B,68000.0,4,25000.0,2000000.0,4,50447.0,56048.0,10167.0,45881.0,False,open,6.0
VEL-05983,2024,physical_damage,C,112000.0,2,10000.0,1000000.0,12,5433.0,5334.0,3348.0,1986.0,False,open,22.0
VEL-05984,2024,workers_comp,B,184000.0,1,5000.0,2000000.0,4,13604.0,12473.0,3016.0,9457.0,False,open,6.0
VEL-05985,2024,auto_liability,D,130000.0,4,25000.0,1000000.0,1,6592.0,7135.0,307.0,6828.0,False,open,10.0
VEL-05986,2024,physical_damage,B,97000.0,0,5000.0,1000000.0,8,7266.0,6696.0,2640.0,4056.0,False,open,88.0
VEL-05987,2024,physical_damage,D,85000.0,3,25000.0,2000000.0,9,17370.0,15803.0,7081.0,8722.0,False,open,3.0
VEL-05988,2024,physical_damage,B,278000.0,4,10000.0,2000000.0,1,14461.0,13384.0,706.0,12678.0,False,open,5.0
VEL-05989,2024,physical_damage,C,181000.0,3,25000.0,2000000.0,1,10165.0,10972.0,543.0,10429.0,False,open,17.0
VEL-05990,2024,auto_liability,A,203000.0,1,5000.0,1000000.0,10,4263.0,3884.0,1945.0,1939.0,False,open,35.0
VEL-05991,2024,physical_damage,C,139000.0,1,25000.0,2000000.0,11,7277.0,7821.0,4248.0,3573.0,False,open,53.0
VEL-05992,2024,workers_comp,B,182000.0,3,5000.0,2000000.0,10,47777.0,50687.0,25259.0,25428.0,False,open,6.0
VEL-05993,2024,cargo,A,29000.0,1,5000.0,2000000.0,8,6166.0,6148.0,2197.0,3951.0,False,open,2.0
VEL-05994,2024,physical_damage,B,235000.0,0,5000.0,2000000.0,10,7319.0,7303.0,3317.0,3986.0,False,open,74.0
VEL-05995,2024,auto_liability,B,199000.0,1,5000.0,2000000.0,12,14542.0,15846.0,9661.0,6185.0,False,open,78.0
VEL-05996,2024,physical_damage,A,551000.0,0,10000.0,2000000.0,7,9853.0,11034.0,3598.0,7436.0,False,open,35.0
VEL-05997,2024,physical_damage,A,168000.0,0,5000.0,1000000.0,2,7398.0,7283.0,689.0,6594.0,False,open,18.0
VEL-05998,2024,workers_comp,B,590000.0,1,25000.0,1000000.0,3,16588.0,16652.0,2558.0,14094.0,False,open,3.0
VEL-05999,2024,auto_liability,B,241000.0,3,25000.0,1000000.0,12,11832.0,12577.0,7382.0,5195.0,False,open,52.0
VEL-06000,2024,auto_liability,A,119000.0,1,25000.0,2000000.0,6,7033.0,7507.0,1927.0,5580.0,False,open,28.0
VEL-06001,2024,cargo,B,110000.0,0,25000.0,2000000.0,9,8036.0,7979.0,3461.0,4518.0,False,open,28.0
VEL-D0000,2021,physical_damage,B,213000.0,2,10000.0,2000000.0,30,12776.0,11580.0,11504.0,76.0,False,closed,62.0
VEL-D0001,2021,physical_damage,D,176000.0,2,5000.0,1000000.0,30,9568.0,8833.0,8387.0,446.0,False,closed,4.0
VEL-D0002,2024,cargo,A,128000.0,1,25000.0,2000000.0,8,31318.0,28403.0,11930.0,16473.0,False,open,2.0
VEL-D0003,2022,auto_liability,B,141000.0,1,25000.0,2000000.0,25,12912.0,12587.0,12417.0,170.0,False,closed,31.0
VEL-D0004,2019,workers_comp,C,72000.0,2,25000.0,1000000.0,30,13789.0,13388.0,12155.0,1233.0,False,closed,29.0
VEL-D0005,2020,physical_damage,B,89000.0,1,25000.0,1000000.0,30,15380.0,15224.0,14198.0,1026.0,False,closed,41.0
VEL-D0006,2018,cargo,B,121000.0,2,25000.0,2000000.0,30,7069.0,7906.0,6210.0,1696.0,True,closed,18.0
VEL-D0007,2022,physical_damage,B,155000.0,2,10000.0,1000000.0,28,18058.0,17793.0,16964.0,829.0,False,closed,11.0
VEL-D0008,2020,physical_damage,B,134000.0,0,5000.0,1000000.0,30,7573.0,7896.0,6759.0,1137.0,False,closed,6.0
VEL-D0009,2022,workers_comp,A,84000.0,0,5000.0,1000000.0,30,6980.0,7098.0,6295.0,803.0,False,closed,18.0
VEL-D0010,2024,workers_comp,B,269000.0,1,5000.0,1000000.0,7,10532.0,9841.0,3495.0,6346.0,False,open,6.0
VEL-D0011,2023,physical_damage,A,247000.0,0,10000.0,1000000.0,14,5973.0,6324.0,3805.0,2519.0,False,open,79.0
VEL-D0012,2024,physical_damage,A,183000.0,0,25000.0,1000000.0,5,6584.0,7179.0,1634.0,5545.0,False,open,16.0
VEL-D0013,2021,auto_liability,B,142000.0,1,10000.0,1000000.0,30,31707.0,34915.0,25511.0,9404.0,False,closed,27.0
VEL-D0014,2023,auto_liability,A,259000.0,0,10000.0,2000000.0,15,1500.0,1554.0,1020.0,534.0,True,open,57.0
VEL-D0015,2021,workers_comp,C,159000.0,0,10000.0,2000000.0,30,54528.0,54141.0,46621.0,7520.0,False,closed,38.0
VEL-D0016,2023,workers_comp,A,402000.0,0,25000.0,2000000.0,24,26305.0,26117.0,21408.0,4709.0,False,closed,5.0
VEL-D0017,2024,cargo,A,122000.0,1,25000.0,2000000.0,6,8734.0,8592.0,2491.0,6101.0,False,open,8.0
VEL-D0018,2019,physical_damage,B,46000.0,1,25000.0,2000000.0,30,2412.0,2393.0,2390.0,3.0,False,closed,12.0
VEL-D0019,2022,cargo,A,187000.0,0,10000.0,2000000.0,25,14231.0,13499.0,12757.0,742.0,False,closed,33.0
VEL-D0020,2020,physical_damage,B,242000.0,1,25000.0,1000000.0,30,7010.0,7136.0,6842.0,294.0,False,closed,24.0
VEL-D0021,2023,auto_liability,B,339000.0,2,5000.0,1000000.0,16,6316.0,6073.0,4728.0,1345.0,False,open,17.0
VEL-D0022,2019,physical_damage,B,484000.0,0,10000.0,2000000.0,30,23185.0,24732.0,20585.0,4147.0,False,closed,10.0
VEL-D0023,2022,workers_comp,A,116000.0,4,10000.0,2000000.0,30,15697.0,14556.0,14351.0,205.0,False,closed,3.0
VEL-D0024,2022,auto_liability,D,79000.0,7,25000.0,2000000.0,27,6362.0,6974.0,6122.0,852.0,False,closed,10.0
VEL-D0025,2020,physical_damage,C,77000.0,2,5000.0,2000000.0,30,13819.0,14447.0,13785.0,662.0,False,closed,27.0
VEL-D0026,2019,auto_liability,A,426000.0,1,5000.0,1000000.0,30,2246.0,2033.0,2194.0,0.0,False,closed,14.0
VEL-D0027,2021,physical_damage,B,135000.0,1,25000.0,2000000.0,30,7527.0,7427.0,6742.0,685.0,False,closed,17.0
VEL-D0028,2022,auto_liability,C,840000.0,1,5000.0,2000000.0,30,3612.0,3329.0,3184.0,145.0,False,closed,17.0
VEL-D0029,2022,auto_liability,A,317000.0,1,5000.0,2000000.0,26,22738.0,21111.0,21946.0,0.0,False,closed,8.0
VEL-D0030,2023,workers_comp,C,309000.0,1,25000.0,1000000.0,20,4581.0,5002.0,4005.0,997.0,False,closed,7.0
VEL-D0031,2020,workers_comp,A,500000.0,0,25000.0,2000000.0,30,4847.0,4493.0,4830.0,0.0,False,closed,39.0
VEL-D0032,2022,workers_comp,D,375000.0,3,5000.0,2000000.0,30,39293.0,35381.0,34591.0,790.0,False,closed,38.0
VEL-D0033,2021,auto_liability,C,272000.0,1,10000.0,1000000.0,30,2725.0,2750.0,2588.0,162.0,False,closed,17.0
VEL-D0034,2021,auto_liability,B,270000.0,2,10000.0,2000000.0,30,3762.0,3719.0,3245.0,474.0,False,closed,16.0
VEL-D0035,2020,physical_damage,C,176000.0,2,25000.0,2000000.0,30,19831.0,21841.0,19410.0,2431.0,False,closed,18.0
VEL-D0036,2024,physical_damage,B,272000.0,0,25000.0,1000000.0,1,16690.0,16138.0,755.0,15383.0,False,open,54.0
VEL-D0037,2021,physical_damage,D,227000.0,1,25000.0,2000000.0,30,33257.0,33124.0,29944.0,3180.0,False,closed,38.0
VEL-D0038,2023,cargo,D,112000.0,4,25000.0,2000000.0,16,5167.0,4852.0,3773.0,1079.0,False,open,38.0
VEL-D0039,2022,auto_liability,C,104000.0,3,5000.0,2000000.0,30,3325.0,3151.0,2701.0,450.0,False,closed,20.0
VEL-D0040,2021,cargo,D,227000.0,1,10000.0,1000000.0,30,95647.0,92398.0,94577.0,0.0,False,closed,8.0
VEL-D0041,2018,auto_liability,D,326000.0,2,5000.0,2000000.0,30,7898.0,7541.0,7141.0,400.0,False,closed,25.0
VEL-D0042,2022,workers_comp,A,165000.0,0,5000.0,1000000.0,27,3581.0,3608.0,2951.0,657.0,False,closed,4.0
VEL-D0043,2023,auto_liability,B,178000.0,1,10000.0,2000000.0,14,6351.0,7027.0,4167.0,2860.0,False,open,40.0
VEL-D0044,2024,auto_liability,B,183000.0,0,10000.0,2000000.0,8,4482.0,4463.0,1915.0,2548.0,False,open,14.0
VEL-D0045,2022,auto_liability,B,66000.0,1,5000.0,2000000.0,30,10438.0,10150.0,8505.0,1645.0,False,closed,40.0
VEL-D0046,2024,physical_damage,B,201000.0,2,25000.0,2000000.0,1,4339.0,3913.0,7422.8204033969405,3678.0,False,open,169.0
VEL-D0047,2024,workers_comp,A,127000.0,2,10000.0,1000000.0,12,9141.0,9816.0,5451.0,4365.0,False,open,30.0
VEL-D0048,2018,cargo,A,120000.0,0,5000.0,1000000.0,30,3155.0,3150.0,2886.0,264.0,False,closed,70.0
VEL-D0049,2022,physical_damage,B,361000.0,2,25000.0,2000000.0,26,5906.0,5562.0,5892.0,0.0,False,closed,34.0
VEL-D0050,2022,auto_liability,A,151000.0,2,5000.0,1000000.0,30,5844.0,6442.0,5368.0,1074.0,False,closed,4.0
VEL-D0051,2022,workers_comp,A,185000.0,1,5000.0,2000000.0,30,4058.0,3739.0,3430.0,309.0,False,closed,30.0
VEL-D0052,2023,auto_liability,A,112000.0,0,25000.0,2000000.0,16,2874.0,2683.0,2389.0,294.0,False,open,60.0
VEL-D0053,2021,physical_damage,B,215000.0,0,25000.0,1000000.0,30,23758.0,24439.0,22128.0,2311.0,False,closed,22.0
VEL-D0054,2018,auto_liability,C,89000.0,0,10000.0,1000000.0,30,16985.0,16919.0,13982.0,2937.0,False,closed,28.0
VEL-D0055,2019,physical_damage,B,159000.0,2,10000.0,2000000.0,30,18937.0,20986.0,18881.0,2105.0,False,closed,17.0
VEL-D0056,2020,cargo,B,161000.0,3,25000.0,1000000.0,30,7325.0,8005.0,6806.0,1199.0,False,closed,16.0
VEL-D0057,2020,auto_liability,C,383000.0,2,25000.0,2000000.0,30,4225.0,3896.0,3909.0,0.0,False,closed,17.0
VEL-D0058,2019,workers_comp,A,70000.0,0,25000.0,2000000.0,30,23521.0,24143.0,22133.0,2010.0,False,closed,16.0
VEL-D0059,2023,physical_damage,B,151000.0,1,25000.0,1000000.0,13,5995.0,5932.0,3830.0,2102.0,False,open,47.0
