claim_id,accident_year,line_of_business,risk_class,exposure,previous_claims,deductible,coverage_limit,development_month,claim_amount,reported_amount,paid_amount,reserve,litigated,status,report_lag_days
AEG-00001,2016,workers_comp,D,3196000.0,4,250000.0,5000000.0,96,115639.0,115997.0,98435.0,17562.0,True,closed,5.0
AEG-00002,2016,medical_malpractice,B,7776000.0,2,50000.0,2000000.0,96,21170.0,21218.0,16939.0,4279.0,False,closed,9.0
AEG-00003,2016,medical_malpractice,B,2383000.0,2,50000.0,10000000.0,96,32288.0,31081.0,28333.0,2748.0,False,closed,60.0
AEG-00004,2016,workers_comp,C,4201000.0,1,100000.0,10000000.0,96,974416.0,1074061.0,967120.0,106941.0,False,closed,15.0
AEG-00005,2016,medical_malpractice,C,4483000.0,2,250000.0,5000000.0,96,127793.0,123905.0,121755.0,2150.0,True,closed,5.0
AEG-00006,2016,workers_comp,B,2320000.0,1,100000.0,5000000.0,96,572135.0,602435.0,464535.0,137900.0,False,closed,11.0
AEG-00007,2016,workers_comp,B,10645000.0,2,100000.0,5000000.0,96,86921.0,86057.0,81750.0,4307.0,True,closed,96.0
AEG-00008,2016,general_liability,C,9340000.0,3,250000.0,10000000.0,96,416859.0,460960.0,409944.0,51016.0,True,closed,8.0
AEG-00009,2016,medical_malpractice,B,3569000.0,3,100000.0,10000000.0,96,40669.0,45084.0,40406.0,4678.0,True,closed,17.0
AEG-00010,2016,medical_malpractice,D,6619000.0,3,100000.0,10000000.0,96,101105.0,91663.0,95362.0,0.0,False,closed,5.0
AEG-00011,2016,medical_malpractice,A,5438000.0,1,250000.0,2000000.0,96,1160382.0,1298232.0,1128586.0,169646.0,False,closed,28.0
AEG-00012,2016,medical_malpractice,B,1218000.0,0,50000.0,10000000.0,96,196257.0,202750.0,190044.0,12706.0,False,closed,45.0
AEG-00013,2016,general_liability,B,5100000.0,1,250000.0,5000000.0,96,65205.0,59744.0,56837.0,2907.0,True,closed,83.0
AEG-00014,2016,general_liability,D,4364000.0,5,100000.0,2000000.0,96,157014.0,158482.0,128721.0,29761.0,False,closed,24.0
AEG-00015,2016,property,A,4691000.0,2,100000.0,2000000.0,96,221193.0,201481.0,209136.0,0.0,True,closed,6.0
AEG-00016,2016,workers_comp,C,2626000.0,2,250000.0,5000000.0,96,741198.0,756583.0,613254.0,143329.0,False,closed,9.0
AEG-00017,2016,general_liability,B,3933000.0,2,250000.0,2000000.0,96,66114.0,62200.0,57971.0,4229.0,True,closed,19.0
AEG-00018,2016,property,C,4116000.0,3,250000.0,10000000.0,96,30611.0,30028.0,30585.0,0.0,True,closed,15.0
AEG-00019,2016,medical_malpractice,B,8151000.0,2,250000.0,5000000.0,96,58887.0,56946.0,53702.0,3244.0,False,closed,13.0
AEG-00020,2016,medical_malpractice,D,5319000.0,3,50000.0,10000000.0,96,123334.0,127341.0,111537.0,15804.0,True,closed,32.0
AEG-00021,2016,general_liability,B,4488000.0,2,100000.0,10000000.0,96,131610.0,142260.0,130238.0,12022.0,False,closed,9.0
AEG-00022,2016,medical_malpractice,B,9665000.0,2,250000.0,5000000.0,96,369221.0,408372.0,316352.0,92020.0,True,closed,18.0
AEG-00023,2016,medical_malpractice,A,3409000.0,1,50000.0,5000000.0,96,95717.0,93070.0,95706.0,0.0,False,closed,96.0
AEG-00024,2016,general_liability,A,3704000.0,0,50000.0,10000000.0,96,241950.0,248079.0,237691.0,10388.0,False,closed,19.0
AEG-00025,2016,general_liability,A,1814000.0,0,250000.0,5000000.0,96,26778.0,24135.0,23371.0,764.0,False,closed,9.0
AEG-00026,2016,property,D,9861000.0,3,250000.0,5000000.0,96,751422.0,737803.0,650317.0,87486.0,False,closed,54.0
AEG-00027,2016,general_liability,C,7288000.0,2,50000.0,10000000.0,96,1578973.0,1754799.0,1303146.0,451653.0,True,closed,8.0
AEG-00028,2016,general_liability,A,7117000.0,2,50000.0,5000000.0,96,231070.0,214004.0,227171.0,0.0,False,closed,14.0
AEG-00029,2016,general_liability,B,6287000.0,0,100000.0,2000000.0,96,155317.0,169507.0,130025.0,39482.0,False,closed,14.0
AEG-00030,2016,medical_malpractice,B,4755000.0,3,250000.0,10000000.0,96,96959.0,101182.0,77741.0,23441.0,False,closed,6.0
AEG-00031,2016,medical_malpractice,B,5012000.0,1,100000.0,2000000.0,96,634232.0,611816.0,620289.0,0.0,False,closed,29.0
AEG-00032,2016,medical_malpractice,B,3967000.0,1,50000.0,5000000.0,96,27965.0,29956.0,25717.0,4239.0,False,closed,35.0
AEG-00033,2016,workers_comp,B,4064000.0,3,100000.0,5000000.0,96,132751.0,127924.0,124039.0,3885.0,True,closed,16.0
AEG-00034,2016,medical_malpractice,D,4624000.0,3,100000.0,5000000.0,96,205705.0,225629.0,194726.0,30903.0,True,closed,98.0
AEG-00035,2016,medical_malpractice,B,9583000.0,0,100000.0,2000000.0,96,191101.0,175470.0,154511.0,20959.0,False,closed,44.0
AEG-00036,2016,medical_malpractice,B,5941000.0,1,100000.0,5000000.0,96,49120.0,45494.0,40198.0,5296.0,False,closed,27.0
AEG-00037,2016,workers_comp,B,4370000.0,1,50000.0,2000000.0,96,214790.0,228752.0,193304.0,35448.0,False,closed,47.0
AEG-00038,2016,medical_malpractice,A,3368000.0,2,100000.0,5000000.0,96,48308.0,48251.0,39132.0,9119.0,False,closed,27.0
AEG-00039,2016,medical_malpractice,A,3276000.0,0,100000.0,10000000.0,96,76382.0,71222.0,68810.0,2412.0,False,closed,11.0
AEG-00040,2016,workers_comp,B,10028000.0,1,50000.0,2000000.0,96,129585.0,131264.0,122752.0,8512.0,False,closed,18.0
AEG-00041,2016,general_liability,C,5797000.0,2,100000.0,2000000.0,96,38132.0,36810.0,35519.0,1291.0,False,closed,28.0
AEG-00042,2016,workers_comp,C,4655000.0,1,50000.0,2000000.0,96,179821.0,183570.0,166034.0,17536.0,True,closed,71.0
AEG-00043,2016,general_liability,C,3785000.0,2,50000.0,10000000.0,96,388620.0,413343.0,314503.0,98840.0,True,closed,34.0
AEG-00044,2016,workers_comp,A,2585000.0,1,50000.0,10000000.0,96,40616.0,44211.0,34415.0,9796.0,False,closed,19.0
AEG-00045,2016,medical_malpractice,D,4352000.0,1,250000.0,2000000.0,96,91831.0,83840.0,89948.0,0.0,False,closed,27.0
AEG-00046,2016,general_liability,C,6965000.0,0,50000.0,5000000.0,96,304410.0,313639.0,251030.0,62609.0,True,closed,34.0
AEG-00047,2016,general_liability,C,3698000.0,3,250000.0,5000000.0,96,41410.0,46230.0,37544.0,8686.0,True,closed,3.0
AEG-00048,2016,workers_comp,B,4017000.0,0,50000.0,10000000.0,96,186098.0,186313.0,150741.0,35572.0,True,closed,26.0
AEG-00049,2016,medical_malpractice,D,4029000.0,4,250000.0,5000000.0,96,35804.0,38285.0,35369.0,2916.0,False,closed,51.0
AEG-00050,2016,general_liability,A,4753000.0,2,50000.0,10000000.0,96,350269.0,322737.0,292234.0,30503.0,False,closed,23.0
AEG-00051,2016,medical_malpractice,A,2029000.0,0,100000.0,5000000.0,96,950460.0,1038066.0,838310.0,199756.0,False,closed,17.0
AEG-00052,2016,medical_malpractice,A,4000000.0,0,100000.0,2000000.0,96,680478.0,699567.0,618797.0,80770.0,True,closed,22.0
AEG-00053,2016,medical_malpractice,A,2936000.0,0,50000.0,5000000.0,96,51684.0,56616.0,48776.0,7840.0,False,closed,56.0
AEG-00054,2016,medical_malpractice,A,7003000.0,1,100000.0,2000000.0,96,155778.0,167176.0,153829.0,13347.0,False,closed,37.0
AEG-00055,2016,workers_comp,A,3061000.0,0,100000.0,5000000.0,96,141938.0,154887.0,134454.0,20433.0,False,closed,33.0
AEG-00056,2016,medical_malpractice,B,6005000.0,1,100000.0,2000000.0,96,91343.0,83360.0,79420.0,3940.0,True,closed,1.0
AEG-00057,2016,property,A,9644000.0,0,250000.0,5000000.0,96,901267.0,953014.0,734594.0,218420.0,False,closed,7.0
AEG-00058,2016,general_liability,B,3847000.0,0,50000.0,2000000.0,96,25453.0,24011.0,23964.0,47.0,False,closed,56.0
AEG-00059,2016,general_liability,A,3331000.0,0,100000.0,5000000.0,96,319726.0,306450.0,317968.0,0.0,True,closed,7.0
AEG-00060,2016,general_liability,B,4952000.0,1,50000.0,10000000.0,96,109679.0,106548.0,88116.0,18432.0,True,closed,22.0
AEG-00061,2016,workers_comp,A,4495000.0,0,50000.0,10000000.0,96,623945.0,642719.0,595827.0,46892.0,False,closed,26.0
AEG-00062,2016,medical_malpractice,B,2738000.0,0,50000.0,5000000.0,96,100738.0,104579.0,84139.0,20440.0,True,closed,19.0
AEG-00063,2016,medical_malpractice,D,5666000.0,1,250000.0,5000000.0,96,55904.0,61769.0,49866.0,11903.0,False,closed,39.0
AEG-00064,2016,medical_malpractice,B,12328000.0,1,250000.0,2000000.0,96,111711.0,100852.0,101046.0,0.0,False,closed,21.0
AEG-00065,2016,medical_malpractice,C,3955000.0,2,250000.0,2000000.0,96,231265.0,217980.0,213431.0,4549.0,False,closed,12.0
AEG-00066,2016,medical_malpractice,B,4066000.0,1,50000.0,5000000.0,96,84634.0,82911.0,84457.0,0.0,False,closed,20.0
AEG-00067,2016,property,B,2669000.0,2,50000.0,10000000.0,96,325423.0,351444.0,305078.0,46366.0,False,closed,13.0
AEG-00068,2016,medical_malpractice,A,5278000.0,3,100000.0,2000000.0,96,36499.0,37265.0,32064.0,5201.0,True,closed,32.0
AEG-00069,2016,workers_comp,B,2412000.0,3,100000.0,2000000.0,96,12965.0,13129.0,12226.0,903.0,False,closed,11.0
AEG-00070,2016,medical_malpractice,A,2587000.0,2,250000.0,2000000.0,96,187210.0,199798.0,167243.0,32555.0,False,closed,3.0
AEG-00071,2016,workers_comp,C,8533000.0,1,250000.0,10000000.0,96,411692.0,429853.0,363369.0,66484.0,False,closed,36.0
AEG-00072,2016,workers_comp,D,2862000.0,8,100000.0,10000000.0,96,266839.0,257171.0,232985.0,24186.0,False,closed,27.0
AEG-00073,2016,medical_malpractice,C,7727000.0,2,50000.0,2000000.0,96,107326.0,98650.0,96452.0,2198.0,False,closed,32.0
AEG-00074,2016,workers_comp,A,9643000.0,2,250000.0,10000000.0,96,406662.0,407356.0,348199.0,59157.0,False,closed,77.0
AEG-00075,2016,property,B,5123000.0,2,100000.0,2000000.0,96,109750.0,120027.0,93114.0,26913.0,False,closed,15.0
AEG-00076,2016,property,B,5934000.0,0,250000.0,2000000.0,96,82382.0,84985.0,68352.0,16633.0,False,closed,27.0
AEG-00077,2016,general_liability,A,11944000.0,0,100000.0,5000000.0,96,76481.0,69730.0,67919.0,1811.0,False,closed,21.0
AEG-00078,2016,medical_malpractice,B,4078000.0,0,50000.0,5000000.0,96,318832.0,317817.0,273766.0,44051.0,False,closed,2.0
AEG-00079,2016,medical_malpractice,C,3345000.0,1,50000.0,5000000.0,96,20126.0,19816.0,19470.0,346.0,True,closed,16.0
AEG-00080,2016,property,B,2288000.0,1,250000.0,2000000.0,96,731052.0,751619.0,708813.0,42806.0,False,closed,4.0
AEG-00081,2016,general_liability,C,4595000.0,4,100000.0,10000000.0,96,67948.0,69930.0,59032.0,10898.0,True,closed,19.0
AEG-00082,2016,medical_malpractice,C,9428000.0,2,50000.0,5000000.0,96,27976.0,31034.0,25845.0,5189.0,False,closed,7.0
AEG-00083,2016,workers_comp,A,7271000.0,2,100000.0,10000000.0,96,526006.0,512530.0,515727.0,0.0,False,closed,6.0
AEG-00084,2016,general_liability,C,2810000.0,2,50000.0,5000000.0,96,126780.0,125484.0,110531.0,14953.0,False,closed,49.0
AEG-00085,2016,general_liability,C,2934000.0,1,250000.0,10000000.0,96,31773.0,32884.0,28943.0,3941.0,False,closed,13.0
AEG-00086,2016,medical_malpractice,A,3497000.0,1,100000.0,2000000.0,96,44021.0,48203.0,39122.0,9081.0,False,closed,14.0
AEG-00087,2016,medical_malpractice,B,5208000.0,1,50000.0,5000000.0,96,236965.0,250081.0,220390.0,29691.0,True,closed,24.0
AEG-00088,2016,medical_malpractice,B,4061000.0,2,100000.0,5000000.0,96,319925.0,321075.0,317351.0,3724.0,False,closed,1.0
AEG-00089,2016,medical_malpractice,B,5009000.0,1,250000.0,10000000.0,96,49702.0,53639.0,41140.0,12499.0,True,closed,8.0
AEG-00090,2016,workers_comp,A,5220000.0,1,250000.0,5000000.0,96,197060.0,198394.0,195696.0,2698.0,False,closed,9.0
AEG-00091,2016,general_liability,B,3876000.0,2,250000.0,10000000.0,96,263769.0,293305.0,246135.0,47170.0,False,closed,25.0
AEG-00092,2016,general_liability,B,4411000.0,1,50000.0,5000000.0,96,55288.0,53195.0,53031.0,164.0,True,closed,22.0
AEG-00093,2016,medical_malpractice,C,4990000.0,3,100000.0,10000000.0,96,149231.0,138490.0,138341.0,149.0,False,closed,11.0
AEG-00094,2016,workers_comp,C,4315000.0,2,250000.0,2000000.0,96,177608.0,192294.0,173001.0,19293.0,False,closed,59.0
AEG-00095,2016,medical_malpractice,B,5788000.0,2,250000.0,2000000.0,96,43850.0,42333.0,37941.0,4392.0,False,closed,11.0
AEG-00096,2016,medical_malpractice,C,11467000.0,2,100000.0,10000000.0,96,56330.0,61198.0,53041.0,8157.0,False,closed,9.0
AEG-00097,2016,medical_malpractice,C,6050000.0,2,250000.0,2000000.0,96,107157.0,110808.0,91386.0,19422.0,False,closed,25.0
AEG-00098,2016,medical_malpractice,C,4627000.0,1,50000.0,2000000.0,96,102671.0,103900.0,92582.0,11318.0,True,closed,10.0
AEG-00099,2016,property,A,1937000.0,0,100000.0,5000000.0,96,79326.0,72912.0,74273.0,0.0,False,closed,43.0
AEG-00100,2016,workers_comp,A,5463000.0,0,250000.0,10000000.0,96,75672.0,81195.0,63581.0,17614.0,True,closed,23.0
AEG-00101,2016,medical_malpractice,B,1700000.0,0,50000.0,2000000.0,96,292230.0,267245.0,237359.0,29886.0,False,closed,10.0
AEG-00102,2016,general_liability,A,2225000.0,0,250000.0,2000000.0,96,121483.0,135130.0,116404.0,18726.0,False,closed,76.0
AEG-00103,2016,workers_comp,B,6899000.0,1,50000.0,10000000.0,96,417423.0,456216.0,401473.0,54743.0,False,closed,13.0
AEG-00104,2016,medical_malpractice,D,6406000.0,4,50000.0,2000000.0,96,482653.0,466558.0,450379.0,16179.0,True,closed,18.0
AEG-00105,2016,general_liability,B,4175000.0,0,50000.0,10000000.0,96,228388.0,211974.0,197393.0,14581.0,True,closed,23.0
AEG-00106,2016,workers_comp,A,1914000.0,0,250000.0,2000000.0,96,1682036.0,1841574.0,1567043.0,274531.0,False,closed,23.0
AEG-00107,2016,medical_malpractice,B,3737000.0,3,250000.0,2000000.0,96,31441.0,31616.0,25680.0,5936.0,True,closed,25.0
AEG-00108,2016,general_liability,B,3205000.0,3,50000.0,10000000.0,96,293991.0,272668.0,274147.0,0.0,False,closed,5.0
AEG-00109,2016,workers_comp,A,6187000.0,1,250000.0,5000000.0,96,85659.0,86488.0,78399.0,8089.0,False,closed,19.0
AEG-00110,2016,property,B,13915000.0,1,50000.0,2000000.0,96,1568745.0,1497054.0,1448643.0,48411.0,False,closed,2.0
AEG-00111,2016,medical_malpractice,A,5016000.0,0,250000.0,5000000.0,96,469988.0,465158.0,418006.0,47152.0,False,closed,15.0
AEG-00112,2016,property,B,3048000.0,2,50000.0,5000000.0,96,19620.0,20422.0,16580.0,3842.0,True,closed,16.0
AEG-00113,2016,medical_malpractice,C,2506000.0,2,50000.0,2000000.0,96,32557.0,35858.0,30772.0,5086.0,True,closed,27.0
AEG-00114,2016,workers_comp,B,4376000.0,1,250000.0,10000000.0,96,323824.0,348501.0,289119.0,59382.0,True,closed,9.0
AEG-00115,2016,workers_comp,B,4119000.0,0,250000.0,5000000.0,96,374124.0,349964.0,355072.0,0.0,False,closed,22.0
AEG-00116,2016,medical_malpractice,B,2530000.0,3,50000.0,10000000.0,96,189474.0,190424.0,165380.0,25044.0,False,closed,12.0
AEG-00117,2016,medical_malpractice,A,4770000.0,0,100000.0,10000000.0,96,61296.0,61800.0,50113.0,11687.0,False,closed,19.0
AEG-00118,2016,workers_comp,A,2531000.0,1,250000.0,2000000.0,96,208436.0,232966.0,189362.0,43604.0,False,closed,8.0
AEG-00119,2016,medical_malpractice,B,7847000.0,2,100000.0,10000000.0,96,172117.0,158196.0,159131.0,0.0,False,closed,36.0
AEG-00120,2016,general_liability,B,7655000.0,0,100000.0,5000000.0,96,106094.0,107406.0,104434.0,2972.0,False,closed,35.0
AEG-00121,2016,workers_comp,A,7740000.0,1,250000.0,10000000.0,96,402477.0,443192.0,393442.0,49750.0,True,closed,3.0
AEG-00122,2016,general_liability,C,3550000.0,1,50000.0,5000000.0,96,10543.0,10414.0,8555.0,1859.0,False,closed,14.0
AEG-00123,2016,workers_comp,B,5820000.0,1,100000.0,2000000.0,96,312656.0,299392.0,298389.0,1003.0,True,closed,13.0
AEG-00124,2016,medical_malpractice,A,4212000.0,1,100000.0,10000000.0,96,20248.0,20700.0,17257.0,3443.0,True,closed,2.0
AEG-00125,2016,medical_malpractice,A,3705000.0,0,250000.0,2000000.0,96,200273.0,194349.0,188144.0,6205.0,False,closed,5.0
AEG-00126,2016,medical_malpractice,C,3798000.0,1,100000.0,5000000.0,96,76265.0,84193.0,66800.0,17393.0,True,closed,14.0
AEG-00127,2016,medical_malpractice,A,2350000.0,1,250000.0,5000000.0,96,23929.0,21983.0,20685.0,1298.0,True,closed,5.0
AEG-00128,2016,medical_malpractice,A,2186000.0,1,100000.0,2000000.0,96,102226.0,96652.0,91764.0,4888.0,True,closed,20.0
AEG-00129,2016,property,A,6694000.0,2,100000.0,10000000.0,96,53295.0,48949.0,48291.0,658.0,False,closed,30.0
AEG-00130,2016,general_liability,A,4090000.0,0,250000.0,2000000.0,96,33255.0,35138.0,31223.0,3915.0,False,closed,10.0
AEG-00131,2016,medical_malpractice,D,5014000.0,3,250000.0,5000000.0,96,19982.0,19272.0,18535.0,737.0,True,closed,28.0
AEG-00132,2016,medical_malpractice,A,7426000.0,0,250000.0,2000000.0,96,64489.0,70811.0,60339.0,10472.0,False,closed,46.0
AEG-00133,2016,property,B,1892000.0,0,100000.0,10000000.0,96,328727.0,360482.0,288233.0,72249.0,True,closed,10.0
AEG-00134,2016,medical_malpractice,C,3040000.0,2,250000.0,5000000.0,96,321720.0,355824.0,300959.0,54865.0,False,closed,41.0
AEG-00135,2017,general_liability,C,7333000.0,0,250000.0,10000000.0,96,1494921.0,1541232.0,1291950.0,249282.0,True,closed,32.0
AEG-00136,2017,medical_malpractice,B,10598000.0,3,100000.0,5000000.0,89,24700.0,25398.0,24685.0,713.0,True,closed,38.0
AEG-00137,2017,workers_comp,D,5219000.0,3,100000.0,2000000.0,93,483351.0,442551.0,466074.0,0.0,False,closed,20.0
AEG-00138,2017,medical_malpractice,A,8396000.0,0,250000.0,2000000.0,94,17910.0,18470.0,17361.0,1109.0,True,closed,26.0
AEG-00139,2017,medical_malpractice,B,3321000.0,1,250000.0,2000000.0,91,18589.0,17716.0,15710.0,2006.0,False,closed,26.0
AEG-00140,2017,workers_comp,C,4093000.0,2,50000.0,10000000.0,91,236882.0,233427.0,199789.0,33638.0,True,closed,12.0
AEG-00141,2017,property,D,4503000.0,4,250000.0,5000000.0,94,645956.0,635058.0,613991.0,21067.0,False,closed,52.0
AEG-00142,2017,property,B,5560000.0,3,250000.0,10000000.0,86,45885.0,51122.0,44295.0,6827.0,False,closed,9.0
AEG-00143,2017,workers_comp,B,2095000.0,4,100000.0,10000000.0,86,629968.0,655365.0,532265.0,123100.0,True,closed,14.0
AEG-00144,2017,medical_malpractice,B,7202000.0,3,100000.0,10000000.0,94,34731.0,36797.0,29216.0,7581.0,False,closed,1.0
AEG-00145,2017,medical_malpractice,B,8718000.0,1,100000.0,10000000.0,95,101065.0,94800.0,85775.0,9025.0,False,closed,33.0
AEG-00146,2017,general_liability,B,2534000.0,1,50000.0,10000000.0,85,192151.0,185799.0,159009.0,26790.0,False,closed,12.0
AEG-00147,2017,medical_malpractice,D,2285000.0,2,250000.0,10000000.0,91,256915.0,280819.0,227175.0,53644.0,False,closed,57.0
AEG-00148,2017,property,C,5362000.0,1,50000.0,5000000.0,96,30694.0,28437.0,27642.0,795.0,True,closed,54.0
AEG-00149,2017,medical_malpractice,C,3244000.0,1,250000.0,5000000.0,90,682804.0,757698.0,632026.0,125672.0,True,closed,2.0
AEG-00150,2017,medical_malpractice,D,1375000.0,5,100000.0,5000000.0,92,247379.0,245902.0,200642.0,45260.0,False,closed,17.0
AEG-00151,2017,medical_malpractice,A,6742000.0,2,100000.0,5000000.0,89,43616.0,42996.0,36569.0,6427.0,False,closed,19.0
AEG-00152,2017,medical_malpractice,C,4864000.0,1,100000.0,2000000.0,91,32690.0,33122.0,26917.0,6205.0,True,closed,14.0
AEG-00153,2017,general_liability,B,3546000.0,0,250000.0,10000000.0,89,17696.0,17652.0,15112.0,2540.0,True,closed,9.0
AEG-00154,2017,medical_malpractice,C,12946000.0,2,250000.0,2000000.0,89,22181.0,22259.0,18569.0,3690.0,True,closed,15.0
AEG-00155,2017,workers_comp,A,4824000.0,0,100000.0,2000000.0,94,247294.0,245631.0,244142.0,1489.0,False,closed,20.0
AEG-00156,2017,workers_comp,B,3088000.0,1,50000.0,2000000.0,94,109035.0,114965.0,95369.0,19596.0,False,closed,19.0
AEG-00157,2017,medical_malpractice,C,4733000.0,3,250000.0,2000000.0,87,28894.0,27761.0,23918.0,3843.0,False,closed,16.0
AEG-00158,2017,workers_comp,A,2675000.0,1,50000.0,10000000.0,85,72091.0,67522.0,67282.0,240.0,False,closed,26.0
AEG-00159,2017,workers_comp,A,3075000.0,1,100000.0,10000000.0,96,798416.0,794902.0,794090.0,812.0,False,closed,16.0
AEG-00160,2017,medical_malpractice,B,5459000.0,0,50000.0,2000000.0,85,59417.0,54630.0,56974.0,0.0,False,closed,48.0
AEG-00161,2017,workers_comp,C,3411000.0,4,250000.0,2000000.0,91,100664.0,100505.0,93581.0,6924.0,False,closed,10.0
AEG-00162,2017,property,A,3592000.0,1,100000.0,5000000.0,91,768727.0,775457.0,673122.0,102335.0,False,closed,18.0
AEG-00163,2017,general_liability,C,10366000.0,1,100000.0,5000000.0,92,257936.0,276650.0,227154.0,49496.0,True,closed,27.0
AEG-00164,2017,medical_malpractice,A,6916000.0,1,250000.0,10000000.0,88,74872.0,69181.0,64422.0,4759.0,False,closed,29.0
AEG-00165,2017,property,B,6723000.0,1,50000.0,2000000.0,86,98750.0,97497.0,94923.0,2574.0,True,closed,49.0
AEG-00166,2017,property,B,5862000.0,0,100000.0,10000000.0,89,33324.0,35714.0,32013.0,3701.0,False,closed,12.0
AEG-00167,2017,medical_malpractice,B,5733000.0,0,50000.0,5000000.0,96,22618.0,22039.0,20308.0,1731.0,True,closed,37.0
AEG-00168,2017,medical_malpractice,C,9322000.0,0,100000.0,2000000.0,91,61089.0,66219.0,59402.0,6817.0,False,closed,19.0
AEG-00169,2017,workers_comp,C,4456000.0,1,100000.0,10000000.0,90,153137.0,162026.0,142485.0,19541.0,True,closed,3.0
AEG-00170,2017,workers_comp,A,11380000.0,1,100000.0,2000000.0,85,199054.0,180976.0,186536.0,0.0,False,closed,34.0
AEG-00171,2017,medical_malpractice,C,2797000.0,2,100000.0,5000000.0,96,200215.0,197164.0,170935.0,26229.0,False,closed,6.0
AEG-00172,2017,general_liability,B,3961000.0,3,50000.0,2000000.0,96,160436.0,171442.0,136100.0,35342.0,False,closed,13.0
AEG-00173,2017,medical_malpractice,B,2259000.0,0,50000.0,5000000.0,85,111981.0,113755.0,94685.0,19070.0,False,closed,27.0
AEG-00174,2017,property,C,3789000.0,1,50000.0,5000000.0,93,76164.0,79822.0,74831.0,4991.0,False,closed,12.0
AEG-00175,2017,medical_malpractice,C,5832000.0,0,100000.0,2000000.0,94,8907.0,9956.0,8551.0,1405.0,False,closed,9.0
AEG-00176,2017,medical_malpractice,B,9297000.0,2,250000.0,2000000.0,86,47744.0,50062.0,46782.0,3280.0,True,closed,28.0
AEG-00177,2017,medical_malpractice,D,3230000.0,2,100000.0,10000000.0,89,43276.0,44147.0,41742.0,2405.0,True,closed,38.0
AEG-00178,2017,medical_malpractice,A,4512000.0,0,50000.0,2000000.0,93,33594.0,36488.0,32283.0,4205.0,False,closed,12.0
AEG-00179,2017,property,A,3760000.0,4,250000.0,5000000.0,95,118605.0,117970.0,105228.0,12742.0,False,closed,15.0
AEG-00180,2017,medical_malpractice,C,3110000.0,2,250000.0,5000000.0,91,25399.0,22917.0,24208.0,0.0,False,closed,25.0
AEG-00181,2017,general_liability,B,2483000.0,1,50000.0,5000000.0,88,34621.0,33234.0,28851.0,4383.0,False,closed,20.0
AEG-00182,2017,property,B,4639000.0,0,100000.0,2000000.0,93,177004.0,182463.0,164818.0,17645.0,False,closed,16.0
AEG-00183,2017,medical_malpractice,B,1893000.0,1,50000.0,10000000.0,89,99285.0,110069.0,80277.0,29792.0,False,closed,60.0
AEG-00184,2017,medical_malpractice,A,4756000.0,3,50000.0,5000000.0,93,33464.0,34587.0,33235.0,1352.0,False,closed,15.0
AEG-00185,2017,workers_comp,C,4547000.0,4,100000.0,10000000.0,85,349648.0,336507.0,341218.0,0.0,True,closed,9.0
AEG-00186,2017,medical_malpractice,C,3239000.0,1,50000.0,10000000.0,96,82474.0,92248.0,68700.0,23548.0,False,closed,14.0
AEG-00187,2017,property,A,2715000.0,0,250000.0,10000000.0,88,50332.0,49730.0,48004.0,1726.0,False,closed,25.0
AEG-00188,2017,workers_comp,A,2252000.0,0,50000.0,10000000.0,86,138482.0,131574.0,133598.0,0.0,False,closed,11.0
AEG-00189,2017,medical_malpractice,C,11470000.0,1,100000.0,5000000.0,86,924854.0,944870.0,747653.0,197217.0,False,closed,8.0
AEG-00190,2017,general_liability,D,2300000.0,2,50000.0,10000000.0,96,85231.0,83159.0,77835.0,5324.0,False,closed,4.0
AEG-00191,2017,general_liability,C,9805000.0,3,50000.0,10000000.0,96,579750.0,536004.0,512511.0,23493.0,False,closed,68.0
AEG-00192,2017,workers_comp,B,6075000.0,0,100000.0,2000000.0,90,787090.0,831806.0,727074.0,104732.0,False,closed,28.0
AEG-00193,2017,medical_malpractice,B,3751000.0,0,250000.0,5000000.0,94,486748.0,512118.0,475686.0,36432.0,False,closed,7.0
AEG-00194,2017,medical_malpractice,B,2523000.0,2,100000.0,2000000.0,87,33745.0,37588.0,31875.0,5713.0,False,closed,27.0
AEG-00195,2017,medical_malpractice,A,7579000.0,1,250000.0,10000000.0,96,722372.0,671882.0,608404.0,63478.0,False,closed,26.0
AEG-00196,2017,medical_malpractice,B,10686000.0,1,100000.0,2000000.0,89,99351.0,109318.0,90503.0,18815.0,False,closed,42.0
AEG-00197,2017,medical_malpractice,A,2821000.0,0,250000.0,10000000.0,92,53144.0,57150.0,48486.0,8664.0,False,closed,8.0
AEG-00198,2017,property,A,3876000.0,0,100000.0,10000000.0,89,124791.0,119260.0,100117.0,19143.0,False,closed,42.0
AEG-00199,2017,workers_comp,B,7613000.0,1,100000.0,2000000.0,86,322373.0,324127.0,266400.0,57727.0,True,closed,33.0
AEG-00200,2017,medical_malpractice,A,5323000.0,3,50000.0,10000000.0,95,75464.0,78379.0,65797.0,12582.0,True,closed,7.0
AEG-00201,2017,workers_comp,B,12232000.0,3,50000.0,5000000.0,94,131692.0,127648.0,110042.0,17606.0,False,closed,22.0
AEG-00202,2017,general_liability,B,3384000.0,3,50000.0,10000000.0,91,543301.0,501826.0,460422.0,41404.0,False,closed,22.0
AEG-00203,2017,medical_malpractice,B,5902000.0,1,100000.0,5000000.0,96,37852.0,41038.0,35400.0,5638.0,False,closed,24.0
AEG-00204,2017,medical_malpractice,D,2408000.0,2,250000.0,10000000.0,85,39066.0,36575.0,38764.0,0.0,True,closed,2.0
AEG-00205,2017,property,C,12833000.0,0,50000.0,2000000.0,90,604022.0,608829.0,538553.0,70276.0,False,closed,23.0
AEG-00206,2017,medical_malpractice,B,3123000.0,3,50000.0,5000000.0,93,195195.0,194472.0,181378.0,13094.0,False,closed,14.0
AEG-00207,2017,general_liability,C,1492000.0,1,100000.0,10000000.0,89,533580.0,586226.0,508118.0,78108.0,True,closed,33.0
AEG-00208,2017,property,B,4226000.0,2,250000.0,2000000.0,90,57888.0,59217.0,54102.0,5115.0,True,closed,22.0
AEG-00209,2017,medical_malpractice,C,4197000.0,5,250000.0,10000000.0,87,368139.0,365698.0,342886.0,22812.0,False,closed,12.0
AEG-00210,2017,workers_comp,A,11727000.0,3,100000.0,10000000.0,94,230033.0,256463.0,184080.0,72383.0,False,closed,8.0
AEG-00211,2017,medical_malpractice,B,3799000.0,1,250000.0,10000000.0,88,659725.0,644921.0,642561.0,2360.0,False,closed,15.0
AEG-00212,2017,workers_comp,D,4472000.0,4,250000.0,5000000.0,85,57304.0,60732.0,47691.0,13041.0,True,closed,23.0
AEG-00213,2017,workers_comp,B,6054000.0,1,50000.0,5000000.0,87,207447.0,197380.0,173446.0,23934.0,False,closed,18.0
AEG-00214,2017,workers_comp,B,9946000.0,0,50000.0,10000000.0,95,117296.0,125107.0,105797.0,19310.0,True,closed,5.0
AEG-00215,2017,property,C,4360000.0,1,250000.0,5000000.0,91,38990.0,41535.0,35768.0,5767.0,False,closed,51.0
AEG-00216,2017,workers_comp,B,7567000.0,0,100000.0,2000000.0,95,70936.0,76767.0,67468.0,9299.0,False,closed,34.0
AEG-00217,2017,property,C,5831000.0,1,100000.0,10000000.0,91,886839.0,892728.0,761427.0,131301.0,True,closed,20.0
AEG-00218,2017,medical_malpractice,A,3880000.0,1,100000.0,10000000.0,85,41494.0,39373.0,41039.0,0.0,False,closed,22.0
AEG-00219,2017,general_liability,A,4678000.0,0,100000.0,5000000.0,94,44281.0,46010.0,40989.0,5021.0,False,closed,28.0
AEG-00220,2017,medical_malpractice,A,4565000.0,1,250000.0,2000000.0,90,193129.0,212490.0,187109.0,25381.0,False,closed,22.0
AEG-00221,2017,medical_malpractice,A,2846000.0,0,250000.0,10000000.0,86,221865.0,214801.0,198659.0,16142.0,True,closed,16.0
AEG-00222,2017,medical_malpractice,D,8256000.0,4,50000.0,2000000.0,86,403293.0,364752.0,328373.0,36379.0,False,closed,40.0
AEG-00223,2017,workers_comp,A,2251000.0,2,100000.0,5000000.0,85,53290.0,50130.0,42761.0,7369.0,False,closed,17.0
AEG-00224,2017,workers_comp,A,8082000.0,0,50000.0,2000000.0,91,123617.0,136627.0,114723.0,21904.0,False,closed,15.0
AEG-00225,2017,medical_malpractice,B,7252000.0,2,250000.0,5000000.0,93,284325.0,256271.0,251692.0,4579.0,True,closed,20.0
AEG-00226,2017,property,C,4295000.0,2,50000.0,10000000.0,86,114103.0,104045.0,101334.0,2711.0,True,closed,18.0
AEG-00227,2017,medical_malpractice,C,3069000.0,3,100000.0,2000000.0,91,44841.0,41327.0,38796.0,2531.0,False,closed,22.0
AEG-00228,2017,medical_malpractice,B,4018000.0,3,250000.0,2000000.0,95,225276.0,246949.0,188254.0,58695.0,True,closed,119.0
AEG-00229,2017,workers_comp,A,5700000.0,1,250000.0,2000000.0,95,796798.0,784312.0,712924.0,71388.0,True,closed,13.0
AEG-00230,2017,workers_comp,C,6525000.0,2,50000.0,2000000.0,87,52406.0,55139.0,44595.0,10544.0,True,closed,26.0
AEG-00231,2017,workers_comp,A,5194000.0,2,250000.0,5000000.0,88,6664.0,7032.0,6521.0,511.0,False,closed,35.0
AEG-00232,2017,medical_malpractice,A,7390000.0,1,50000.0,2000000.0,93,13423.0,13362.0,11218.0,2144.0,False,closed,5.0
AEG-00233,2017,general_liability,A,3405000.0,0,250000.0,2000000.0,94,31728.0,33667.0,31523.0,2144.0,False,closed,16.0
AEG-00234,2017,workers_comp,B,5060000.0,0,100000.0,2000000.0,92,137768.0,137970.0,133918.0,4052.0,False,closed,5.0
AEG-00235,2017,medical_malpractice,D,2054000.0,3,250000.0,10000000.0,92,263246.0,268302.0,230795.0,37507.0,True,closed,11.0
AEG-00236,2017,workers_comp,C,6592000.0,3,250000.0,2000000.0,88,166571.0,161157.0,159004.0,2153.0,False,closed,5.0
AEG-00237,2017,workers_comp,B,4858000.0,1,100000.0,10000000.0,96,72133.0,64950.0,66084.0,0.0,False,closed,22.0
AEG-00238,2017,general_liability,B,3656000.0,0,100000.0,10000000.0,87,148103.0,152624.0,132284.0,20340.0,False,closed,12.0
AEG-00239,2017,workers_comp,B,8043000.0,5,250000.0,2000000.0,92,53397.0,51178.0,51389.0,0.0,False,closed,38.0
AEG-00240,2017,medical_malpractice,B,6359000.0,1,50000.0,5000000.0,95,82344.0,79094.0,79557.0,0.0,False,closed,15.0
AEG-00241,2017,workers_comp,B,1101000.0,1,100000.0,2000000.0,92,77177.0,84380.0,64852.0,19528.0,True,closed,14.0
AEG-00242,2017,general_liability,A,4591000.0,0,100000.0,2000000.0,85,2000000.0,1959214.0,1962404.0,0.0,False,closed,12.0
AEG-00243,2017,medical_malpractice,A,2174000.0,1,100000.0,2000000.0,87,182029.0,167925.0,146791.0,21134.0,False,closed,10.0
AEG-00244,2017,general_liability,C,7671000.0,1,50000.0,5000000.0,88,58048.0,60293.0,46503.0,13790.0,False,closed,38.0
AEG-00245,2017,general_liability,B,15621000.0,3,100000.0,10000000.0,96,39451.0,40179.0,35377.0,4802.0,False,closed,6.0
AEG-00246,2017,general_liability,C,3472000.0,1,50000.0,10000000.0,88,91618.0,83617.0,78816.0,4801.0,False,closed,42.0
AEG-00247,2017,medical_malpractice,A,4671000.0,0,100000.0,2000000.0,87,10732.0,10483.0,9493.0,990.0,False,closed,16.0
AEG-00248,2017,property,D,3969000.0,3,250000.0,2000000.0,92,127928.0,132337.0,114598.0,17739.0,False,closed,6.0
AEG-00249,2017,property,B,5363000.0,4,100000.0,10000000.0,90,84994.0,81725.0,75956.0,5769.0,False,closed,20.0
AEG-00250,2017,medical_malpractice,D,6211000.0,2,100000.0,10000000.0,89,358302.0,400207.0,351698.0,48509.0,False,closed,11.0
AEG-00251,2017,property,B,8565000.0,1,100000.0,2000000.0,86,121626.0,130842.0,119636.0,11206.0,False,closed,11.0
AEG-00252,2017,general_liability,B,2747000.0,1,50000.0,5000000.0,86,50019.0,50566.0,43479.0,7087.0,True,closed,43.0
AEG-00253,2017,medical_malpractice,C,9874000.0,4,100000.0,2000000.0,88,22722.0,25026.0,19485.0,5541.0,False,closed,29.0
AEG-00254,2017,workers_comp,B,2824000.0,1,250000.0,5000000.0,91,41711.0,37859.0,38825.0,0.0,False,closed,1.0
AEG-00255,2017,medical_malpractice,B,5169000.0,0,250000.0,2000000.0,85,80524.0,76449.0,67615.0,8834.0,False,closed,16.0
AEG-00256,2017,workers_comp,A,8031000.0,2,250000.0,2000000.0,93,103183.0,113632.0,90811.0,22821.0,True,closed,16.0
AEG-00257,2017,workers_comp,B,6428000.0,1,50000.0,10000000.0,88,594838.0,601927.0,561284.0,40643.0,True,closed,13.0
AEG-00258,2017,general_liability,B,2815000.0,3,250000.0,2000000.0,93,60222.0,56455.0,48246.0,8209.0,False,closed,51.0
AEG-00259,2017,medical_malpractice,A,3168000.0,1,100000.0,2000000.0,92,240549.0,246664.0,229572.0,17092.0,False,closed,9.0
AEG-00260,2017,workers_comp,A,3571000.0,2,50000.0,5000000.0,90,177611.0,188383.0,168156.0,20227.0,True,closed,9.0
AEG-00261,2017,workers_comp,B,4386000.0,0,250000.0,10000000.0,92,160544.0,165802.0,140870.0,24932.0,False,closed,21.0
AEG-00262,2017,property,A,7985000.0,0,50000.0,5000000.0,88,16151.0,14699.0,13721.0,978.0,True,closed,39.0
AEG-00263,2017,medical_malpractice,C,2359000.0,1,100000.0,5000000.0,87,24078.0,21865.0,21863.0,2.0,True,closed,5.0
AEG-00264,2017,workers_comp,A,5683000.0,0,100000.0,2000000.0,85,309991.0,306754.0,266322.0,40432.0,False,closed,16.0
AEG-00265,2017,workers_comp,A,6105000.0,0,100000.0,2000000.0,91,659441.0,595856.0,635844.0,0.0,False,closed,15.0
AEG-00266,2017,medical_malpractice,D,5949000.0,2,100000.0,2000000.0,91,164396.0,150997.0,150936.0,61.0,False,closed,29.0
AEG-00267,2017,medical_malpractice,B,5682000.0,5,50000.0,2000000.0,86,208881.0,217521.0,179919.0,37602.0,False,closed,73.0
AEG-00268,2017,medical_malpractice,B,9614000.0,1,250000.0,5000000.0,92,54379.0,54186.0,52287.0,1899.0,True,closed,33.0
AEG-00269,2017,medical_malpractice,A,5743000.0,1,50000.0,5000000.0,87,46424.0,42655.0,42781.0,0.0,False,closed,13.0
AEG-00270,2017,medical_malpractice,A,6907000.0,1,250000.0,2000000.0,90,33197.0,36278.0,27434.0,8844.0,False,closed,10.0
AEG-00271,2017,medical_malpractice,B,5965000.0,1,250000.0,5000000.0,90,266604.0,261556.0,235358.0,26198.0,True,closed,1.0
AEG-00272,2017,medical_malpractice,C,11030000.0,3,250000.0,5000000.0,96,157445.0,172292.0,141377.0,30915.0,True,closed,20.0
AEG-00273,2017,workers_comp,A,1741000.0,0,50000.0,2000000.0,92,100948.0,104384.0,99832.0,4552.0,False,closed,34.0
AEG-00274,2017,medical_malpractice,C,8543000.0,5,100000.0,2000000.0,87,72763.0,75427.0,62877.0,12550.0,False,closed,30.0
AEG-00275,2017,general_liability,D,3949000.0,2,250000.0,5000000.0,88,351257.0,348899.0,312515.0,36384.0,False,closed,12.0
AEG-00276,2017,medical_malpractice,B,3911000.0,1,100000.0,2000000.0,94,126020.0,132049.0,125435.0,6614.0,True,closed,52.0
AEG-00277,2017,medical_malpractice,B,2771000.0,3,250000.0,5000000.0,86,33382.0,31832.0,29551.0,2281.0,True,closed,7.0
AEG-00278,2017,workers_comp,A,1768000.0,2,50000.0,10000000.0,93,950781.0,909549.0,917905.0,0.0,False,closed,39.0
AEG-00279,2017,general_liability,A,3718000.0,1,100000.0,10000000.0,89,136608.0,149241.0,111936.0,37305.0,False,closed,27.0
AEG-00280,2017,general_liability,B,3191000.0,0,100000.0,2000000.0,95,125661.0,118727.0,110426.0,8301.0,False,closed,12.0
AEG-00281,2017,medical_malpractice,C,5761000.0,2,250000.0,5000000.0,89,580413.0,571666.0,485667.0,85999.0,True,closed,38.0
AEG-00282,2017,general_liability,A,2155000.0,0,50000.0,2000000.0,96,330021.0,351089.0,322364.0,28725.0,False,closed,7.0
AEG-00283,2017,workers_comp,C,9206000.0,1,100000.0,10000000.0,86,178170.0,173288.0,162228.0,11060.0,False,closed,9.0
AEG-00284,2017,medical_malpractice,B,5155000.0,0,50000.0,5000000.0,87,160974.0,157838.0,135815.0,22023.0,False,closed,24.0
AEG-00285,2017,general_liability,A,3975000.0,0,250000.0,5000000.0,90,29697.0,32667.0,24305.0,8362.0,True,closed,61.0
AEG-00286,2017,workers_comp,A,3156000.0,1,50000.0,10000000.0,96,63240.0,59789.0,55916.0,3873.0,False,closed,35.0
AEG-00287,2017,medical_malpractice,C,3036000.0,5,250000.0,5000000.0,95,7889.0,7519.0,6463.0,1056.0,True,closed,11.0
AEG-00288,2017,property,B,2558000.0,0,50000.0,10000000.0,89,808323.0,885179.0,725105.0,160074.0,True,closed,54.0
AEG-00289,2017,general_liability,B,3428000.0,2,100000.0,5000000.0,95,13990.0,13438.0,13231.0,207.0,False,closed,82.0
AEG-00290,2017,medical_malpractice,C,4514000.0,2,50000.0,10000000.0,93,232369.0,226033.0,200320.0,25713.0,False,closed,23.0
AEG-00291,2017,workers_comp,A,4118000.0,1,100000.0,10000000.0,96,50837.0,55618.0,42372.0,13246.0,False,closed,20.0
AEG-00292,2018,medical_malpractice,A,7493000.0,0,250000.0,10000000.0,75,51497.0,51963.0,42351.0,9612.0,False,closed,70.0
AEG-00293,2018,medical_malpractice,B,9061000.0,1,100000.0,5000000.0,81,159642.0,176285.0,139810.0,36475.0,False,closed,15.0
AEG-00294,2018,medical_malpractice,C,4623000.0,3,100000.0,5000000.0,80,237957.0,229710.0,210330.0,19380.0,False,closed,42.0
AEG-00295,2018,medical_malpractice,C,7588000.0,2,100000.0,10000000.0,79,43760.0,48164.0,39791.0,8373.0,False,closed,45.0
AEG-00296,2018,medical_malpractice,B,2685000.0,1,50000.0,10000000.0,81,249503.0,233771.0,244987.0,0.0,False,closed,27.0
AEG-00297,2018,general_liability,B,4894000.0,4,50000.0,5000000.0,74,1071283.0,1127837.0,985576.0,142261.0,False,closed,11.0
AEG-00298,2018,medical_malpractice,B,3207000.0,1,250000.0,10000000.0,81,53470.0,59198.0,46036.0,13162.0,False,closed,4.0
AEG-00299,2018,workers_comp,A,4909000.0,0,100000.0,10000000.0,76,311461.0,290882.0,290468.0,414.0,False,closed,2.0
AEG-00300,2018,general_liability,B,6550000.0,0,50000.0,5000000.0,77,20816.0,22261.0,18023.0,4238.0,False,closed,54.0
AEG-00301,2018,medical_malpractice,D,7682000.0,2,50000.0,2000000.0,73,13653.0,13108.0,12438.0,670.0,False,closed,25.0
AEG-00302,2018,medical_malpractice,A,2743000.0,1,100000.0,10000000.0,77,144768.0,132171.0,118671.0,13500.0,False,closed,47.0
AEG-00303,2018,medical_malpractice,B,8481000.0,0,100000.0,5000000.0,78,91873.0,91401.0,83861.0,7540.0,False,closed,38.0
AEG-00304,2018,medical_malpractice,B,3550000.0,2,50000.0,10000000.0,82,110051.0,115969.0,98574.0,17395.0,False,closed,28.0
AEG-00305,2018,general_liability,A,2694000.0,2,100000.0,10000000.0,75,52324.0,50354.0,48614.0,1740.0,True,closed,7.0
AEG-00306,2018,medical_malpractice,B,4132000.0,2,100000.0,10000000.0,84,62409.0,69215.0,57000.0,12215.0,False,closed,28.0
AEG-00307,2018,medical_malpractice,D,2166000.0,1,100000.0,10000000.0,75,331737.0,298729.0,303390.0,0.0,True,closed,5.0
AEG-00308,2018,workers_comp,A,4510000.0,0,100000.0,2000000.0,75,960174.0,920722.0,909719.0,11003.0,False,closed,53.0
AEG-00309,2018,medical_malpractice,C,5201000.0,4,50000.0,10000000.0,84,83352.0,81281.0,68906.0,12375.0,False,closed,14.0
AEG-00310,2018,workers_comp,D,4071000.0,2,50000.0,2000000.0,77,36337.0,35668.0,34532.0,1136.0,False,closed,39.0
AEG-00311,2018,general_liability,A,5884000.0,0,50000.0,10000000.0,77,443657.0,428542.0,410274.0,18268.0,True,closed,7.0
AEG-00312,2018,general_liability,D,3845000.0,1,250000.0,5000000.0,76,373366.0,337785.0,350113.0,0.0,False,closed,2.0
AEG-00313,2018,medical_malpractice,C,4509000.0,1,50000.0,10000000.0,79,234465.0,221848.0,206309.0,15539.0,True,closed,44.0
AEG-00314,2018,medical_malpractice,B,2190000.0,1,50000.0,2000000.0,84,108041.0,103456.0,88273.0,15183.0,True,closed,35.0
AEG-00315,2018,general_liability,A,4597000.0,0,50000.0,2000000.0,84,1483634.0,1554771.0,1460506.0,94265.0,False,closed,34.0
AEG-00316,2018,medical_malpractice,A,2940000.0,0,50000.0,10000000.0,73,78275.0,76945.0,75566.0,1379.0,False,closed,10.0
AEG-00317,2018,workers_comp,A,3594000.0,0,100000.0,2000000.0,79,240798.0,254987.0,239646.0,15341.0,True,closed,19.0
AEG-00318,2018,medical_malpractice,C,4294000.0,3,250000.0,5000000.0,83,12698.0,12664.0,11327.0,1337.0,False,closed,57.0
AEG-00319,2018,medical_malpractice,C,4951000.0,2,100000.0,10000000.0,73,54998.0,53621.0,53730.0,0.0,True,closed,10.0
AEG-00320,2018,medical_malpractice,A,1975000.0,0,100000.0,10000000.0,82,32568.0,30450.0,31731.0,0.0,True,closed,17.0
AEG-00321,2018,workers_comp,B,2059000.0,2,100000.0,2000000.0,78,157310.0,149482.0,143149.0,6333.0,False,closed,26.0
AEG-00322,2018,workers_comp,A,3869000.0,0,250000.0,2000000.0,76,198970.0,218535.0,195011.0,23524.0,True,closed,10.0
AEG-00323,2018,general_liability,C,5705000.0,1,50000.0,5000000.0,75,64586.0,64595.0,62192.0,2403.0,False,closed,25.0
AEG-00324,2018,medical_malpractice,B,5388000.0,2,50000.0,5000000.0,81,642341.0,622412.0,527064.0,95348.0,False,closed,22.0
AEG-00325,2018,general_liability,D,7032000.0,2,100000.0,10000000.0,73,54848.0,51998.0,45346.0,6652.0,False,closed,18.0
AEG-00326,2018,workers_comp,C,8625000.0,1,50000.0,10000000.0,77,118431.0,129428.0,104394.0,25034.0,True,closed,46.0
AEG-00327,2018,medical_malpractice,A,5768000.0,0,250000.0,2000000.0,75,94424.0,99610.0,85603.0,14007.0,False,closed,37.0
AEG-00328,2018,workers_comp,B,4456000.0,1,250000.0,10000000.0,80,38604.0,40642.0,35922.0,4720.0,False,closed,10.0
AEG-00329,2018,workers_comp,B,2687000.0,3,250000.0,5000000.0,76,313944.0,338122.0,286590.0,51532.0,False,closed,9.0
AEG-00330,2018,medical_malpractice,D,2804000.0,4,250000.0,5000000.0,78,270905.0,258196.0,264190.0,0.0,False,closed,20.0
AEG-00331,2018,medical_malpractice,B,3563000.0,0,50000.0,2000000.0,78,62622.0,66431.0,60126.0,6305.0,True,closed,36.0
AEG-00332,2018,general_liability,A,5144000.0,1,250000.0,5000000.0,83,922338.0,844598.0,756777.0,87821.0,True,closed,25.0
AEG-00333,2018,medical_malpractice,A,5025000.0,0,250000.0,5000000.0,78,78862.0,82512.0,68440.0,14072.0,False,closed,23.0
AEG-00334,2018,medical_malpractice,A,4510000.0,1,50000.0,5000000.0,78,99194.0,96306.0,96970.0,0.0,False,closed,22.0
AEG-00335,2018,general_liability,A,4169000.0,1,100000.0,5000000.0,83,33968.0,35517.0,32304.0,3213.0,False,closed,3.0
AEG-00336,2018,property,B,6168000.0,0,100000.0,5000000.0,82,29183.0,27720.0,23438.0,4282.0,False,closed,19.0
AEG-00337,2018,medical_malpractice,A,4994000.0,1,100000.0,5000000.0,80,34725.0,33953.0,32133.0,1820.0,True,closed,32.0
AEG-00338,2018,medical_malpractice,B,5223000.0,2,100000.0,5000000.0,79,60561.0,63435.0,49979.0,13456.0,False,closed,13.0
AEG-00339,2018,general_liability,C,5250000.0,1,250000.0,2000000.0,84,90583.0,100247.0,81586.0,18661.0,True,closed,122.0
AEG-00340,2018,property,D,3424000.0,1,250000.0,10000000.0,77,724088.0,705953.0,723241.0,0.0,True,closed,3.0
AEG-00341,2018,medical_malpractice,A,2688000.0,1,250000.0,2000000.0,81,4607.0,4318.0,3755.0,563.0,True,closed,15.0
AEG-00342,2018,general_liability,B,5753000.0,1,50000.0,10000000.0,84,33970.0,31504.0,32771.0,0.0,False,closed,19.0
AEG-00343,2018,medical_malpractice,B,5542000.0,2,50000.0,5000000.0,81,10720.0,11231.0,9613.0,1618.0,True,closed,30.0
AEG-00344,2018,general_liability,A,4031000.0,0,250000.0,2000000.0,75,480228.0,526691.0,478191.0,48500.0,False,closed,5.0
AEG-00345,2018,medical_malpractice,B,3655000.0,3,100000.0,10000000.0,84,45763.0,41358.0,44478.0,0.0,False,closed,15.0
AEG-00346,2018,workers_comp,A,14059000.0,1,250000.0,10000000.0,83,73724.0,71946.0,59936.0,12010.0,False,closed,28.0
AEG-00347,2018,medical_malpractice,B,3079000.0,1,50000.0,2000000.0,80,24679.0,23128.0,22918.0,210.0,False,closed,20.0
AEG-00348,2018,workers_comp,B,4036000.0,0,50000.0,10000000.0,84,458480.0,508921.0,445670.0,63251.0,True,closed,71.0
AEG-00349,2018,medical_malpractice,C,5139000.0,1,100000.0,5000000.0,76,66690.0,61962.0,57077.0,4885.0,False,closed,28.0
AEG-00350,2018,medical_malpractice,A,2527000.0,0,50000.0,5000000.0,83,92706.0,84835.0,87232.0,0.0,False,closed,9.0
AEG-00351,2018,medical_malpractice,B,4772000.0,0,50000.0,5000000.0,75,8438.0,9020.0,7180.0,1840.0,False,closed,23.0
AEG-00352,2018,medical_malpractice,B,11056000.0,1,100000.0,10000000.0,80,337670.0,378114.0,283999.0,94115.0,True,closed,30.0
AEG-00353,2018,medical_malpractice,B,7178000.0,4,100000.0,2000000.0,76,138198.0,147905.0,119741.0,28164.0,True,closed,43.0
AEG-00354,2018,medical_malpractice,D,6173000.0,1,250000.0,10000000.0,80,247056.0,228580.0,212125.0,16455.0,True,closed,23.0
AEG-00355,2018,general_liability,B,6051000.0,0,250000.0,10000000.0,82,520253.0,514911.0,516342.0,0.0,True,closed,7.0
AEG-00356,2018,medical_malpractice,B,4759000.0,0,100000.0,10000000.0,84,70272.0,71284.0,59520.0,11764.0,False,closed,37.0
AEG-00357,2018,workers_comp,B,7266000.0,3,250000.0,10000000.0,73,134495.0,147638.0,119016.0,28622.0,False,closed,32.0
AEG-00358,2018,general_liability,B,4163000.0,2,100000.0,2000000.0,78,286611.0,305451.0,257137.0,48314.0,False,closed,34.0
AEG-00359,2018,general_liability,C,3643000.0,0,250000.0,2000000.0,83,250392.0,228659.0,234927.0,0.0,False,closed,17.0
AEG-00360,2018,workers_comp,A,4736000.0,0,250000.0,10000000.0,82,100724.0,100691.0,100119.0,572.0,False,closed,19.0
AEG-00361,2018,workers_comp,A,7078000.0,0,250000.0,5000000.0,77,140491.0,150508.0,129643.0,20865.0,True,closed,20.0
AEG-00362,2018,general_liability,C,5308000.0,1,100000.0,10000000.0,82,85760.0,87432.0,83369.0,4063.0,True,closed,34.0
AEG-00363,2018,medical_malpractice,B,6305000.0,1,50000.0,2000000.0,76,200092.0,209434.0,165333.0,44101.0,False,closed,8.0
AEG-00364,2018,general_liability,C,1636000.0,1,250000.0,2000000.0,83,449288.0,499981.0,418862.0,81119.0,True,closed,11.0
AEG-00365,2018,medical_malpractice,A,8171000.0,1,250000.0,5000000.0,79,72378.0,80723.0,60398.0,20325.0,True,closed,64.0
AEG-00366,2018,general_liability,A,14503000.0,2,50000.0,5000000.0,78,894597.0,969847.0,871568.0,98279.0,False,closed,36.0
AEG-00367,2018,medical_malpractice,C,8772000.0,2,100000.0,2000000.0,79,18259.0,18731.0,16782.0,1949.0,False,closed,18.0
AEG-00368,2018,general_liability,B,3839000.0,0,50000.0,2000000.0,80,95990.0,92886.0,79407.0,13479.0,False,closed,27.0
AEG-00369,2018,medical_malpractice,A,2944000.0,0,250000.0,5000000.0,76,516692.0,483175.0,501203.0,0.0,False,closed,41.0
AEG-00370,2018,workers_comp,A,5170000.0,0,50000.0,5000000.0,74,82269.0,77073.0,74453.0,2620.0,False,closed,5.0
AEG-00371,2018,medical_malpractice,C,2747000.0,1,250000.0,5000000.0,75,17000.0,17695.0,15251.0,2444.0,True,closed,15.0
AEG-00372,2018,workers_comp,A,6468000.0,0,250000.0,10000000.0,73,667450.0,714198.0,544796.0,169402.0,True,closed,7.0
AEG-00373,2018,workers_comp,B,3460000.0,3,100000.0,2000000.0,82,306279.0,333511.0,300578.0,32933.0,False,closed,17.0
AEG-00374,2018,medical_malpractice,C,7275000.0,0,100000.0,10000000.0,74,27138.0,29881.0,24500.0,5381.0,True,closed,13.0
AEG-00375,2018,general_liability,B,8892000.0,1,250000.0,2000000.0,75,306945.0,295689.0,298631.0,0.0,False,closed,7.0
AEG-00376,2018,medical_malpractice,C,1629000.0,1,250000.0,10000000.0,81,33067.0,32194.0,26951.0,5243.0,True,closed,56.0
AEG-00377,2018,medical_malpractice,D,5209000.0,0,250000.0,10000000.0,79,28012.0,26420.0,26217.0,203.0,True,closed,4.0
AEG-00378,2018,medical_malpractice,A,3174000.0,1,100000.0,2000000.0,77,60460.0,61649.0,52908.0,8741.0,False,closed,26.0
AEG-00379,2018,medical_malpractice,C,2224000.0,3,250000.0,5000000.0,77,61760.0,68446.0,56036.0,12410.0,True,closed,16.0
AEG-00380,2018,workers_comp,B,3305000.0,0,250000.0,2000000.0,83,46121.0,49196.0,42656.0,6540.0,False,closed,30.0
AEG-00381,2018,medical_malpractice,A,4033000.0,0,250000.0,10000000.0,77,47282.0,47097.0,45635.0,1462.0,True,closed,2.0
AEG-00382,2018,medical_malpractice,A,7545000.0,1,100000.0,10000000.0,73,22642.0,21170.0,22295.0,0.0,False,closed,40.0
AEG-00383,2018,medical_malpractice,B,2103000.0,0,100000.0,2000000.0,82,94326.0,102383.0,78606.0,23777.0,True,closed,3.0
AEG-00384,2018,workers_comp,A,7610000.0,0,100000.0,2000000.0,75,130341.0,143006.0,126681.0,16325.0,False,closed,33.0
AEG-00385,2018,general_liability,C,12343000.0,1,50000.0,5000000.0,84,362590.0,387600.0,298543.0,89057.0,False,closed,15.0
AEG-00386,2018,general_liability,B,6067000.0,2,250000.0,2000000.0,83,74463.0,71803.0,59731.0,12072.0,False,closed,45.0
AEG-00387,2018,general_liability,A,5912000.0,1,50000.0,10000000.0,79,22185.0,21871.0,19085.0,2786.0,True,closed,29.0
AEG-00388,2018,workers_comp,C,4470000.0,1,100000.0,2000000.0,78,43640.0,44879.0,37397.0,7482.0,True,closed,15.0
AEG-00389,2018,general_liability,B,2501000.0,0,100000.0,10000000.0,82,94745.0,104403.0,90408.0,13995.0,True,closed,24.0
AEG-00390,2018,general_liability,B,5880000.0,0,100000.0,10000000.0,75,739155.0,704722.0,674161.0,30561.0,False,closed,16.0
AEG-00391,2018,medical_malpractice,A,5453000.0,0,250000.0,5000000.0,74,191770.0,190300.0,168304.0,21996.0,False,closed,29.0
AEG-00392,2018,general_liability,B,6487000.0,1,250000.0,5000000.0,82,60069.0,54857.0,57554.0,0.0,False,closed,4.0
AEG-00393,2018,property,D,16257000.0,5,50000.0,2000000.0,76,889681.0,801322.0,878258.0,0.0,False,closed,12.0
AEG-00394,2018,general_liability,B,6475000.0,1,250000.0,10000000.0,75,33037.0,31502.0,30667.0,835.0,False,closed,9.0
AEG-00395,2018,general_liability,B,5567000.0,1,100000.0,5000000.0,81,404696.0,436255.0,376614.0,59641.0,True,closed,36.0
AEG-00396,2018,workers_comp,B,9826000.0,0,100000.0,10000000.0,84,105190.0,110300.0,102280.0,8020.0,True,closed,7.0
AEG-00397,2018,medical_malpractice,B,2297000.0,1,100000.0,2000000.0,82,213688.0,214732.0,183462.0,31270.0,False,closed,14.0
AEG-00398,2018,medical_malpractice,B,2541000.0,2,50000.0,10000000.0,76,180572.0,178786.0,180423.0,0.0,False,closed,5.0
AEG-00399,2018,workers_comp,A,3730000.0,0,250000.0,2000000.0,82,97293.0,93234.0,81263.0,11971.0,False,closed,16.0
AEG-00400,2018,property,A,3243000.0,2,250000.0,10000000.0,83,240556.0,257043.0,194624.0,62419.0,False,closed,22.0
AEG-00401,2018,medical_malpractice,A,6366000.0,0,50000.0,2000000.0,81,21075.0,21229.0,20330.0,899.0,False,closed,72.0
AEG-00402,2018,medical_malpractice,C,3840000.0,2,100000.0,10000000.0,78,98828.0,90468.0,82509.0,7959.0,True,closed,13.0
AEG-00403,2018,medical_malpractice,A,10741000.0,0,50000.0,5000000.0,81,251532.0,261085.0,218103.0,42982.0,True,closed,24.0
AEG-00404,2018,general_liability,A,9624000.0,0,250000.0,2000000.0,84,2000000.0,2236985.0,1805235.0,431750.0,False,closed,16.0
AEG-00405,2018,medical_malpractice,B,6613000.0,3,250000.0,5000000.0,73,198229.0,181581.0,162990.0,18591.0,False,closed,20.0
AEG-00406,2018,general_liability,B,3710000.0,1,250000.0,5000000.0,76,139338.0,155969.0,123280.0,32689.0,False,closed,26.0
AEG-00407,2018,workers_comp,D,6126000.0,1,100000.0,5000000.0,81,75957.0,70024.0,66141.0,3883.0,True,closed,12.0
AEG-00408,2018,medical_malpractice,A,6750000.0,0,100000.0,5000000.0,84,244781.0,236874.0,200021.0,36853.0,True,closed,3.0
AEG-00409,2018,workers_comp,A,2640000.0,0,50000.0,2000000.0,77,19843.0,22121.0,18267.0,3854.0,False,closed,37.0
AEG-00410,2018,medical_malpractice,A,5357000.0,0,250000.0,5000000.0,76,28598.0,31854.0,25458.0,6396.0,True,closed,19.0
AEG-00411,2018,general_liability,B,6405000.0,3,50000.0,5000000.0,83,190336.0,179034.0,158349.0,20685.0,False,closed,7.0
AEG-00412,2018,medical_malpractice,A,5014000.0,0,100000.0,10000000.0,78,17975.0,19026.0,17213.0,1813.0,False,closed,27.0
AEG-00413,2018,medical_malpractice,B,9871000.0,1,250000.0,10000000.0,73,520912.0,539031.0,459450.0,79581.0,False,closed,33.0
AEG-00414,2018,medical_malpractice,B,8258000.0,0,250000.0,10000000.0,80,311002.0,307135.0,250403.0,56732.0,True,closed,3.0
AEG-00415,2018,medical_malpractice,B,2978000.0,1,100000.0,5000000.0,73,45781.0,49096.0,44677.0,4419.0,False,closed,22.0
AEG-00416,2018,medical_malpractice,B,4789000.0,0,250000.0,2000000.0,79,46471.0,48312.0,40980.0,7332.0,False,closed,14.0
AEG-00417,2018,medical_malpractice,A,2963000.0,1,50000.0,10000000.0,78,15771.0,14975.0,12907.0,2068.0,False,closed,54.0
AEG-00418,2018,medical_malpractice,B,6013000.0,0,100000.0,2000000.0,81,17529.0,17666.0,15036.0,2630.0,False,closed,7.0
AEG-00419,2018,medical_malpractice,D,2917000.0,3,250000.0,10000000.0,76,219183.0,231477.0,186526.0,44951.0,False,closed,38.0
AEG-00420,2018,medical_malpractice,D,7140000.0,2,250000.0,10000000.0,81,270075.0,279997.0,218433.0,61564.0,True,closed,11.0
AEG-00421,2018,workers_comp,B,5464000.0,2,250000.0,10000000.0,74,245620.0,250398.0,212752.0,37646.0,True,closed,65.0
AEG-00422,2018,property,D,7312000.0,3,100000.0,10000000.0,76,408581.0,434019.0,340648.0,93371.0,True,closed,38.0
AEG-00423,2018,medical_malpractice,A,4185000.0,0,50000.0,5000000.0,84,37830.0,35169.0,31880.0,3289.0,False,closed,28.0
AEG-00424,2018,workers_comp,A,2173000.0,0,100000.0,2000000.0,73,203188.0,184788.0,189950.0,0.0,False,closed,14.0
AEG-00425,2018,general_liability,B,10881000.0,1,50000.0,5000000.0,84,23058.0,20919.0,19177.0,1742.0,False,closed,31.0
AEG-00426,2018,medical_malpractice,B,4128000.0,3,100000.0,2000000.0,81,89029.0,92280.0,71606.0,20674.0,False,closed,46.0
AEG-00427,2018,medical_malpractice,C,8957000.0,3,250000.0,5000000.0,78,589935.0,587328.0,493014.0,94314.0,True,closed,9.0
AEG-00428,2018,workers_comp,B,5580000.0,1,100000.0,2000000.0,80,753641.0,816855.0,647447.0,169408.0,False,closed,18.0
AEG-00429,2018,medical_malpractice,A,6303000.0,0,50000.0,5000000.0,77,42305.0,47116.0,35240.0,11876.0,False,closed,14.0
AEG-00430,2019,medical_malpractice,C,4151000.0,2,100000.0,2000000.0,70,476553.0,434078.0,442063.0,0.0,False,closed,8.0
AEG-00431,2019,property,B,2924000.0,2,250000.0,5000000.0,65,13486.0,14383.0,12704.0,1679.0,False,closed,37.0
AEG-00432,2019,general_liability,B,10415000.0,0,100000.0,5000000.0,71,257433.0,240327.0,247188.0,0.0,False,closed,51.0
AEG-00433,2019,medical_malpractice,B,6118000.0,0,250000.0,5000000.0,69,167915.0,171075.0,153175.0,17900.0,False,closed,20.0
AEG-00434,2019,workers_comp,B,3738000.0,0,100000.0,2000000.0,67,29743.0,29204.0,27726.0,1478.0,False,closed,26.0
AEG-00435,2019,medical_malpractice,A,8170000.0,0,50000.0,10000000.0,61,17374.0,18982.0,14578.0,4404.0,True,closed,10.0
AEG-00436,2019,general_liability,C,4867000.0,4,50000.0,2000000.0,61,447773.0,429978.0,372688.0,57290.0,False,closed,37.0
AEG-00437,2019,medical_malpractice,C,6207000.0,1,50000.0,5000000.0,66,33754.0,35726.0,32470.0,3256.0,False,closed,37.0
AEG-00438,2019,general_liability,B,5061000.0,1,250000.0,5000000.0,65,64641.0,71549.0,54604.0,16945.0,True,closed,15.0
AEG-00439,2019,medical_malpractice,C,2691000.0,4,50000.0,2000000.0,61,227270.0,207751.0,201678.0,6073.0,False,closed,37.0
AEG-00440,2019,medical_malpractice,A,7313000.0,2,100000.0,10000000.0,69,52479.0,55475.0,51271.0,4204.0,False,closed,19.0
AEG-00441,2019,medical_malpractice,C,4876000.0,3,50000.0,2000000.0,72,197701.0,181579.0,163963.0,17616.0,False,closed,14.0
AEG-00442,2019,property,D,2717000.0,1,100000.0,10000000.0,71,118250.0,126686.0,110651.0,16035.0,True,closed,6.0
AEG-00443,2019,medical_malpractice,B,3073000.0,0,250000.0,10000000.0,65,131672.0,143329.0,111881.0,31448.0,False,closed,10.0
AEG-00444,2019,medical_malpractice,D,7255000.0,3,100000.0,10000000.0,63,482765.0,449277.0,446650.0,2627.0,True,closed,16.0
AEG-00445,2019,medical_malpractice,C,3741000.0,1,50000.0,5000000.0,65,166028.0,181723.0,159936.0,21787.0,True,closed,49.0
AEG-00446,2019,medical_malpractice,B,4606000.0,2,250000.0,2000000.0,68,7587.0,7560.0,7315.0,245.0,False,closed,36.0
AEG-00447,2019,medical_malpractice,B,6242000.0,0,250000.0,2000000.0,70,197440.0,191093.0,188658.0,2435.0,False,closed,22.0
AEG-00448,2019,medical_malpractice,A,4798000.0,3,50000.0,5000000.0,62,81941.0,91153.0,74040.0,17113.0,False,closed,6.0
AEG-00449,2019,general_liability,A,2098000.0,0,100000.0,5000000.0,67,38806.0,38206.0,35264.0,2942.0,False,closed,15.0
AEG-00450,2019,general_liability,C,6189000.0,2,50000.0,10000000.0,71,805240.0,761874.0,671881.0,89993.0,False,closed,12.0
AEG-00451,2019,medical_malpractice,A,7194000.0,3,100000.0,2000000.0,67,10405.0,10119.0,8567.0,1552.0,True,closed,53.0
AEG-00452,2019,workers_comp,B,6941000.0,2,250000.0,2000000.0,61,1486787.0,1634056.0,1411825.0,222231.0,True,closed,17.0
AEG-00453,2019,workers_comp,A,10099000.0,0,250000.0,10000000.0,62,68946.0,76978.0,55877.0,21101.0,True,closed,87.0
AEG-00454,2019,medical_malpractice,C,5399000.0,1,100000.0,10000000.0,72,693210.0,693294.0,683884.0,9410.0,False,closed,29.0
AEG-00455,2019,medical_malpractice,D,6637000.0,2,100000.0,5000000.0,68,132652.0,133797.0,111051.0,22746.0,True,closed,11.0
AEG-00456,2019,general_liability,B,9961000.0,1,100000.0,5000000.0,67,29131.0,30051.0,27500.0,2551.0,True,closed,23.0
AEG-00457,2019,medical_malpractice,A,3891000.0,0,100000.0,5000000.0,67,85396.0,92630.0,75962.0,16668.0,False,closed,9.0
AEG-00458,2019,workers_comp,C,10722000.0,1,100000.0,10000000.0,70,310248.0,279843.0,286219.0,0.0,True,closed,28.0
AEG-00459,2019,medical_malpractice,B,10712000.0,2,250000.0,10000000.0,66,173935.0,186988.0,165468.0,21520.0,False,closed,2.0
AEG-00460,2019,general_liability,C,6657000.0,3,250000.0,5000000.0,69,549953.0,612624.0,472532.0,140092.0,True,closed,45.0
AEG-00461,2019,medical_malpractice,A,11290000.0,0,250000.0,2000000.0,66,27407.0,27110.0,26449.0,661.0,False,closed,23.0
AEG-00462,2019,medical_malpractice,A,6890000.0,3,250000.0,2000000.0,67,134535.0,134039.0,127951.0,6088.0,False,closed,35.0
AEG-00463,2019,workers_comp,D,2897000.0,6,50000.0,10000000.0,64,602275.0,668949.0,551722.0,117227.0,True,closed,6.0
AEG-00464,2019,medical_malpractice,C,7947000.0,3,250000.0,10000000.0,66,83659.0,82782.0,76535.0,6247.0,True,closed,81.0
AEG-00465,2019,workers_comp,D,5298000.0,8,50000.0,5000000.0,61,88646.0,87129.0,77726.0,9403.0,False,closed,6.0
AEG-00466,2019,workers_comp,B,5533000.0,0,50000.0,10000000.0,63,58082.0,63254.0,57723.0,5531.0,False,closed,23.0
AEG-00467,2019,property,B,4862000.0,3,50000.0,5000000.0,61,504032.0,506101.0,442295.0,63806.0,False,closed,6.0
AEG-00468,2019,medical_malpractice,D,8881000.0,4,250000.0,5000000.0,64,348136.0,362874.0,295291.0,67583.0,True,closed,15.0
AEG-00469,2019,medical_malpractice,B,5931000.0,2,100000.0,2000000.0,63,36166.0,34828.0,32971.0,1857.0,False,closed,25.0
AEG-00470,2019,medical_malpractice,A,3178000.0,0,50000.0,2000000.0,62,16516.0,17335.0,16255.0,1080.0,False,closed,5.0
AEG-00471,2019,medical_malpractice,A,5737000.0,0,100000.0,10000000.0,72,316022.0,309997.0,311341.0,0.0,False,closed,18.0
AEG-00472,2019,property,A,6480000.0,1,250000.0,2000000.0,64,29523.0,31660.0,27032.0,4628.0,False,closed,28.0
AEG-00473,2019,general_liability,A,3131000.0,1,250000.0,10000000.0,69,131138.0,132234.0,115195.0,17039.0,False,closed,8.0
AEG-00474,2019,medical_malpractice,A,3622000.0,1,50000.0,5000000.0,68,30404.0,33513.0,28866.0,4647.0,False,closed,37.0
AEG-00475,2019,medical_malpractice,B,3716000.0,1,50000.0,5000000.0,62,12516.0,12772.0,11412.0,1360.0,False,closed,17.0
AEG-00476,2019,workers_comp,B,3321000.0,0,250000.0,2000000.0,67,199894.0,217614.0,192809.0,24805.0,False,closed,6.0
AEG-00477,2019,general_liability,C,5357000.0,3,50000.0,10000000.0,68,131027.0,130620.0,126657.0,3963.0,False,closed,11.0
AEG-00478,2019,medical_malpractice,B,7485000.0,1,100000.0,5000000.0,67,485071.0,507988.0,456190.0,51798.0,True,closed,9.0
AEG-00479,2019,general_liability,A,11591000.0,0,100000.0,5000000.0,68,1471155.0,1410472.0,1463159.0,0.0,False,closed,19.0
AEG-00480,2019,medical_malpractice,D,8178000.0,2,50000.0,5000000.0,67,112272.0,115527.0,104383.0,11144.0,True,closed,31.0
AEG-00481,2019,medical_malpractice,D,7502000.0,3,50000.0,2000000.0,71,450388.0,471045.0,448114.0,22931.0,False,closed,20.0
AEG-00482,2019,medical_malpractice,D,7970000.0,2,250000.0,10000000.0,72,460531.0,433824.0,428473.0,5351.0,False,closed,25.0
AEG-00483,2019,property,A,8773000.0,1,250000.0,10000000.0,69,95944.0,97828.0,80945.0,16883.0,False,closed,19.0
AEG-00484,2019,general_liability,B,3727000.0,1,100000.0,10000000.0,71,49428.0,54508.0,45747.0,8761.0,False,closed,29.0
AEG-00485,2019,general_liability,B,6365000.0,0,250000.0,5000000.0,65,842270.0,795430.0,803149.0,0.0,False,closed,42.0
AEG-00486,2019,medical_malpractice,B,5287000.0,1,50000.0,10000000.0,64,61430.0,61886.0,54343.0,7543.0,False,closed,4.0
AEG-00487,2019,medical_malpractice,A,4218000.0,1,50000.0,5000000.0,71,74182.0,80429.0,61835.0,18594.0,True,closed,22.0
AEG-00488,2019,general_liability,D,3584000.0,3,250000.0,10000000.0,67,142507.0,141614.0,124030.0,17584.0,False,closed,17.0
AEG-00489,2019,workers_comp,B,3495000.0,1,50000.0,5000000.0,72,148774.0,134876.0,142274.0,0.0,False,closed,52.0
AEG-00490,2019,property,A,3936000.0,1,100000.0,5000000.0,72,87460.0,88825.0,73601.0,15224.0,False,closed,40.0
AEG-00491,2019,medical_malpractice,B,2427000.0,3,100000.0,2000000.0,66,219779.0,220151.0,176324.0,43827.0,False,closed,6.0
AEG-00492,2019,medical_malpractice,C,5841000.0,2,100000.0,2000000.0,64,479714.0,529648.0,468108.0,61540.0,False,closed,12.0
AEG-00493,2019,medical_malpractice,A,4451000.0,0,100000.0,2000000.0,63,49832.0,52128.0,49551.0,2577.0,False,closed,3.0
AEG-00494,2019,medical_malpractice,C,4745000.0,0,250000.0,10000000.0,69,23480.0,25143.0,22864.0,2279.0,True,closed,26.0
AEG-00495,2019,workers_comp,A,5330000.0,0,250000.0,2000000.0,61,150313.0,147452.0,144337.0,3115.0,False,closed,24.0
AEG-00496,2019,medical_malpractice,B,6466000.0,2,50000.0,2000000.0,68,17002.0,18654.0,16083.0,2571.0,False,closed,15.0
AEG-00497,2019,medical_malpractice,A,3347000.0,2,100000.0,5000000.0,64,36737.0,39759.0,33441.0,6318.0,False,closed,4.0
AEG-00498,2019,general_liability,A,4267000.0,0,50000.0,10000000.0,69,446227.0,410540.0,415155.0,0.0,False,closed,27.0
AEG-00499,2019,general_liability,C,2013000.0,1,50000.0,10000000.0,64,2318741.0,2423936.0,2201119.0,222817.0,False,closed,9.0
AEG-00500,2019,medical_malpractice,B,1483000.0,2,250000.0,10000000.0,67,143464.0,157666.0,124200.0,33466.0,False,closed,31.0
AEG-00501,2019,medical_malpractice,C,1705000.0,3,100000.0,5000000.0,72,33670.0,35119.0,28318.0,6801.0,False,closed,9.0
AEG-00502,2019,workers_comp,C,9704000.0,2,50000.0,5000000.0,69,516701.0,575427.0,485074.0,90353.0,True,closed,71.0
AEG-00503,2019,medical_malpractice,A,1806000.0,2,50000.0,10000000.0,62,5840.0,5591.0,5377.0,214.0,False,closed,51.0
AEG-00504,2019,workers_comp,A,5698000.0,1,250000.0,5000000.0,65,64056.0,65934.0,63933.0,2001.0,False,closed,50.0
AEG-00505,2019,medical_malpractice,B,9419000.0,0,250000.0,2000000.0,67,533283.0,542536.0,470844.0,71692.0,False,closed,3.0
AEG-00506,2019,medical_malpractice,A,3579000.0,0,50000.0,2000000.0,72,179186.0,172908.0,158188.0,14720.0,True,closed,40.0
AEG-00507,2019,general_liability,C,10165000.0,0,50000.0,2000000.0,67,33537.0,35948.0,27648.0,8300.0,True,closed,44.0
AEG-00508,2019,property,A,11333000.0,1,250000.0,10000000.0,67,26021.0,25888.0,20894.0,4994.0,False,closed,10.0
AEG-00509,2019,medical_malpractice,C,7219000.0,3,250000.0,5000000.0,64,303192.0,316199.0,250999.0,65200.0,True,closed,19.0
AEG-00510,2019,general_liability,A,14737000.0,0,100000.0,10000000.0,65,103328.0,110776.0,94897.0,15879.0,False,closed,13.0
AEG-00511,2019,medical_malpractice,A,6144000.0,1,250000.0,2000000.0,66,38724.0,41047.0,38444.0,2603.0,False,closed,36.0
AEG-00512,2019,medical_malpractice,A,3126000.0,1,100000.0,2000000.0,68,122440.0,112900.0,100726.0,12174.0,True,closed,78.0
AEG-00513,2019,medical_malpractice,C,5848000.0,0,250000.0,2000000.0,70,59065.0,53877.0,49143.0,4734.0,True,closed,7.0
AEG-00514,2019,property,B,3610000.0,2,100000.0,2000000.0,69,23648.0,25551.0,22143.0,3408.0,False,closed,6.0
AEG-00515,2019,property,B,2349000.0,1,100000.0,2000000.0,63,537882.0,561046.0,462806.0,98240.0,True,closed,29.0
AEG-00516,2019,medical_malpractice,A,2382000.0,1,100000.0,2000000.0,72,36384.0,33931.0,29439.0,4492.0,True,closed,8.0
AEG-00517,2019,property,B,14327000.0,1,250000.0,2000000.0,69,67658.0,62827.0,66138.0,0.0,False,closed,34.0
AEG-00518,2019,medical_malpractice,C,3442000.0,6,100000.0,2000000.0,68,24772.0,25006.0,20556.0,4450.0,False,closed,15.0
AEG-00519,2019,workers_comp,B,4459000.0,2,50000.0,10000000.0,71,230624.0,216589.0,204626.0,11963.0,False,closed,28.0
AEG-00520,2019,medical_malpractice,C,3240000.0,2,100000.0,10000000.0,67,45363.0,50114.0,43136.0,6978.0,False,closed,37.0
AEG-00521,2019,medical_malpractice,B,4839000.0,1,50000.0,5000000.0,71,190574.0,180906.0,182189.0,0.0,True,closed,23.0
AEG-00522,2019,medical_malpractice,A,4011000.0,0,50000.0,5000000.0,65,56250.0,62303.0,55753.0,6550.0,True,closed,39.0
AEG-00523,2019,medical_malpractice,D,3682000.0,4,50000.0,10000000.0,72,479341.0,506890.0,440278.0,66612.0,False,closed,8.0
AEG-00524,2019,property,A,2467000.0,0,250000.0,10000000.0,66,112204.0,114705.0,93085.0,21620.0,False,closed,7.0
AEG-00525,2019,medical_malpractice,A,2232000.0,1,50000.0,10000000.0,68,36150.0,37873.0,29502.0,8371.0,False,closed,23.0
AEG-00526,2019,medical_malpractice,B,3119000.0,3,250000.0,10000000.0,64,9798.0,10310.0,9099.0,1211.0,False,closed,7.0
AEG-00527,2019,medical_malpractice,A,5240000.0,0,250000.0,2000000.0,68,21730.0,20921.0,19711.0,1210.0,True,closed,19.0
AEG-00528,2019,workers_comp,C,12787000.0,4,50000.0,5000000.0,68,482543.0,486106.0,410084.0,76022.0,True,closed,29.0
AEG-00529,2019,medical_malpractice,C,7669000.0,2,100000.0,10000000.0,62,3759469.0,3438379.0,3131630.0,306749.0,False,closed,19.0
AEG-00530,2019,medical_malpractice,B,11273000.0,2,50000.0,10000000.0,71,22281.0,20288.0,19386.0,902.0,False,closed,27.0
AEG-00531,2019,medical_malpractice,B,5776000.0,2,100000.0,10000000.0,70,28466.0,31528.0,24412.0,7116.0,False,closed,25.0
AEG-00532,2019,property,B,4340000.0,1,100000.0,10000000.0,68,314005.0,341359.0,273471.0,67888.0,True,closed,1.0
AEG-00533,2019,medical_malpractice,A,2338000.0,1,250000.0,5000000.0,69,131934.0,140615.0,114819.0,25796.0,True,closed,16.0
AEG-00534,2019,medical_malpractice,A,4541000.0,3,250000.0,10000000.0,63,35217.0,32501.0,33474.0,0.0,False,closed,13.0
AEG-00535,2019,workers_comp,B,1553000.0,0,100000.0,10000000.0,69,189692.0,196755.0,169266.0,27489.0,False,closed,50.0
AEG-00536,2019,medical_malpractice,A,3905000.0,1,100000.0,10000000.0,61,12144.0,12840.0,11774.0,1066.0,False,closed,47.0
AEG-00537,2019,general_liability,A,10245000.0,0,50000.0,5000000.0,63,77655.0,77244.0,69921.0,7323.0,False,closed,12.0
AEG-00538,2019,property,B,5352000.0,2,50000.0,2000000.0,71,598124.0,588041.0,513245.0,74796.0,False,closed,38.0
AEG-00539,2019,workers_comp,B,7984000.0,0,250000.0,2000000.0,72,1124900.0,1192149.0,1107862.0,84287.0,False,closed,16.0
AEG-00540,2019,general_liability,B,3753000.0,2,250000.0,2000000.0,64,110121.0,99359.0,102444.0,0.0,False,closed,32.0
AEG-00541,2019,property,A,2283000.0,1,100000.0,2000000.0,70,129901.0,130359.0,125822.0,4537.0,False,closed,6.0
AEG-00542,2019,general_liability,C,3577000.0,0,50000.0,2000000.0,69,273471.0,261555.0,231518.0,30037.0,False,closed,33.0
AEG-00543,2019,general_liability,C,3728000.0,2,50000.0,2000000.0,70,578355.0,576983.0,575263.0,1720.0,False,closed,34.0
AEG-00544,2019,workers_comp,B,8309000.0,2,250000.0,2000000.0,72,302915.0,309449.0,280805.0,28644.0,False,closed,5.0
AEG-00545,2019,property,B,12212000.0,3,100000.0,10000000.0,64,90441.0,89763.0,79132.0,10631.0,True,closed,28.0
AEG-00546,2019,workers_comp,A,3142000.0,1,250000.0,2000000.0,72,213610.0,233454.0,181615.0,51839.0,False,closed,49.0
AEG-00547,2019,medical_malpractice,C,3802000.0,2,50000.0,5000000.0,67,345344.0,377817.0,283102.0,94715.0,True,closed,19.0
AEG-00548,2019,medical_malpractice,B,4232000.0,0,50000.0,10000000.0,67,41338.0,44112.0,33342.0,10770.0,True,closed,44.0
AEG-00549,2019,medical_malpractice,A,3823000.0,0,100000.0,10000000.0,66,16591.0,17832.0,13923.0,3909.0,False,closed,9.0
AEG-00550,2019,medical_malpractice,B,2444000.0,1,100000.0,2000000.0,71,167359.0,169056.0,144258.0,24798.0,False,closed,8.0
AEG-00551,2019,workers_comp,B,4770000.0,1,100000.0,2000000.0,72,263935.0,253281.0,239160.0,14121.0,False,closed,6.0
AEG-00552,2019,general_liability,B,5459000.0,1,100000.0,5000000.0,65,403577.0,435640.0,354985.0,80655.0,True,closed,37.0
AEG-00553,2019,workers_comp,B,5525000.0,1,250000.0,2000000.0,62,192202.0,177909.0,155507.0,22402.0,False,closed,2.0
AEG-00554,2019,workers_comp,C,2492000.0,1,250000.0,2000000.0,72,101496.0,104614.0,84128.0,20486.0,True,closed,33.0
AEG-00555,2019,general_liability,C,4305000.0,1,50000.0,5000000.0,62,99001.0,102895.0,79565.0,23330.0,False,closed,16.0
AEG-00556,2019,workers_comp,B,1910000.0,0,50000.0,2000000.0,69,53555.0,49486.0,43277.0,6209.0,False,closed,36.0
AEG-00557,2019,general_liability,A,7197000.0,1,50000.0,5000000.0,65,37057.0,35016.0,31850.0,3166.0,False,closed,24.0
AEG-00558,2019,workers_comp,A,2738000.0,0,100000.0,5000000.0,61,74900.0,78487.0,69485.0,9002.0,False,closed,20.0
AEG-00559,2019,general_liability,D,3975000.0,1,100000.0,5000000.0,72,114785.0,124964.0,95348.0,29616.0,False,closed,33.0
AEG-00560,2019,medical_malpractice,B,3644000.0,0,250000.0,5000000.0,70,335105.0,330405.0,327302.0,3103.0,False,closed,40.0
AEG-00561,2019,workers_comp,B,3408000.0,0,50000.0,2000000.0,65,42763.0,43485.0,42655.0,830.0,False,closed,44.0
AEG-00562,2019,medical_malpractice,A,2687000.0,1,50000.0,2000000.0,62,72650.0,76705.0,67057.0,9648.0,False,closed,42.0
AEG-00563,2019,property,B,1886000.0,1,250000.0,2000000.0,68,109226.0,112283.0,88436.0,23847.0,False,closed,35.0
AEG-00564,2019,property,B,10855000.0,2,250000.0,2000000.0,72,1176036.0,1178180.0,983537.0,194643.0,False,closed,12.0
AEG-00565,2020,medical_malpractice,D,4675000.0,1,250000.0,2000000.0,49,85071.0,87546.0,67620.0,19926.0,False,open,43.0
AEG-00566,2020,medical_malpractice,B,3038000.0,2,250000.0,2000000.0,53,43657.0,44604.0,39729.0,4875.0,False,open,25.0
AEG-00567,2020,workers_comp,A,8601000.0,1,100000.0,2000000.0,53,77100.0,79256.0,60771.0,18485.0,True,open,25.0
AEG-00568,2020,medical_malpractice,B,3481000.0,3,50000.0,5000000.0,59,1077353.0,1130905.0,938175.0,192730.0,False,closed,31.0
AEG-00569,2020,medical_malpractice,A,6991000.0,1,50000.0,10000000.0,59,66937.0,74325.0,58539.0,15786.0,True,closed,13.0
AEG-00570,2020,workers_comp,D,2781000.0,1,250000.0,5000000.0,53,241780.0,221982.0,193937.0,28045.0,True,open,18.0
AEG-00571,2020,medical_malpractice,B,5055000.0,2,250000.0,5000000.0,60,318969.0,303502.0,272316.0,31186.0,False,closed,41.0
AEG-00572,2020,medical_malpractice,B,3657000.0,3,50000.0,10000000.0,58,174998.0,157719.0,167744.0,0.0,False,closed,51.0
AEG-00573,2020,medical_malpractice,C,6796000.0,2,250000.0,2000000.0,56,434451.0,397394.0,361839.0,35555.0,True,closed,44.0
AEG-00574,2020,medical_malpractice,C,3802000.0,1,100000.0,5000000.0,57,34318.0,32409.0,29996.0,2413.0,True,closed,54.0
AEG-00575,2020,general_liability,C,2898000.0,1,50000.0,10000000.0,54,57166.0,62794.0,47938.0,14856.0,True,open,45.0
AEG-00576,2020,medical_malpractice,A,5417000.0,2,250000.0,10000000.0,52,3632252.0,3520895.0,3276666.0,244229.0,False,open,5.0
AEG-00577,2020,property,A,2480000.0,0,250000.0,10000000.0,49,196131.0,202458.0,144471.0,57987.0,False,open,29.0
AEG-00578,2020,medical_malpractice,C,2776000.0,0,250000.0,10000000.0,51,97227.0,94197.0,80766.0,13431.0,True,open,5.0
AEG-00579,2020,medical_malpractice,C,6300000.0,2,250000.0,10000000.0,54,160379.0,179195.0,130137.0,49058.0,True,open,8.0
AEG-00580,2020,medical_malpractice,B,1800000.0,2,50000.0,2000000.0,50,330080.0,311057.0,275092.0,35965.0,True,open,6.0
AEG-00581,2020,workers_comp,B,6279000.0,2,100000.0,10000000.0,49,54444.0,53729.0,40643.0,13086.0,False,open,10.0
AEG-00582,2020,workers_comp,B,3621000.0,0,100000.0,2000000.0,54,279240.0,274034.0,210554.0,63480.0,False,open,22.0
AEG-00583,2020,medical_malpractice,A,2838000.0,1,250000.0,10000000.0,55,87091.0,82476.0,75228.0,7248.0,False,closed,9.0
AEG-00584,2020,medical_malpractice,D,4922000.0,1,50000.0,10000000.0,57,345699.0,316749.0,296774.0,19975.0,True,closed,23.0
AEG-00585,2020,medical_malpractice,B,5918000.0,1,100000.0,10000000.0,53,133070.0,131208.0,104437.0,26771.0,False,open,41.0
AEG-00586,2020,workers_comp,C,3325000.0,1,50000.0,2000000.0,52,138127.0,130443.0,107056.0,23387.0,False,open,27.0
AEG-00587,2020,workers_comp,B,4037000.0,3,100000.0,10000000.0,49,77970.0,70576.0,53089.0,17487.0,False,open,3.0
AEG-00588,2020,general_liability,A,6417000.0,2,50000.0,10000000.0,60,8612.0,9429.0,8148.0,1281.0,False,closed,17.0
AEG-00589,2020,general_liability,A,6276000.0,1,100000.0,10000000.0,57,380295.0,370974.0,342291.0,28683.0,True,closed,33.0
AEG-00590,2020,general_liability,A,4289000.0,0,50000.0,10000000.0,49,25180.0,22726.0,19862.0,2864.0,False,open,16.0
AEG-00591,2020,general_liability,B,3052000.0,1,100000.0,10000000.0,60,100255.0,103821.0,91623.0,12198.0,False,closed,27.0
AEG-00592,2020,medical_malpractice,B,2810000.0,1,250000.0,5000000.0,58,693152.0,696753.0,607347.0,89406.0,True,closed,9.0
AEG-00593,2020,workers_comp,D,3318000.0,1,100000.0,2000000.0,53,191275.0,201169.0,156947.0,44222.0,False,open,16.0
AEG-00594,2020,workers_comp,D,6071000.0,0,100000.0,10000000.0,51,598881.0,586439.0,474721.0,111718.0,True,open,35.0
AEG-00595,2020,workers_comp,C,5787000.0,3,250000.0,10000000.0,60,197047.0,183420.0,193796.0,0.0,False,closed,7.0
AEG-00596,2020,medical_malpractice,B,5087000.0,2,50000.0,2000000.0,60,238012.0,247701.0,206994.0,40707.0,False,closed,19.0
AEG-00597,2020,medical_malpractice,B,8514000.0,4,50000.0,5000000.0,54,113360.0,111960.0,88260.0,23700.0,False,open,17.0
AEG-00598,2020,property,B,3826000.0,2,100000.0,5000000.0,50,142727.0,155980.0,101192.0,54788.0,True,open,14.0
AEG-00599,2020,property,B,3686000.0,6,50000.0,2000000.0,53,1119331.0,1087836.0,893423.0,194413.0,False,open,26.0
AEG-00600,2020,workers_comp,C,3678000.0,0,50000.0,10000000.0,60,185411.0,175945.0,169552.0,6393.0,False,closed,46.0
AEG-00601,2020,workers_comp,C,10895000.0,1,50000.0,2000000.0,60,56540.0,53199.0,51819.0,1380.0,False,closed,17.0
AEG-00602,2020,general_liability,A,1670000.0,1,50000.0,2000000.0,53,89187.0,85296.0,77598.0,7698.0,True,open,12.0
AEG-00603,2020,workers_comp,C,5068000.0,3,100000.0,2000000.0,52,451931.0,430451.0,380200.0,50251.0,False,open,16.0
AEG-00604,2020,workers_comp,A,5457000.0,1,100000.0,10000000.0,52,48646.0,49366.0,35865.0,13501.0,False,open,48.0
AEG-00605,2020,medical_malpractice,B,4553000.0,1,50000.0,5000000.0,59,261944.0,257198.0,229972.0,27226.0,False,closed,9.0
AEG-00606,2020,workers_comp,D,13329000.0,1,250000.0,2000000.0,49,709176.0,789513.0,527324.0,262189.0,True,open,8.0
AEG-00607,2020,medical_malpractice,B,7695000.0,0,50000.0,10000000.0,56,1147525.0,1084250.0,917704.0,166546.0,False,closed,13.0
AEG-00608,2020,medical_malpractice,C,6372000.0,1,100000.0,5000000.0,51,65903.0,72946.0,53549.0,19397.0,False,open,33.0
AEG-00609,2020,workers_comp,D,2899000.0,5,50000.0,2000000.0,54,631691.0,615187.0,565518.0,49669.0,True,open,20.0
AEG-00610,2020,general_liability,A,5605000.0,2,250000.0,10000000.0,53,20242.0,20370.0,15060.0,5310.0,False,open,32.0
AEG-00611,2020,general_liability,C,3719000.0,2,50000.0,5000000.0,56,120478.0,133858.0,106120.0,27738.0,True,closed,7.0
AEG-00612,2020,general_liability,B,4529000.0,5,250000.0,10000000.0,60,175956.0,188577.0,144971.0,43606.0,False,closed,17.0
AEG-00613,2020,property,A,4877000.0,1,250000.0,2000000.0,55,322081.0,356956.0,293788.0,63168.0,False,closed,8.0
AEG-00614,2020,medical_malpractice,A,3536000.0,1,250000.0,5000000.0,60,84494.0,86060.0,77033.0,9027.0,False,closed,8.0
AEG-00615,2020,workers_comp,A,5984000.0,0,50000.0,2000000.0,55,150822.0,146287.0,117110.0,29177.0,False,closed,26.0
AEG-00616,2020,medical_malpractice,B,9581000.0,0,100000.0,10000000.0,49,55700.0,58403.0,42795.0,15608.0,True,open,17.0
AEG-00617,2020,medical_malpractice,B,7242000.0,1,250000.0,10000000.0,59,67031.0,70432.0,56855.0,13577.0,True,closed,70.0
AEG-00618,2020,medical_malpractice,C,4923000.0,4,250000.0,2000000.0,55,187769.0,170708.0,150867.0,19841.0,False,closed,44.0
AEG-00619,2020,general_liability,A,1789000.0,0,50000.0,2000000.0,60,237863.0,219682.0,222031.0,0.0,False,closed,21.0
AEG-00620,2020,medical_malpractice,C,7425000.0,1,50000.0,5000000.0,49,271637.0,301025.0,203560.0,97465.0,False,open,16.0
AEG-00621,2020,general_liability,A,7396000.0,1,100000.0,5000000.0,59,385146.0,407718.0,379617.0,28101.0,False,closed,5.0
AEG-00622,2020,medical_malpractice,B,4066000.0,3,250000.0,5000000.0,50,407478.0,440500.0,347806.0,92694.0,False,open,4.0
AEG-00623,2020,medical_malpractice,B,3558000.0,0,50000.0,2000000.0,49,14987.0,14108.0,12375.0,1733.0,False,open,42.0
AEG-00624,2020,workers_comp,B,6077000.0,4,50000.0,10000000.0,56,114417.0,127505.0,98119.0,29386.0,False,closed,12.0
AEG-00625,2020,medical_malpractice,D,3045000.0,3,100000.0,5000000.0,49,136851.0,132226.0,114200.0,18026.0,False,open,24.0
AEG-00626,2020,general_liability,B,6488000.0,0,250000.0,2000000.0,55,76943.0,71620.0,59835.0,11785.0,True,closed,21.0
AEG-00627,2020,medical_malpractice,A,2684000.0,2,100000.0,5000000.0,60,285116.0,279142.0,272329.0,6813.0,True,closed,33.0
AEG-00628,2020,medical_malpractice,C,2893000.0,2,50000.0,2000000.0,59,306022.0,299085.0,266789.0,32296.0,True,closed,62.0
AEG-00629,2020,medical_malpractice,C,4498000.0,2,100000.0,2000000.0,57,118963.0,108591.0,114561.0,0.0,True,closed,36.0
AEG-00630,2020,workers_comp,A,2250000.0,0,250000.0,5000000.0,59,190549.0,206980.0,153571.0,53409.0,False,closed,18.0
AEG-00631,2020,medical_malpractice,B,4471000.0,2,50000.0,5000000.0,59,442312.0,482756.0,404733.0,78023.0,False,closed,50.0
AEG-00632,2020,workers_comp,B,5739000.0,0,100000.0,2000000.0,50,138784.0,130933.0,98055.0,32878.0,False,open,29.0
AEG-00633,2020,medical_malpractice,A,2407000.0,1,50000.0,10000000.0,49,63455.0,64799.0,46366.0,18433.0,True,open,18.0
AEG-00634,2020,general_liability,B,6910000.0,0,250000.0,5000000.0,56,425820.0,464799.0,377950.0,86849.0,False,closed,23.0
AEG-00635,2020,general_liability,C,3434000.0,1,100000.0,10000000.0,57,321243.0,315836.0,263152.0,52684.0,True,closed,38.0
AEG-00636,2020,medical_malpractice,C,5788000.0,3,100000.0,10000000.0,58,641118.0,648803.0,601914.0,46889.0,True,closed,49.0
AEG-00637,2020,workers_comp,A,4946000.0,0,50000.0,5000000.0,50,250683.0,239073.0,196402.0,42671.0,False,open,12.0
AEG-00638,2020,medical_malpractice,B,3611000.0,0,250000.0,10000000.0,58,250423.0,251163.0,211541.0,39622.0,True,closed,16.0
AEG-00639,2020,medical_malpractice,A,3500000.0,0,250000.0,2000000.0,52,49223.0,47683.0,40331.0,7352.0,False,open,6.0
AEG-00640,2020,medical_malpractice,B,2008000.0,2,250000.0,2000000.0,55,38918.0,42083.0,33043.0,9040.0,False,closed,37.0
AEG-00641,2020,property,A,3228000.0,1,100000.0,2000000.0,60,203160.0,189959.0,163895.0,26064.0,True,closed,17.0
AEG-00642,2020,property,D,3118000.0,1,100000.0,5000000.0,55,20064.0,18203.0,18045.0,158.0,True,closed,56.0
AEG-00643,2020,general_liability,A,9688000.0,1,250000.0,2000000.0,58,201173.0,220922.0,189691.0,31231.0,True,closed,51.0
AEG-00644,2020,medical_malpractice,B,7225000.0,2,250000.0,10000000.0,55,319794.0,299929.0,299871.0,58.0,False,closed,24.0
AEG-00645,2020,workers_comp,C,2355000.0,3,50000.0,10000000.0,60,270595.0,276230.0,267434.0,8796.0,True,closed,25.0
AEG-00646,2020,medical_malpractice,D,6526000.0,5,50000.0,2000000.0,53,128308.0,135492.0,103194.0,32298.0,False,open,11.0
AEG-00647,2020,workers_comp,B,4974000.0,1,100000.0,10000000.0,49,675091.0,656118.0,533303.0,122815.0,False,open,11.0
AEG-00648,2020,medical_malpractice,C,3749000.0,3,250000.0,10000000.0,55,127852.0,141198.0,112504.0,28694.0,True,closed,21.0
AEG-00649,2020,medical_malpractice,B,5568000.0,1,100000.0,5000000.0,51,323027.0,314736.0,231807.0,82929.0,True,open,17.0
AEG-00650,2020,medical_malpractice,A,6499000.0,2,100000.0,2000000.0,59,1005707.0,948721.0,950163.0,0.0,True,closed,60.0
AEG-00651,2020,general_liability,B,3433000.0,4,100000.0,2000000.0,60,347760.0,317983.0,297164.0,20819.0,False,closed,12.0
AEG-00652,2020,medical_malpractice,B,3942000.0,1,250000.0,10000000.0,53,308370.0,338574.0,251105.0,87469.0,True,open,32.0
AEG-00653,2020,medical_malpractice,B,4848000.0,1,250000.0,10000000.0,59,188985.0,179069.0,174647.0,4422.0,False,closed,17.0
AEG-00654,2020,property,C,2827000.0,1,250000.0,5000000.0,54,403929.0,443289.0,341152.0,102137.0,True,open,22.0
AEG-00655,2020,workers_comp,B,4892000.0,1,100000.0,2000000.0,60,276066.0,276175.0,236310.0,39865.0,True,closed,27.0
AEG-00656,2020,medical_malpractice,B,4320000.0,0,100000.0,10000000.0,54,118212.0,130652.0,108012.0,22640.0,False,open,7.0
AEG-00657,2020,workers_comp,B,3263000.0,1,250000.0,5000000.0,58,672011.0,617655.0,550215.0,67440.0,False,closed,35.0
AEG-00658,2020,general_liability,B,3026000.0,0,100000.0,2000000.0,59,26548.0,28888.0,24439.0,4449.0,False,closed,47.0
AEG-00659,2020,property,A,5179000.0,0,50000.0,2000000.0,53,153011.0,170677.0,117839.0,52838.0,False,open,43.0
AEG-00660,2020,medical_malpractice,B,6767000.0,1,250000.0,5000000.0,51,226194.0,238949.0,197265.0,41684.0,True,open,18.0
AEG-00661,2020,medical_malpractice,B,5242000.0,0,250000.0,10000000.0,54,43369.0,40307.0,40142.0,165.0,False,open,10.0
AEG-00662,2020,workers_comp,C,3008000.0,3,100000.0,5000000.0,54,221730.0,248217.0,195967.0,52250.0,False,open,37.0
AEG-00663,2020,general_liability,B,6377000.0,1,250000.0,5000000.0,53,73047.0,78618.0,65656.0,12962.0,False,open,13.0
AEG-00664,2020,medical_malpractice,C,4864000.0,0,250000.0,2000000.0,58,217661.0,205952.0,207491.0,0.0,False,closed,24.0
AEG-00665,2020,general_liability,B,5927000.0,1,250000.0,10000000.0,54,405620.0,451659.0,353962.0,97697.0,False,open,3.0
AEG-00666,2020,general_liability,B,7745000.0,3,50000.0,5000000.0,53,775730.0,712875.0,677737.0,35138.0,False,open,5.0
AEG-00667,2020,medical_malpractice,A,2943000.0,2,100000.0,2000000.0,55,156139.0,144985.0,146430.0,0.0,False,closed,18.0
AEG-00668,2020,workers_comp,C,4208000.0,1,100000.0,10000000.0,59,112942.0,102019.0,95252.0,6767.0,True,closed,17.0
AEG-00669,2020,workers_comp,D,3396000.0,5,250000.0,5000000.0,51,401085.0,413244.0,335900.0,77344.0,False,open,9.0
AEG-00670,2020,workers_comp,C,2984000.0,2,250000.0,5000000.0,55,465639.0,460447.0,371646.0,88801.0,True,closed,4.0
AEG-00671,2020,workers_comp,A,11478000.0,1,100000.0,2000000.0,49,787469.0,723576.0,597670.0,125906.0,False,open,26.0
AEG-00672,2020,medical_malpractice,C,6972000.0,1,100000.0,5000000.0,50,12680.0,12787.0,9554.0,3233.0,False,open,4.0
AEG-00673,2020,workers_comp,B,1966000.0,1,250000.0,5000000.0,60,306550.0,335309.0,284099.0,51210.0,False,closed,11.0
AEG-00674,2020,medical_malpractice,D,5486000.0,4,50000.0,2000000.0,53,21962.0,20211.0,18749.0,1462.0,False,open,34.0
AEG-00675,2020,medical_malpractice,A,3465000.0,0,50000.0,2000000.0,51,197249.0,205248.0,171237.0,34011.0,False,open,20.0
AEG-00676,2020,general_liability,C,7689000.0,2,250000.0,5000000.0,50,312343.0,292697.0,262441.0,30256.0,True,open,26.0
AEG-00677,2020,medical_malpractice,B,4674000.0,2,50000.0,10000000.0,56,190011.0,192361.0,150193.0,42168.0,True,closed,22.0
AEG-00678,2020,medical_malpractice,C,4143000.0,2,250000.0,5000000.0,54,354679.0,345952.0,277526.0,68426.0,True,open,23.0
AEG-00679,2020,general_liability,B,4805000.0,1,250000.0,10000000.0,54,239484.0,230068.0,181622.0,48446.0,True,open,17.0
AEG-00680,2020,property,A,5379000.0,0,100000.0,10000000.0,53,100926.0,91105.0,87487.0,3618.0,True,open,9.0
AEG-00681,2020,medical_malpractice,B,4559000.0,1,50000.0,10000000.0,58,161485.0,165886.0,140371.0,25515.0,False,closed,42.0
AEG-00682,2020,medical_malpractice,B,4057000.0,1,50000.0,10000000.0,53,410455.0,409453.0,375790.0,33663.0,False,open,23.0
AEG-00683,2020,medical_malpractice,A,4215000.0,1,250000.0,5000000.0,49,79100.0,83221.0,56716.0,26505.0,False,open,22.0
AEG-00684,2020,general_liability,A,5710000.0,1,250000.0,5000000.0,58,132390.0,124532.0,131238.0,0.0,False,closed,108.0
AEG-00685,2020,general_liability,B,2653000.0,1,100000.0,5000000.0,53,41377.0,46193.0,36219.0,9974.0,False,open,8.0
AEG-00686,2020,general_liability,B,4493000.0,3,250000.0,5000000.0,59,560998.0,507337.0,534318.0,0.0,False,closed,42.0
AEG-00687,2020,medical_malpractice,B,4252000.0,1,50000.0,2000000.0,58,63046.0,59459.0,58098.0,1361.0,False,closed,24.0
AEG-00688,2020,workers_comp,A,3583000.0,1,250000.0,2000000.0,58,73816.0,76853.0,72114.0,4739.0,False,closed,6.0
AEG-00689,2020,general_liability,A,6345000.0,2,250000.0,5000000.0,52,78545.0,73006.0,60050.0,12956.0,False,open,13.0
AEG-00690,2020,general_liability,B,2461000.0,1,250000.0,5000000.0,58,60883.0,58285.0,59287.0,0.0,True,closed,15.0
AEG-00691,2020,workers_comp,B,3791000.0,0,50000.0,2000000.0,59,154675.0,156280.0,150990.0,5290.0,True,closed,5.0
AEG-00692,2020,property,C,3020000.0,0,50000.0,2000000.0,59,1243914.0,1326507.0,1146002.0,180505.0,False,closed,13.0
AEG-00693,2020,medical_malpractice,B,5802000.0,1,100000.0,10000000.0,59,262291.0,285946.0,244526.0,41420.0,True,closed,36.0
AEG-00694,2020,property,A,3614000.0,0,100000.0,10000000.0,60,982114.0,952346.0,830634.0,121712.0,False,closed,48.0
AEG-00695,2020,medical_malpractice,C,4602000.0,1,100000.0,10000000.0,52,686045.0,716711.0,556336.0,160375.0,True,open,25.0
AEG-00696,2020,general_liability,A,5384000.0,0,100000.0,5000000.0,51,48015.0,43458.0,39001.0,4457.0,True,open,22.0
AEG-00697,2020,medical_malpractice,A,2133000.0,1,250000.0,10000000.0,51,152321.0,166935.0,116421.0,50514.0,False,open,18.0
AEG-00698,2020,medical_malpractice,B,5556000.0,2,100000.0,2000000.0,59,569368.0,596573.0,460307.0,136266.0,False,closed,11.0
AEG-00699,2020,property,B,3172000.0,4,100000.0,10000000.0,50,3122471.0,3430006.0,2683159.0,746847.0,False,open,15.0
AEG-00700,2020,property,A,3994000.0,1,100000.0,2000000.0,50,43436.0,41103.0,36242.0,4861.0,False,open,26.0
AEG-00701,2020,general_liability,D,4268000.0,4,50000.0,5000000.0,59,48933.0,49386.0,42720.0,6666.0,False,closed,5.0
AEG-00702,2020,medical_malpractice,A,6563000.0,0,250000.0,10000000.0,52,150224.0,159781.0,122928.0,36853.0,False,open,17.0
AEG-00703,2020,medical_malpractice,A,6350000.0,1,50000.0,5000000.0,57,62153.0,56283.0,56476.0,0.0,True,closed,22.0
AEG-00704,2020,property,B,10262000.0,1,250000.0,2000000.0,58,84183.0,91342.0,83475.0,7867.0,False,closed,24.0
AEG-00705,2020,medical_malpractice,A,4886000.0,1,100000.0,5000000.0,50,136383.0,143981.0,107933.0,36048.0,False,open,5.0
AEG-00706,2020,medical_malpractice,A,3601000.0,0,100000.0,5000000.0,50,37788.0,40561.0,30988.0,9573.0,False,open,54.0
AEG-00707,2020,workers_comp,B,3558000.0,0,100000.0,10000000.0,58,16864.0,15781.0,16200.0,0.0,False,closed,30.0
AEG-00708,2020,general_liability,A,6105000.0,0,100000.0,10000000.0,60,124919.0,133782.0,102446.0,31336.0,False,closed,10.0
AEG-00709,2020,medical_malpractice,B,9510000.0,1,250000.0,10000000.0,49,125680.0,128789.0,97974.0,30815.0,False,open,14.0
AEG-00710,2020,property,A,5276000.0,0,100000.0,10000000.0,60,412536.0,384888.0,406757.0,0.0,False,closed,35.0
AEG-00711,2020,workers_comp,B,3438000.0,2,50000.0,10000000.0,60,570919.0,530410.0,550821.0,0.0,False,closed,39.0
AEG-00712,2020,medical_malpractice,A,5115000.0,1,100000.0,5000000.0,49,109502.0,119215.0,91699.0,27516.0,False,open,11.0
AEG-00713,2020,property,B,5071000.0,2,250000.0,10000000.0,60,192988.0,190608.0,160655.0,29953.0,False,closed,9.0
AEG-00714,2020,general_liability,D,4569000.0,0,100000.0,2000000.0,56,112232.0,107726.0,104262.0,3464.0,True,closed,46.0
AEG-00715,2020,medical_malpractice,C,3181000.0,1,250000.0,10000000.0,57,21901.0,21485.0,18548.0,2937.0,True,closed,29.0
AEG-00716,2020,property,D,1375000.0,2,100000.0,5000000.0,60,230504.0,242174.0,224780.0,17394.0,False,closed,19.0
AEG-00717,2020,medical_malpractice,B,3502000.0,4,50000.0,5000000.0,52,326770.0,303896.0,282274.0,21622.0,False,open,14.0
AEG-00718,2020,workers_comp,A,7357000.0,0,100000.0,5000000.0,55,339850.0,317973.0,283947.0,34026.0,False,closed,18.0
AEG-00719,2020,workers_comp,B,4969000.0,2,250000.0,10000000.0,52,1930932.0,2013810.0,1596538.0,417272.0,False,open,9.0
AEG-00720,2020,medical_malpractice,C,1604000.0,1,250000.0,10000000.0,55,112937.0,123863.0,96396.0,27467.0,False,closed,39.0
AEG-00721,2021,general_liability,A,3070000.0,0,50000.0,2000000.0,43,20513.0,20499.0,12836.0,7663.0,True,open,4.0
AEG-00722,2021,property,C,4293000.0,4,50000.0,5000000.0,40,257652.0,257575.0,146095.0,111480.0,True,open,3.0
AEG-00723,2021,medical_malpractice,A,5863000.0,0,50000.0,5000000.0,45,155031.0,152653.0,99367.0,53286.0,False,open,26.0
AEG-00724,2021,general_liability,C,5658000.0,0,250000.0,10000000.0,47,419594.0,461599.0,285212.0,176387.0,False,open,25.0
AEG-00725,2021,medical_malpractice,B,10148000.0,2,100000.0,5000000.0,39,111753.0,110045.0,69921.0,40124.0,True,open,7.0
AEG-00726,2021,property,B,6964000.0,2,100000.0,10000000.0,37,117901.0,111073.0,64924.0,46149.0,False,open,23.0
AEG-00727,2021,medical_malpractice,A,1246000.0,0,50000.0,5000000.0,46,92536.0,102570.0,63479.0,39091.0,True,open,12.0
AEG-00728,2021,medical_malpractice,D,3791000.0,4,250000.0,10000000.0,48,335507.0,349224.0,246772.0,102452.0,False,open,11.0
AEG-00729,2021,workers_comp,A,1717000.0,1,100000.0,5000000.0,45,122374.0,135762.0,94775.0,40987.0,False,open,16.0
AEG-00730,2021,workers_comp,B,3823000.0,2,250000.0,2000000.0,43,226081.0,225928.0,143722.0,82206.0,False,open,23.0
AEG-00731,2021,workers_comp,B,6313000.0,1,100000.0,2000000.0,38,147643.0,152534.0,83784.0,68750.0,False,open,27.0
AEG-00732,2021,workers_comp,B,2379000.0,1,50000.0,2000000.0,43,113968.0,110809.0,72335.0,38474.0,False,open,29.0
AEG-00733,2021,medical_malpractice,B,2571000.0,0,250000.0,5000000.0,39,118945.0,132251.0,69498.0,62753.0,False,open,10.0
AEG-00734,2021,general_liability,B,4973000.0,2,100000.0,10000000.0,39,43433.0,41727.0,25278.0,16449.0,False,open,14.0
AEG-00735,2021,general_liability,C,4010000.0,3,50000.0,2000000.0,42,693210.0,765905.0,488349.0,277556.0,False,open,23.0
AEG-00736,2021,property,D,10182000.0,2,250000.0,5000000.0,45,61067.0,59548.0,47511.0,12037.0,True,open,3.0
AEG-00737,2021,medical_malpractice,C,5435000.0,0,100000.0,10000000.0,47,240814.0,257403.0,172660.0,84743.0,True,open,11.0
AEG-00738,2021,medical_malpractice,C,6034000.0,4,250000.0,2000000.0,38,27736.0,28911.0,17814.0,11097.0,False,open,42.0
AEG-00739,2021,medical_malpractice,A,11065000.0,0,100000.0,5000000.0,40,559591.0,599403.0,319123.0,280280.0,False,open,67.0
AEG-00740,2021,general_liability,A,3607000.0,1,50000.0,5000000.0,47,373731.0,353141.0,273363.0,79778.0,False,open,34.0
AEG-00741,2021,property,A,4626000.0,0,100000.0,5000000.0,39,81586.0,91359.0,53278.0,38081.0,False,open,35.0
AEG-00742,2021,workers_comp,A,2824000.0,2,50000.0,2000000.0,45,101787.0,102734.0,65052.0,37682.0,False,open,14.0
AEG-00743,2021,workers_comp,C,5265000.0,1,100000.0,10000000.0,41,67959.0,62284.0,48360.0,13924.0,False,open,23.0
AEG-00744,2021,general_liability,A,7754000.0,0,100000.0,10000000.0,39,124453.0,130696.0,74141.0,56555.0,False,open,14.0
AEG-00745,2021,medical_malpractice,A,9157000.0,0,250000.0,5000000.0,38,151922.0,139331.0,90189.0,49142.0,False,open,5.0
AEG-00746,2021,property,B,4548000.0,2,250000.0,10000000.0,46,5376103.0,5605006.0,4246866.0,1358140.0,True,open,48.0
AEG-00747,2021,general_liability,A,3250000.0,0,250000.0,5000000.0,41,26430.0,27956.0,18511.0,9445.0,False,open,23.0
AEG-00748,2021,medical_malpractice,B,3162000.0,2,50000.0,10000000.0,44,495429.0,468058.0,318566.0,149492.0,False,open,28.0
AEG-00749,2021,workers_comp,A,2312000.0,1,50000.0,10000000.0,41,86947.0,80467.0,55155.0,25312.0,False,open,8.0
AEG-00750,2021,medical_malpractice,B,4922000.0,4,250000.0,10000000.0,40,157927.0,146816.0,103860.0,42956.0,False,open,64.0
AEG-00751,2021,medical_malpractice,A,9123000.0,0,100000.0,2000000.0,42,264115.0,275876.0,171787.0,104089.0,False,open,21.0
AEG-00752,2021,general_liability,A,1421000.0,1,250000.0,10000000.0,44,253582.0,269896.0,191377.0,78519.0,True,open,16.0
AEG-00753,2021,workers_comp,D,1566000.0,3,250000.0,2000000.0,37,520689.0,573960.0,280968.0,292992.0,False,open,20.0
AEG-00754,2021,medical_malpractice,C,9323000.0,2,50000.0,10000000.0,45,110215.0,107072.0,85684.0,21388.0,True,open,74.0
AEG-00755,2021,workers_comp,C,2077000.0,1,50000.0,5000000.0,48,255882.0,235805.0,197090.0,38715.0,False,open,18.0
AEG-00756,2021,medical_malpractice,A,5468000.0,0,250000.0,2000000.0,42,111763.0,116069.0,75197.0,40872.0,True,open,21.0
AEG-00757,2021,general_liability,D,2475000.0,3,50000.0,10000000.0,39,1003296.0,1087598.0,636293.0,451305.0,True,open,39.0
AEG-00758,2021,general_liability,C,6850000.0,0,100000.0,2000000.0,45,34985.0,37074.0,23314.0,13760.0,False,open,12.0
AEG-00759,2021,general_liability,B,6853000.0,0,100000.0,10000000.0,41,90951.0,91665.0,57540.0,34125.0,False,open,34.0
AEG-00760,2021,medical_malpractice,A,5047000.0,1,50000.0,10000000.0,46,21334.0,20462.0,14375.0,6087.0,True,open,32.0
AEG-00761,2021,general_liability,C,7004000.0,1,250000.0,10000000.0,40,63538.0,67377.0,42411.0,24966.0,False,open,20.0
AEG-00762,2021,property,A,4759000.0,3,100000.0,10000000.0,47,82926.0,90257.0,58613.0,31644.0,False,open,18.0
AEG-00763,2021,medical_malpractice,B,6150000.0,0,50000.0,10000000.0,43,417608.0,395993.0,258338.0,137655.0,True,open,37.0
AEG-00764,2021,general_liability,C,11537000.0,2,250000.0,5000000.0,46,2512515.0,2653929.0,1962209.0,691720.0,True,open,15.0
AEG-00765,2021,medical_malpractice,D,8033000.0,5,250000.0,10000000.0,41,844307.0,903126.0,522139.0,380987.0,False,open,20.0
AEG-00766,2021,medical_malpractice,D,3344000.0,1,100000.0,10000000.0,38,41839.0,46830.0,27327.0,19503.0,False,open,45.0
AEG-00767,2021,medical_malpractice,B,3111000.0,0,50000.0,2000000.0,39,124490.0,122322.0,74940.0,47382.0,False,open,13.0
AEG-00768,2021,property,A,4124000.0,0,50000.0,5000000.0,47,55658.0,54903.0,42244.0,12659.0,False,open,14.0
AEG-00769,2021,medical_malpractice,B,4145000.0,0,100000.0,10000000.0,41,192895.0,175488.0,131423.0,44065.0,True,open,7.0
AEG-00770,2021,property,A,4816000.0,0,50000.0,2000000.0,48,958619.0,896488.0,721497.0,174991.0,False,open,19.0
AEG-00771,2021,medical_malpractice,B,3438000.0,0,50000.0,10000000.0,44,228217.0,242774.0,172384.0,70390.0,False,open,44.0
AEG-00772,2021,workers_comp,C,6439000.0,2,50000.0,5000000.0,42,723531.0,694539.0,507479.0,187060.0,True,open,44.0
AEG-00773,2021,general_liability,D,4739000.0,5,50000.0,10000000.0,45,203935.0,224438.0,155874.0,68564.0,False,open,11.0
AEG-00774,2021,workers_comp,B,5571000.0,2,50000.0,2000000.0,47,20610.0,19994.0,15242.0,4752.0,False,open,5.0
AEG-00775,2021,workers_comp,B,4668000.0,3,250000.0,5000000.0,48,20303.0,21830.0,13973.0,7857.0,True,open,17.0
AEG-00776,2021,medical_malpractice,A,6325000.0,1,100000.0,2000000.0,39,82989.0,81270.0,46895.0,34375.0,False,open,17.0
AEG-00777,2021,workers_comp,C,2560000.0,4,50000.0,5000000.0,38,509603.0,543430.0,278787.0,264643.0,False,open,16.0
AEG-00778,2021,medical_malpractice,B,10250000.0,0,100000.0,5000000.0,37,511441.0,509621.0,297927.0,211694.0,False,open,90.0
AEG-00779,2021,medical_malpractice,A,5535000.0,0,100000.0,5000000.0,46,61777.0,58469.0,48849.0,9620.0,False,open,22.0
AEG-00780,2021,workers_comp,B,5829000.0,0,50000.0,10000000.0,42,231004.0,218348.0,153381.0,64967.0,True,open,26.0
AEG-00781,2021,general_liability,B,6321000.0,1,50000.0,10000000.0,37,220111.0,211970.0,125267.0,86703.0,False,open,24.0
AEG-00782,2021,property,C,7998000.0,2,250000.0,2000000.0,38,1117002.0,1034552.0,606128.0,428424.0,False,open,15.0
AEG-00783,2021,workers_comp,A,6732000.0,2,50000.0,5000000.0,47,159426.0,173896.0,113827.0,60069.0,False,open,16.0
AEG-00784,2021,medical_malpractice,B,5247000.0,4,50000.0,2000000.0,38,31227.0,34438.0,17240.0,17198.0,False,open,54.0
AEG-00785,2021,medical_malpractice,B,4258000.0,0,100000.0,5000000.0,39,409209.0,439973.0,246950.0,193023.0,True,open,16.0
AEG-00786,2021,medical_malpractice,A,2051000.0,1,50000.0,2000000.0,42,151574.0,136573.0,98558.0,38015.0,False,open,23.0
AEG-00787,2021,medical_malpractice,A,5191000.0,1,50000.0,5000000.0,37,146496.0,160289.0,92867.0,67422.0,True,open,36.0
AEG-00788,2021,workers_comp,A,3991000.0,2,50000.0,10000000.0,48,38527.0,41409.0,28227.0,13182.0,True,open,28.0
AEG-00789,2021,workers_comp,B,3989000.0,0,50000.0,2000000.0,46,209634.0,227510.0,163510.0,64000.0,False,open,70.0
AEG-00790,2021,medical_malpractice,B,15516000.0,0,100000.0,10000000.0,43,14938.0,15519.0,9015.0,6504.0,False,open,36.0
AEG-00791,2021,general_liability,C,1843000.0,3,250000.0,2000000.0,41,18553.0,17546.0,11479.0,6067.0,False,open,5.0
AEG-00792,2021,workers_comp,D,4801000.0,2,100000.0,2000000.0,48,238388.0,230169.0,187609.0,42560.0,False,open,13.0
AEG-00793,2021,general_liability,A,8558000.0,3,250000.0,10000000.0,37,79638.0,78491.0,45497.0,32994.0,False,open,7.0
AEG-00794,2021,medical_malpractice,D,7549000.0,0,50000.0,10000000.0,43,332211.0,312487.0,202323.0,110164.0,True,open,54.0
AEG-00795,2021,property,B,8680000.0,0,50000.0,2000000.0,47,1429147.0,1294985.0,1016140.0,278845.0,False,open,15.0
AEG-00796,2021,medical_malpractice,C,2479000.0,3,50000.0,5000000.0,42,133537.0,148193.0,88675.0,59518.0,True,open,6.0
AEG-00797,2021,medical_malpractice,B,2891000.0,3,50000.0,2000000.0,44,941316.0,927816.0,712699.0,215117.0,False,open,17.0
AEG-00798,2021,general_liability,C,6368000.0,1,50000.0,10000000.0,37,99198.0,102552.0,54001.0,48551.0,True,open,16.0
AEG-00799,2021,medical_malpractice,B,4032000.0,1,50000.0,2000000.0,41,280373.0,258957.0,163233.0,95724.0,True,open,24.0
AEG-00800,2021,medical_malpractice,A,11000000.0,2,100000.0,10000000.0,38,20861.0,22709.0,13095.0,9614.0,False,open,30.0
AEG-00801,2021,general_liability,C,5243000.0,1,250000.0,10000000.0,48,230693.0,245765.0,177458.0,68307.0,False,open,38.0
AEG-00802,2021,medical_malpractice,A,5160000.0,3,250000.0,5000000.0,47,64166.0,58319.0,45546.0,12773.0,False,open,12.0
AEG-00803,2021,general_liability,B,5833000.0,0,50000.0,10000000.0,47,127087.0,120002.0,91073.0,28929.0,False,open,46.0
AEG-00804,2021,general_liability,A,4086000.0,0,250000.0,10000000.0,45,266971.0,283986.0,180538.0,103448.0,True,open,22.0
AEG-00805,2021,workers_comp,B,4969000.0,1,100000.0,2000000.0,39,22813.0,20817.0,14406.0,6411.0,True,open,5.0
AEG-00806,2021,medical_malpractice,A,3342000.0,1,250000.0,10000000.0,43,106883.0,96748.0,77648.0,19100.0,True,open,32.0
AEG-00807,2021,medical_malpractice,B,4598000.0,4,250000.0,10000000.0,43,43633.0,40408.0,28011.0,12397.0,False,open,12.0
AEG-00808,2021,workers_comp,C,3680000.0,2,250000.0,5000000.0,47,296591.0,276206.0,237641.0,38565.0,False,open,9.0
AEG-00809,2021,medical_malpractice,B,5327000.0,2,250000.0,2000000.0,48,181100.0,193819.0,133368.0,60451.0,False,open,1.0
AEG-00810,2021,general_liability,C,2309000.0,2,50000.0,2000000.0,44,128186.0,137430.0,87958.0,49472.0,True,open,7.0
AEG-00811,2021,medical_malpractice,B,2224000.0,0,50000.0,10000000.0,47,73354.0,75247.0,50954.0,24293.0,False,open,45.0
AEG-00812,2021,medical_malpractice,B,5900000.0,4,100000.0,10000000.0,40,29196.0,28237.0,16572.0,11665.0,True,open,68.0
AEG-00813,2021,medical_malpractice,B,5252000.0,0,250000.0,10000000.0,41,217722.0,233492.0,130218.0,103274.0,True,open,18.0
AEG-00814,2021,general_liability,D,2897000.0,3,100000.0,10000000.0,47,109679.0,114014.0,76086.0,37928.0,True,open,27.0
AEG-00815,2021,general_liability,A,4189000.0,1,250000.0,2000000.0,40,224950.0,205483.0,138646.0,66837.0,False,open,3.0
AEG-00816,2021,medical_malpractice,C,2778000.0,4,100000.0,5000000.0,45,25842.0,24331.0,18146.0,6185.0,False,open,20.0
AEG-00817,2021,medical_malpractice,A,13014000.0,0,100000.0,2000000.0,41,468535.0,493373.0,323149.0,170224.0,True,open,11.0
AEG-00818,2021,general_liability,C,2149000.0,1,250000.0,2000000.0,37,59505.0,60966.0,33328.0,27638.0,False,open,8.0
AEG-00819,2021,workers_comp,A,11054000.0,2,50000.0,5000000.0,47,678277.0,669280.0,527507.0,141773.0,True,open,14.0
AEG-00820,2021,medical_malpractice,B,3111000.0,1,100000.0,5000000.0,46,67094.0,68212.0,45586.0,22626.0,False,open,7.0
AEG-00821,2021,medical_malpractice,A,5796000.0,1,100000.0,2000000.0,44,177494.0,169232.0,121432.0,47800.0,False,open,10.0
AEG-00822,2021,general_liability,C,4119000.0,1,100000.0,5000000.0,41,167714.0,172568.0,97332.0,75236.0,True,open,20.0
AEG-00823,2021,general_liability,A,3883000.0,0,100000.0,2000000.0,39,296862.0,276203.0,196661.0,79542.0,True,open,36.0
AEG-00824,2021,property,A,7501000.0,0,50000.0,10000000.0,47,214254.0,239356.0,152186.0,87170.0,False,open,8.0
AEG-00825,2021,general_liability,C,7064000.0,2,250000.0,5000000.0,43,889043.0,961223.0,615991.0,345232.0,False,open,47.0
AEG-00826,2021,medical_malpractice,B,4066000.0,1,250000.0,10000000.0,46,251578.0,253935.0,183310.0,70625.0,False,open,34.0
AEG-00827,2021,general_liability,C,2983000.0,4,50000.0,5000000.0,37,443976.0,495099.0,255996.0,239103.0,False,open,31.0
AEG-00828,2021,medical_malpractice,C,13247000.0,0,100000.0,5000000.0,47,997270.0,1046265.0,689901.0,356364.0,True,open,4.0
AEG-00829,2021,medical_malpractice,A,9484000.0,0,250000.0,10000000.0,46,40943.0,42059.0,31548.0,10511.0,True,open,44.0
AEG-00830,2021,medical_malpractice,A,5045000.0,2,100000.0,10000000.0,38,432954.0,451255.0,255493.0,195762.0,False,open,24.0
AEG-00831,2021,general_liability,C,4053000.0,4,100000.0,5000000.0,44,216191.0,227957.0,136465.0,91492.0,True,open,15.0
AEG-00832,2021,medical_malpractice,C,5444000.0,0,250000.0,5000000.0,45,24298.0,27161.0,15565.0,11596.0,True,open,9.0
AEG-00833,2021,property,A,4900000.0,1,50000.0,5000000.0,41,374613.0,401765.0,240185.0,161580.0,False,open,22.0
AEG-00834,2021,medical_malpractice,C,8553000.0,2,250000.0,10000000.0,40,109342.0,104120.0,69328.0,34792.0,True,open,17.0
AEG-00835,2021,property,A,2903000.0,0,50000.0,5000000.0,43,1560366.0,1424586.0,996216.0,428370.0,False,open,31.0
AEG-00836,2021,property,C,4753000.0,2,50000.0,2000000.0,47,178055.0,196297.0,123054.0,73243.0,False,open,30.0
AEG-00837,2021,general_liability,B,3179000.0,2,250000.0,2000000.0,39,172433.0,183182.0,112787.0,70395.0,False,open,41.0
AEG-00838,2021,general_liability,B,9041000.0,0,50000.0,2000000.0,38,214524.0,220571.0,132580.0,87991.0,True,open,17.0
AEG-00839,2021,medical_malpractice,B,11588000.0,2,250000.0,5000000.0,46,12031.0,12123.0,7963.0,4160.0,False,open,52.0
AEG-00840,2021,workers_comp,B,4495000.0,1,250000.0,10000000.0,47,385162.0,427100.0,302211.0,124889.0,False,open,8.0
AEG-00841,2021,medical_malpractice,B,6162000.0,2,50000.0,5000000.0,38,35256.0,32057.0,18874.0,13183.0,True,open,20.0
AEG-00842,2021,medical_malpractice,B,9505000.0,2,250000.0,10000000.0,48,599222.0,559770.0,483676.0,76094.0,True,open,11.0
AEG-00843,2021,medical_malpractice,A,4052000.0,0,50000.0,2000000.0,44,665270.0,645161.0,491587.0,153574.0,False,open,12.0
AEG-00844,2021,medical_malpractice,A,2951000.0,0,250000.0,2000000.0,43,92330.0,103360.0,56847.0,46513.0,False,open,16.0
AEG-00845,2021,medical_malpractice,B,7917000.0,1,50000.0,2000000.0,42,17558.0,18487.0,12780.0,5707.0,False,open,55.0
AEG-00846,2021,property,A,6063000.0,1,50000.0,2000000.0,43,264079.0,272576.0,193213.0,79363.0,False,open,2.0
AEG-00847,2021,general_liability,A,4244000.0,1,250000.0,10000000.0,39,163986.0,159953.0,92797.0,67156.0,False,open,9.0
AEG-00848,2021,medical_malpractice,A,9772000.0,2,250000.0,2000000.0,44,218126.0,203887.0,155076.0,48811.0,False,open,12.0
AEG-00849,2021,medical_malpractice,A,5298000.0,1,100000.0,5000000.0,43,65752.0,59418.0,43831.0,15587.0,False,open,21.0
AEG-00850,2021,medical_malpractice,C,1933000.0,0,100000.0,2000000.0,47,34171.0,31821.0,23113.0,8708.0,False,open,37.0
AEG-00851,2021,medical_malpractice,A,5599000.0,1,50000.0,5000000.0,38,78862.0,73992.0,43770.0,30222.0,False,open,31.0
AEG-00852,2021,medical_malpractice,B,4571000.0,0,250000.0,10000000.0,38,38222.0,38696.0,21213.0,17483.0,False,open,14.0
AEG-00853,2021,workers_comp,A,12058000.0,1,250000.0,2000000.0,45,1400014.0,1372762.0,1021994.0,350768.0,False,open,11.0
AEG-00854,2021,medical_malpractice,B,4670000.0,5,250000.0,2000000.0,47,49462.0,55159.0,36905.0,18254.0,False,open,8.0
AEG-00855,2021,workers_comp,D,4248000.0,2,50000.0,5000000.0,41,146237.0,161250.0,103482.0,57768.0,True,open,49.0
AEG-00856,2021,property,C,5859000.0,1,100000.0,2000000.0,41,300915.0,307585.0,184473.0,123112.0,True,open,45.0
AEG-00857,2021,property,C,5324000.0,0,50000.0,2000000.0,44,73647.0,68974.0,50415.0,18559.0,True,open,9.0
AEG-00858,2021,medical_malpractice,B,2330000.0,3,100000.0,10000000.0,41,67343.0,65311.0,41913.0,23398.0,False,open,60.0
AEG-00859,2021,workers_comp,B,5001000.0,1,100000.0,5000000.0,45,180349.0,163374.0,123485.0,39889.0,False,open,35.0
AEG-00860,2021,general_liability,D,3999000.0,1,100000.0,2000000.0,47,136420.0,142643.0,102046.0,40597.0,False,open,22.0
AEG-00861,2021,property,A,9508000.0,2,100000.0,2000000.0,46,158484.0,156061.0,121145.0,34916.0,False,open,19.0
AEG-00862,2021,medical_malpractice,B,15641000.0,1,50000.0,2000000.0,38,492294.0,543417.0,304235.0,239182.0,False,open,23.0
AEG-00863,2021,general_liability,C,2694000.0,2,50000.0,2000000.0,44,331415.0,321346.0,208369.0,112977.0,True,open,48.0
AEG-00864,2021,general_liability,B,2907000.0,0,50000.0,10000000.0,38,33609.0,36543.0,18962.0,17581.0,True,open,4.0
AEG-00865,2021,medical_malpractice,B,3092000.0,1,50000.0,10000000.0,40,68641.0,67727.0,44107.0,23620.0,False,open,37.0
AEG-00866,2021,general_liability,A,3393000.0,3,250000.0,10000000.0,45,321164.0,335219.0,238952.0,96267.0,False,open,30.0
AEG-00867,2021,workers_comp,B,3337000.0,1,100000.0,5000000.0,44,98226.0,96080.0,73048.0,23032.0,False,open,21.0
AEG-00868,2021,workers_comp,A,4841000.0,0,100000.0,10000000.0,45,190713.0,205583.0,129955.0,75628.0,False,open,11.0
AEG-00869,2021,workers_comp,A,8123000.0,1,250000.0,10000000.0,44,167402.0,158919.0,114036.0,44883.0,True,open,22.0
AEG-00870,2021,medical_malpractice,A,2459000.0,1,50000.0,2000000.0,39,173894.0,162627.0,95329.0,67298.0,True,open,11.0
AEG-00871,2021,workers_comp,C,2184000.0,3,100000.0,2000000.0,43,209198.0,190657.0,141148.0,49509.0,False,open,16.0
AEG-00872,2021,medical_malpractice,B,1876000.0,0,100000.0,2000000.0,45,96439.0,94885.0,64859.0,30026.0,False,open,4.0
AEG-00873,2021,workers_comp,D,8190000.0,5,250000.0,2000000.0,43,114643.0,121688.0,77473.0,44215.0,False,open,19.0
AEG-00874,2021,medical_malpractice,C,9151000.0,1,50000.0,5000000.0,41,212578.0,212952.0,139225.0,73727.0,True,open,2.0
AEG-00875,2021,medical_malpractice,D,2188000.0,1,100000.0,5000000.0,46,56906.0,61770.0,37913.0,23857.0,False,open,19.0
AEG-00876,2021,medical_malpractice,B,2085000.0,2,250000.0,2000000.0,37,879002.0,904490.0,460254.0,444236.0,True,open,6.0
AEG-00877,2021,workers_comp,A,5032000.0,0,50000.0,10000000.0,45,169137.0,172086.0,124558.0,47528.0,False,open,16.0
AEG-00878,2021,general_liability,B,8142000.0,2,100000.0,10000000.0,40,124990.0,126205.0,81975.0,44230.0,True,open,18.0
AEG-00879,2021,workers_comp,B,7831000.0,1,50000.0,2000000.0,47,535652.0,486810.0,435996.0,50814.0,False,open,30.0
AEG-00880,2021,medical_malpractice,A,5194000.0,0,50000.0,2000000.0,38,84379.0,86905.0,50141.0,36764.0,True,open,11.0
AEG-00881,2022,workers_comp,A,2863000.0,0,100000.0,5000000.0,36,211590.0,218153.0,122145.0,96008.0,False,open,24.0
AEG-00882,2022,medical_malpractice,B,4182000.0,0,50000.0,10000000.0,29,129610.0,138497.0,60950.0,77547.0,True,open,21.0
AEG-00883,2022,property,A,2564000.0,1,50000.0,10000000.0,31,1297048.0,1351198.0,657580.0,693618.0,False,open,38.0
AEG-00884,2022,medical_malpractice,B,3804000.0,3,250000.0,5000000.0,31,17940.0,17368.0,8761.0,8607.0,True,open,6.0
AEG-00885,2022,medical_malpractice,B,5453000.0,1,50000.0,10000000.0,35,222160.0,228564.0,109362.0,119202.0,True,open,12.0
AEG-00886,2022,medical_malpractice,B,3064000.0,2,250000.0,2000000.0,32,815743.0,859103.0,421051.0,438052.0,False,open,4.0
AEG-00887,2022,medical_malpractice,C,3944000.0,3,250000.0,10000000.0,32,742007.0,679126.0,399615.0,279511.0,True,open,23.0
AEG-00888,2022,medical_malpractice,B,3651000.0,1,100000.0,2000000.0,35,77504.0,86221.0,45895.0,40326.0,False,open,29.0
AEG-00889,2022,property,A,4562000.0,1,250000.0,2000000.0,36,102098.0,105800.0,51340.0,54460.0,True,open,23.0
AEG-00890,2022,workers_comp,A,7169000.0,0,250000.0,10000000.0,35,103375.0,115222.0,54989.0,60233.0,False,open,17.0
AEG-00891,2022,medical_malpractice,A,5094000.0,0,250000.0,2000000.0,26,142297.0,155072.0,57697.0,97375.0,False,open,36.0
AEG-00892,2022,medical_malpractice,C,5514000.0,2,100000.0,5000000.0,28,186131.0,168800.0,83676.0,85124.0,False,open,22.0
AEG-00893,2022,medical_malpractice,B,2205000.0,1,50000.0,5000000.0,35,184084.0,169019.0,107291.0,61728.0,False,open,6.0
AEG-00894,2022,medical_malpractice,B,3776000.0,4,250000.0,5000000.0,35,246938.0,268738.0,120864.0,147874.0,False,open,56.0
AEG-00895,2022,workers_comp,C,6809000.0,1,50000.0,10000000.0,32,78262.0,74666.0,42611.0,32055.0,False,open,4.0
AEG-00896,2022,medical_malpractice,B,2944000.0,0,250000.0,5000000.0,25,32221.0,35462.0,12408.0,23054.0,False,open,33.0
AEG-00897,2022,workers_comp,A,3645000.0,2,250000.0,5000000.0,36,43612.0,48649.0,27074.0,21575.0,True,open,32.0
AEG-00898,2022,medical_malpractice,A,2789000.0,0,250000.0,10000000.0,27,20489.0,21906.0,9199.0,12707.0,False,open,53.0
AEG-00899,2022,workers_comp,A,8809000.0,0,250000.0,5000000.0,25,164858.0,171026.0,62916.0,108110.0,False,open,27.0
AEG-00900,2022,general_liability,B,3610000.0,2,100000.0,5000000.0,30,251405.0,250548.0,129645.0,120903.0,False,open,24.0
AEG-00901,2022,medical_malpractice,B,3143000.0,3,100000.0,2000000.0,33,2000000.0,2199847.0,1023186.0,1176661.0,False,open,9.0
AEG-00902,2022,workers_comp,B,6158000.0,1,50000.0,5000000.0,25,424675.0,440960.0,151456.0,289504.0,False,open,70.0
AEG-00903,2022,workers_comp,A,7833000.0,0,100000.0,5000000.0,31,189101.0,174085.0,85504.0,88581.0,False,open,9.0
AEG-00904,2022,medical_malpractice,A,5789000.0,0,100000.0,2000000.0,29,532189.0,563998.0,243081.0,320917.0,False,open,56.0
AEG-00905,2022,property,B,7385000.0,2,50000.0,10000000.0,29,117164.0,113992.0,56138.0,57854.0,False,open,13.0
AEG-00906,2022,workers_comp,B,5026000.0,0,250000.0,10000000.0,25,337854.0,314161.0,126433.0,187728.0,True,open,40.0
AEG-00907,2022,general_liability,C,4240000.0,2,250000.0,5000000.0,29,670737.0,657745.0,333502.0,324243.0,True,open,8.0
AEG-00908,2022,workers_comp,C,3629000.0,0,250000.0,10000000.0,34,699155.0,761317.0,351319.0,409998.0,False,open,22.0
AEG-00909,2022,medical_malpractice,B,3508000.0,1,50000.0,2000000.0,35,196273.0,208697.0,118724.0,89973.0,False,open,7.0
AEG-00910,2022,medical_malpractice,B,3356000.0,2,100000.0,5000000.0,33,80782.0,79458.0,43029.0,36429.0,True,open,41.0
AEG-00911,2022,property,C,5432000.0,1,250000.0,5000000.0,25,78665.0,85057.0,32330.0,52727.0,False,open,18.0
AEG-00912,2022,workers_comp,A,4272000.0,2,250000.0,2000000.0,28,154677.0,158248.0,65968.0,92280.0,True,open,11.0
AEG-00913,2022,medical_malpractice,C,4721000.0,2,50000.0,5000000.0,27,73756.0,71879.0,31336.0,40543.0,False,open,6.0
AEG-00914,2022,general_liability,B,6115000.0,0,50000.0,2000000.0,31,392411.0,361983.0,183858.0,178125.0,False,open,20.0
AEG-00915,2022,medical_malpractice,A,4398000.0,1,250000.0,5000000.0,34,84970.0,89217.0,45192.0,44025.0,False,open,11.0
AEG-00916,2022,medical_malpractice,B,2281000.0,0,50000.0,5000000.0,29,236407.0,225653.0,115263.0,110390.0,True,open,36.0
AEG-00917,2022,workers_comp,B,3044000.0,3,250000.0,2000000.0,33,33934.0,34316.0,18537.0,15779.0,False,open,39.0
AEG-00918,2022,workers_comp,C,2584000.0,1,250000.0,5000000.0,34,871056.0,829852.0,496142.0,333710.0,False,open,11.0
AEG-00919,2022,medical_malpractice,C,1744000.0,1,250000.0,10000000.0,27,54477.0,56595.0,22537.0,34058.0,False,open,11.0
AEG-00920,2022,workers_comp,A,4760000.0,2,250000.0,2000000.0,28,29368.0,26811.0,12269.0,14542.0,False,open,31.0
AEG-00921,2022,medical_malpractice,A,2483000.0,0,100000.0,2000000.0,26,19692.0,18931.0,8163.0,10768.0,True,open,42.0
AEG-00922,2022,medical_malpractice,B,2381000.0,2,100000.0,2000000.0,27,58116.0,60301.0,26982.0,33319.0,False,open,15.0
AEG-00923,2022,medical_malpractice,A,2638000.0,0,50000.0,10000000.0,32,375395.0,407470.0,196284.0,211186.0,False,open,31.0
AEG-00924,2022,medical_malpractice,B,6985000.0,2,100000.0,5000000.0,34,282652.0,299733.0,141236.0,158497.0,False,open,17.0
AEG-00925,2022,general_liability,B,3867000.0,0,100000.0,2000000.0,29,43643.0,42045.0,21061.0,20984.0,True,open,10.0
AEG-00926,2022,workers_comp,B,7438000.0,1,50000.0,5000000.0,34,250682.0,247531.0,144596.0,102935.0,False,open,48.0
AEG-00927,2022,medical_malpractice,B,4317000.0,0,100000.0,10000000.0,34,107695.0,108802.0,60225.0,48577.0,False,open,9.0
AEG-00928,2022,workers_comp,A,3632000.0,1,250000.0,10000000.0,33,29181.0,32339.0,15801.0,16538.0,False,open,15.0
AEG-00929,2022,medical_malpractice,B,5987000.0,2,100000.0,5000000.0,25,37897.0,35585.0,15387.0,20198.0,False,open,45.0
AEG-00930,2022,medical_malpractice,A,6082000.0,2,100000.0,5000000.0,25,9033.0,9697.0,3580.0,6117.0,False,open,16.0
AEG-00931,2022,general_liability,A,4781000.0,1,100000.0,5000000.0,32,51121.0,47287.0,24960.0,22327.0,False,open,11.0
AEG-00932,2022,medical_malpractice,C,2690000.0,2,100000.0,5000000.0,25,6543.0,7097.0,2680.0,4417.0,True,open,12.0
AEG-00933,2022,workers_comp,A,3593000.0,0,50000.0,5000000.0,33,72561.0,67075.0,36760.0,30315.0,False,open,5.0
AEG-00934,2022,workers_comp,A,2502000.0,0,50000.0,10000000.0,36,61471.0,60496.0,32098.0,28398.0,True,open,4.0
AEG-00935,2022,medical_malpractice,A,3967000.0,1,100000.0,2000000.0,27,39001.0,38273.0,17901.0,20372.0,True,open,3.0
AEG-00936,2022,workers_comp,B,4728000.0,0,50000.0,2000000.0,36,85764.0,89776.0,52701.0,37075.0,False,open,10.0
AEG-00937,2022,general_liability,A,9463000.0,2,250000.0,2000000.0,25,557087.0,540120.0,199512.0,340608.0,True,open,25.0
AEG-00938,2022,property,B,9137000.0,0,100000.0,5000000.0,27,184799.0,199087.0,83235.0,115852.0,False,open,46.0
AEG-00939,2022,workers_comp,B,6327000.0,0,100000.0,10000000.0,31,300793.0,335924.0,149602.0,186322.0,False,open,9.0
AEG-00940,2022,property,B,7266000.0,1,250000.0,5000000.0,30,678108.0,717466.0,305905.0,411561.0,False,open,11.0
AEG-00941,2022,workers_comp,D,5060000.0,4,250000.0,10000000.0,30,975907.0,882891.0,440146.0,442745.0,False,open,19.0
AEG-00942,2022,workers_comp,C,18009000.0,2,250000.0,2000000.0,30,616255.0,567645.0,266142.0,301503.0,False,open,28.0
AEG-00943,2022,workers_comp,A,9673000.0,1,50000.0,2000000.0,29,96521.0,103938.0,43213.0,60725.0,False,open,43.0
AEG-00944,2022,property,A,16911000.0,0,250000.0,2000000.0,28,62611.0,61976.0,25640.0,36336.0,False,open,24.0
AEG-00945,2022,medical_malpractice,A,5455000.0,1,100000.0,2000000.0,28,39894.0,40402.0,18123.0,22279.0,False,open,10.0
AEG-00946,2022,workers_comp,C,5541000.0,0,100000.0,2000000.0,25,158448.0,172068.0,68019.0,104049.0,True,open,38.0
AEG-00947,2022,workers_comp,A,7627000.0,3,100000.0,10000000.0,36,186405.0,197035.0,100132.0,96903.0,False,open,3.0
AEG-00948,2022,medical_malpractice,B,4953000.0,1,100000.0,5000000.0,28,110164.0,111921.0,45609.0,66312.0,False,open,40.0
AEG-00949,2022,medical_malpractice,A,5265000.0,2,50000.0,10000000.0,35,362796.0,350478.0,199353.0,151125.0,False,open,48.0
AEG-00950,2022,medical_malpractice,C,2752000.0,2,50000.0,2000000.0,36,131845.0,120991.0,67828.0,53163.0,False,open,17.0
AEG-00951,2022,medical_malpractice,C,7208000.0,2,100000.0,10000000.0,36,1229054.0,1136693.0,636322.0,500371.0,True,open,10.0
AEG-00952,2022,workers_comp,B,4822000.0,0,100000.0,5000000.0,30,761199.0,693954.0,331217.0,362737.0,True,open,11.0
AEG-00953,2022,general_liability,B,6752000.0,1,50000.0,5000000.0,26,98708.0,97520.0,43030.0,54490.0,False,open,6.0
AEG-00954,2022,property,B,4035000.0,1,100000.0,5000000.0,27,767322.0,850556.0,323936.0,526620.0,True,open,32.0
AEG-00955,2022,medical_malpractice,A,1855000.0,0,100000.0,10000000.0,25,3382.0,3126.0,1405.0,1721.0,False,open,21.0
AEG-00956,2022,medical_malpractice,A,5787000.0,1,50000.0,2000000.0,25,505089.0,511809.0,211903.0,299906.0,False,open,2.0
AEG-00957,2022,workers_comp,B,8063000.0,3,50000.0,10000000.0,36,367446.0,380494.0,197576.0,182918.0,False,open,9.0
AEG-00958,2022,property,D,2376000.0,0,50000.0,10000000.0,32,663262.0,734295.0,307701.0,426594.0,False,open,22.0
AEG-00959,2022,medical_malpractice,A,2773000.0,2,50000.0,10000000.0,32,13751.0,15386.0,6204.0,9182.0,False,open,70.0
AEG-00960,2022,medical_malpractice,A,3874000.0,1,50000.0,5000000.0,35,1938505.0,2024305.0,1115304.0,909001.0,True,open,30.0
AEG-00961,2022,medical_malpractice,B,3980000.0,2,100000.0,5000000.0,28,90328.0,92821.0,39856.0,52965.0,False,open,34.0
AEG-00962,2022,medical_malpractice,A,1925000.0,1,50000.0,2000000.0,28,84294.0,88983.0,39760.0,49223.0,False,open,32.0
AEG-00963,2022,property,A,10831000.0,0,100000.0,2000000.0,29,857735.0,854203.0,402108.0,452095.0,False,open,31.0
AEG-00964,2022,property,C,7463000.0,1,100000.0,10000000.0,34,270818.0,290233.0,133315.0,156918.0,True,open,10.0
AEG-00965,2022,general_liability,A,3309000.0,3,50000.0,5000000.0,32,52377.0,56783.0,26099.0,30684.0,False,open,35.0
AEG-00966,2022,workers_comp,B,1820000.0,0,100000.0,10000000.0,25,491169.0,465284.0,187837.0,277447.0,False,open,16.0
AEG-00967,2022,medical_malpractice,A,5396000.0,0,250000.0,2000000.0,32,30264.0,30756.0,13854.0,16902.0,False,open,99.0
AEG-00968,2022,general_liability,A,12136000.0,1,100000.0,2000000.0,26,341530.0,330917.0,127691.0,203226.0,False,open,6.0
AEG-00969,2022,property,C,6810000.0,0,250000.0,2000000.0,36,400009.0,371024.0,235278.0,135746.0,False,open,28.0
AEG-00970,2022,medical_malpractice,D,8016000.0,3,100000.0,10000000.0,32,684599.0,679522.0,354568.0,324954.0,True,open,14.0
AEG-00971,2022,general_liability,B,2811000.0,4,100000.0,5000000.0,36,41881.0,43266.0,23140.0,20126.0,False,open,14.0
AEG-00972,2022,workers_comp,A,5056000.0,1,50000.0,2000000.0,26,801981.0,813115.0,298646.0,514469.0,True,open,19.0
AEG-00973,2022,medical_malpractice,A,2126000.0,1,250000.0,10000000.0,28,140960.0,138781.0,58343.0,80438.0,True,open,21.0
AEG-00974,2022,medical_malpractice,B,12102000.0,1,250000.0,5000000.0,30,1242825.0,1270511.0,574718.0,695793.0,True,open,38.0
AEG-00975,2022,general_liability,C,5983000.0,1,250000.0,2000000.0,25,98820.0,99914.0,40652.0,59262.0,True,open,16.0
AEG-00976,2022,medical_malpractice,C,1571000.0,2,50000.0,5000000.0,30,1322370.0,1198057.0,608137.0,589920.0,False,open,14.0
AEG-00977,2022,medical_malpractice,A,1786000.0,0,250000.0,5000000.0,29,228284.0,240110.0,109295.0,130815.0,False,open,52.0
AEG-00978,2022,medical_malpractice,A,5719000.0,1,50000.0,5000000.0,25,252404.0,270967.0,95633.0,175334.0,False,open,29.0
AEG-00979,2022,workers_comp,B,4821000.0,3,100000.0,10000000.0,34,96195.0,96343.0,52265.0,44078.0,False,open,6.0
AEG-00980,2022,general_liability,B,3852000.0,2,50000.0,5000000.0,34,335685.0,350225.0,188166.0,162059.0,False,open,14.0
AEG-00981,2022,general_liability,C,6121000.0,1,250000.0,2000000.0,34,467585.0,445705.0,243941.0,201764.0,False,open,25.0
AEG-00982,2022,general_liability,A,12276000.0,0,250000.0,10000000.0,33,53642.0,56886.0,27470.0,29416.0,True,open,34.0
AEG-00983,2022,medical_malpractice,A,5403000.0,1,50000.0,5000000.0,31,25587.0,25590.0,11166.0,14424.0,True,open,26.0
AEG-00984,2022,workers_comp,A,1826000.0,3,100000.0,10000000.0,34,74648.0,77708.0,36242.0,41466.0,False,open,23.0
AEG-00985,2022,general_liability,C,4155000.0,3,250000.0,5000000.0,29,1187492.0,1244473.0,559712.0,684761.0,False,open,15.0
AEG-00986,2022,medical_malpractice,C,2335000.0,1,250000.0,5000000.0,32,178960.0,178069.0,81459.0,96610.0,True,open,32.0
AEG-00987,2022,general_liability,C,3009000.0,0,50000.0,10000000.0,33,639961.0,602325.0,307117.0,295208.0,True,open,4.0
AEG-00988,2022,general_liability,B,5292000.0,2,50000.0,2000000.0,28,244581.0,270593.0,106658.0,163935.0,True,open,17.0
AEG-00989,2022,workers_comp,B,4129000.0,2,50000.0,10000000.0,26,259514.0,280865.0,115449.0,165416.0,False,open,20.0
AEG-00990,2022,property,C,2639000.0,0,100000.0,10000000.0,33,441803.0,434871.0,252966.0,181905.0,False,open,6.0
AEG-00991,2022,medical_malpractice,A,4433000.0,0,250000.0,2000000.0,35,61552.0,60521.0,35718.0,24803.0,False,open,31.0
AEG-00992,2022,general_liability,C,2987000.0,3,250000.0,5000000.0,31,893896.0,971171.0,419668.0,551503.0,False,open,25.0
AEG-00993,2022,workers_comp,C,5851000.0,3,250000.0,5000000.0,36,338866.0,361059.0,176965.0,184094.0,False,open,2.0
AEG-00994,2022,general_liability,B,3976000.0,3,250000.0,5000000.0,32,226807.0,217965.0,111085.0,106880.0,False,open,48.0
AEG-00995,2022,medical_malpractice,C,5456000.0,1,100000.0,2000000.0,33,29229.0,31587.0,13608.0,17979.0,False,open,5.0
AEG-00996,2022,workers_comp,C,3925000.0,4,250000.0,5000000.0,34,397544.0,387414.0,201087.0,186327.0,True,open,8.0
AEG-00997,2022,general_liability,A,6521000.0,0,250000.0,2000000.0,29,64436.0,69924.0,30547.0,39377.0,False,open,26.0
AEG-00998,2022,medical_malpractice,D,4190000.0,3,100000.0,5000000.0,28,100862.0,93228.0,45295.0,47933.0,True,open,4.0
AEG-00999,2022,workers_comp,D,4455000.0,2,100000.0,5000000.0,29,1142519.0,1266416.0,567171.0,699245.0,False,open,19.0
AEG-01000,2022,general_liability,A,3380000.0,2,250000.0,2000000.0,35,39462.0,38693.0,20687.0,18006.0,True,open,10.0
AEG-01001,2022,medical_malpractice,D,4812000.0,1,250000.0,2000000.0,28,143707.0,158454.0,61716.0,96738.0,True,open,18.0
AEG-01002,2022,medical_malpractice,B,1846000.0,3,50000.0,10000000.0,30,255229.0,243554.0,125884.0,117670.0,False,open,12.0
AEG-01003,2022,workers_comp,B,16997000.0,2,100000.0,5000000.0,33,876840.0,861143.0,427191.0,433952.0,False,open,21.0
AEG-01004,2022,medical_malpractice,C,3188000.0,1,100000.0,10000000.0,28,80912.0,77333.0,33351.0,43982.0,True,open,5.0
AEG-01005,2022,general_liability,D,4706000.0,7,50000.0,5000000.0,33,378098.0,389070.0,215681.0,173389.0,True,open,12.0
AEG-01006,2022,general_liability,A,3533000.0,0,100000.0,10000000.0,31,199448.0,190629.0,93341.0,97288.0,False,open,42.0
AEG-01007,2022,medical_malpractice,A,3508000.0,0,250000.0,5000000.0,31,26457.0,27738.0,13886.0,13852.0,False,open,31.0
AEG-01008,2022,medical_malpractice,C,5474000.0,3,50000.0,2000000.0,36,12023.0,12619.0,6617.0,6002.0,True,open,15.0
AEG-01009,2022,medical_malpractice,B,3467000.0,1,250000.0,2000000.0,26,12634.0,13503.0,5588.0,7915.0,False,open,13.0
AEG-01010,2022,general_liability,B,3613000.0,3,100000.0,2000000.0,33,352341.0,352243.0,194958.0,157285.0,False,open,9.0
AEG-01011,2022,medical_malpractice,B,2247000.0,2,50000.0,5000000.0,36,137431.0,136626.0,73751.0,62875.0,True,open,18.0
AEG-01012,2022,workers_comp,C,2819000.0,1,50000.0,5000000.0,26,57181.0,54613.0,20908.0,33705.0,True,open,29.0
AEG-01013,2022,workers_comp,B,2493000.0,2,100000.0,2000000.0,27,106625.0,107372.0,46627.0,60745.0,False,open,33.0
AEG-01014,2022,workers_comp,C,11010000.0,1,250000.0,2000000.0,28,172698.0,175495.0,72886.0,102609.0,True,open,39.0
AEG-01015,2022,medical_malpractice,C,2295000.0,2,50000.0,5000000.0,36,97684.0,93879.0,52873.0,41006.0,False,open,102.0
AEG-01016,2022,general_liability,A,2615000.0,1,50000.0,5000000.0,33,137499.0,140625.0,74292.0,66333.0,True,open,18.0
AEG-01017,2022,workers_comp,B,4924000.0,1,100000.0,10000000.0,29,3028449.0,2840206.0,1345277.0,1494929.0,False,open,24.0
AEG-01018,2022,medical_malpractice,B,9129000.0,1,100000.0,2000000.0,36,48589.0,48203.0,25976.0,22227.0,False,open,8.0
AEG-01019,2022,general_liability,A,1917000.0,0,50000.0,2000000.0,30,168582.0,163777.0,85362.0,78415.0,False,open,24.0
AEG-01020,2022,medical_malpractice,A,2060000.0,2,250000.0,10000000.0,31,40340.0,41042.0,20824.0,20218.0,True,open,7.0
AEG-01021,2022,workers_comp,A,4757000.0,1,100000.0,10000000.0,35,88460.0,94703.0,51678.0,43025.0,False,open,42.0
AEG-01022,2022,general_liability,B,5289000.0,1,100000.0,2000000.0,31,61821.0,56059.0,28789.0,27270.0,True,open,40.0
AEG-01023,2022,workers_comp,C,2201000.0,1,250000.0,2000000.0,32,210701.0,210017.0,116529.0,93488.0,False,open,17.0
AEG-01024,2022,property,A,1815000.0,0,250000.0,2000000.0,25,119015.0,109746.0,46599.0,63147.0,False,open,27.0
AEG-01025,2022,workers_comp,C,2762000.0,2,250000.0,10000000.0,26,416470.0,407301.0,162255.0,245046.0,True,open,19.0
AEG-01026,2022,general_liability,A,6488000.0,1,250000.0,5000000.0,26,182919.0,194250.0,68351.0,125899.0,False,open,14.0
AEG-01027,2022,medical_malpractice,B,4369000.0,1,50000.0,2000000.0,30,42637.0,44333.0,21362.0,22971.0,True,open,14.0
AEG-01028,2022,general_liability,A,6479000.0,0,250000.0,2000000.0,34,1356179.0,1434379.0,753319.0,681060.0,True,open,21.0
AEG-01029,2022,property,D,4231000.0,1,250000.0,2000000.0,26,105074.0,113387.0,46830.0,66557.0,False,open,14.0
AEG-01030,2022,property,A,4389000.0,2,250000.0,5000000.0,27,346104.0,337406.0,132819.0,204587.0,False,open,24.0
AEG-01031,2022,medical_malpractice,C,6064000.0,2,250000.0,10000000.0,30,1901919.0,1867837.0,803296.0,1064541.0,True,open,45.0
AEG-01032,2022,workers_comp,B,4204000.0,0,250000.0,10000000.0,31,97823.0,92093.0,51488.0,40605.0,False,open,19.0
AEG-01033,2022,medical_malpractice,A,5019000.0,1,250000.0,5000000.0,36,473507.0,460296.0,251662.0,208634.0,False,open,12.0
AEG-01034,2023,workers_comp,A,3531000.0,1,250000.0,2000000.0,14,149413.0,152756.0,34128.0,118628.0,False,open,23.0
AEG-01035,2023,workers_comp,B,5609000.0,4,100000.0,10000000.0,24,356193.0,364958.0,145311.0,219647.0,False,open,21.0
AEG-01036,2023,medical_malpractice,B,4698000.0,1,100000.0,10000000.0,24,145769.0,151590.0,59921.0,91669.0,True,open,18.0
AEG-01037,2023,medical_malpractice,A,3250000.0,0,250000.0,10000000.0,18,94408.0,88861.0,26755.0,62106.0,False,open,7.0
AEG-01038,2023,workers_comp,A,4174000.0,0,50000.0,5000000.0,22,481659.0,464185.0,153875.0,310310.0,False,open,10.0
AEG-01039,2023,medical_malpractice,A,2388000.0,0,100000.0,2000000.0,21,363162.0,336957.0,122581.0,214376.0,False,open,11.0
AEG-01040,2023,workers_comp,B,4575000.0,1,100000.0,2000000.0,15,173719.0,190951.0,42094.0,148857.0,False,open,33.0
AEG-01041,2023,property,C,1245000.0,2,100000.0,10000000.0,21,363724.0,339920.0,114614.0,225306.0,True,open,70.0
AEG-01042,2023,workers_comp,C,4842000.0,4,50000.0,2000000.0,18,86582.0,89960.0,22638.0,67322.0,True,open,17.0
AEG-01043,2023,workers_comp,B,8557000.0,0,100000.0,5000000.0,22,204671.0,206498.0,67983.0,138515.0,True,open,10.0
AEG-01044,2023,medical_malpractice,C,6849000.0,1,50000.0,2000000.0,22,278841.0,255523.0,101819.0,153704.0,True,open,9.0
AEG-01045,2023,medical_malpractice,A,6711000.0,0,100000.0,2000000.0,20,289786.0,313749.0,86900.0,226849.0,False,open,55.0
AEG-01046,2023,property,A,3641000.0,1,250000.0,5000000.0,15,301429.0,304895.0,75282.0,229613.0,False,open,6.0
AEG-01047,2023,medical_malpractice,B,5641000.0,1,250000.0,5000000.0,24,120780.0,123592.0,43909.0,79683.0,False,open,14.0
AEG-01048,2023,property,B,3672000.0,0,100000.0,2000000.0,18,135817.0,144659.0,40769.0,103890.0,False,open,33.0
AEG-01049,2023,workers_comp,B,4266000.0,0,50000.0,5000000.0,21,315966.0,305623.0,106194.0,199429.0,False,open,23.0
AEG-01050,2023,property,A,4246000.0,1,50000.0,5000000.0,14,72807.0,71738.0,17484.0,54254.0,False,open,7.0
AEG-01051,2023,medical_malpractice,B,882000.0,1,100000.0,5000000.0,19,153934.0,143399.0,42919.0,100480.0,True,open,20.0
AEG-01052,2023,workers_comp,C,6952000.0,3,250000.0,5000000.0,18,309244.0,338047.0,92203.0,245844.0,True,open,17.0
AEG-01053,2023,workers_comp,C,5547000.0,1,250000.0,2000000.0,23,108761.0,107027.0,38640.0,68387.0,True,open,6.0
AEG-01054,2023,general_liability,A,6682000.0,1,250000.0,5000000.0,19,225772.0,245351.0,62645.0,182706.0,True,open,11.0
AEG-01055,2023,medical_malpractice,A,2820000.0,0,250000.0,2000000.0,17,85747.0,93247.0,21089.0,72158.0,False,open,8.0
AEG-01056,2023,medical_malpractice,A,6221000.0,0,250000.0,2000000.0,15,214726.0,212425.0,47495.0,164930.0,False,open,28.0
AEG-01057,2023,property,D,5618000.0,1,250000.0,2000000.0,19,263171.0,271396.0,81241.0,190155.0,True,open,13.0
AEG-01058,2023,medical_malpractice,B,1521000.0,3,50000.0,5000000.0,20,229593.0,218614.0,77324.0,141290.0,False,open,16.0
AEG-01059,2023,workers_comp,A,1907000.0,0,50000.0,2000000.0,21,1179885.0,1186774.0,370261.0,816513.0,True,open,16.0
AEG-01060,2023,property,C,4569000.0,2,100000.0,10000000.0,14,455104.0,441153.0,96006.0,345147.0,True,open,2.0
AEG-01061,2023,medical_malpractice,A,3237000.0,0,250000.0,2000000.0,20,265466.0,293225.0,75994.0,217231.0,True,open,33.0
AEG-01062,2023,medical_malpractice,A,4420000.0,1,100000.0,10000000.0,18,52913.0,55417.0,14979.0,40438.0,True,open,15.0
AEG-01063,2023,medical_malpractice,B,3275000.0,2,50000.0,2000000.0,13,89411.0,98132.0,16589.0,81543.0,False,open,46.0
AEG-01064,2023,medical_malpractice,A,9153000.0,0,100000.0,2000000.0,21,12979.0,12392.0,4083.0,8309.0,True,open,28.0
AEG-01065,2023,workers_comp,B,1786000.0,0,250000.0,5000000.0,15,208441.0,197082.0,53262.0,143820.0,True,open,47.0
AEG-01066,2023,workers_comp,B,2312000.0,0,50000.0,2000000.0,21,69158.0,62272.0,22784.0,39488.0,False,open,12.0
AEG-01067,2023,general_liability,B,2785000.0,1,250000.0,2000000.0,13,216150.0,222437.0,42051.0,180386.0,True,open,24.0
AEG-01068,2023,medical_malpractice,B,2309000.0,1,50000.0,2000000.0,18,13021.0,12561.0,3869.0,8692.0,False,open,17.0
AEG-01069,2023,medical_malpractice,C,3373000.0,3,50000.0,5000000.0,19,61514.0,59079.0,16236.0,42843.0,True,open,17.0
AEG-01070,2023,medical_malpractice,B,4390000.0,0,250000.0,5000000.0,15,145978.0,145870.0,36029.0,109841.0,False,open,17.0
AEG-01071,2023,medical_malpractice,A,2337000.0,1,100000.0,5000000.0,18,169112.0,173333.0,50804.0,122529.0,False,open,60.0
AEG-01072,2023,medical_malpractice,B,5311000.0,0,100000.0,2000000.0,24,20566.0,21908.0,7690.0,14218.0,True,open,53.0
AEG-01073,2023,medical_malpractice,B,8384000.0,1,50000.0,2000000.0,20,83316.0,91218.0,24373.0,66845.0,True,open,22.0
AEG-01074,2023,general_liability,A,7549000.0,1,50000.0,2000000.0,19,2000000.0,1885485.0,557295.0,1328190.0,False,open,35.0
AEG-01075,2023,medical_malpractice,D,11712000.0,3,250000.0,5000000.0,15,482248.0,486363.0,123078.0,363285.0,False,open,26.0
AEG-01076,2023,medical_malpractice,A,7699000.0,1,100000.0,5000000.0,18,130353.0,143683.0,38422.0,105261.0,False,open,19.0
AEG-01077,2023,medical_malpractice,B,4394000.0,0,100000.0,10000000.0,13,5960.0,5781.0,1338.0,4443.0,False,open,59.0
AEG-01078,2023,workers_comp,A,10514000.0,2,100000.0,2000000.0,13,71564.0,73136.0,13539.0,59597.0,False,open,20.0
AEG-01079,2023,medical_malpractice,C,6267000.0,1,50000.0,10000000.0,15,291444.0,290869.0,67094.0,223775.0,True,open,19.0
AEG-01080,2023,medical_malpractice,B,11008000.0,2,50000.0,2000000.0,22,173133.0,184342.0,63244.0,121098.0,False,open,17.0
AEG-01081,2023,medical_malpractice,D,4068000.0,3,250000.0,2000000.0,22,330615.0,350530.0,115824.0,234706.0,False,open,21.0
AEG-01082,2023,medical_malpractice,A,1623000.0,0,250000.0,10000000.0,22,319933.0,316016.0,109576.0,206440.0,False,open,18.0
AEG-01083,2023,medical_malpractice,C,2546000.0,3,250000.0,2000000.0,14,181030.0,173501.0,36369.0,137132.0,False,open,40.0
AEG-01084,2023,medical_malpractice,B,4870000.0,0,100000.0,2000000.0,21,346299.0,359672.0,124804.0,234868.0,False,open,38.0
AEG-01085,2023,medical_malpractice,A,5820000.0,1,100000.0,5000000.0,13,14431.0,15954.0,2744.0,13210.0,True,open,6.0
AEG-01086,2023,general_liability,A,4048000.0,0,250000.0,2000000.0,18,2000000.0,1976706.0,589993.0,1386713.0,False,open,4.0
AEG-01087,2023,medical_malpractice,C,7237000.0,2,100000.0,2000000.0,21,115836.0,116985.0,38886.0,78099.0,True,open,27.0
AEG-01088,2023,property,B,2570000.0,0,250000.0,5000000.0,18,146369.0,139684.0,43749.0,95935.0,False,open,8.0
AEG-01089,2023,workers_comp,A,3188000.0,1,50000.0,10000000.0,17,1093313.0,1197373.0,307882.0,889491.0,True,open,18.0
AEG-01090,2023,general_liability,A,7198000.0,2,250000.0,2000000.0,22,306416.0,279431.0,104411.0,175020.0,False,open,10.0
AEG-01091,2023,workers_comp,A,4589000.0,0,100000.0,5000000.0,18,602738.0,593002.0,170951.0,422051.0,True,open,55.0
AEG-01092,2023,medical_malpractice,B,4689000.0,2,250000.0,10000000.0,24,66046.0,60749.0,22445.0,38304.0,False,open,20.0
AEG-01093,2023,medical_malpractice,A,8819000.0,0,100000.0,10000000.0,24,149026.0,148594.0,59004.0,89590.0,True,open,21.0
AEG-01094,2023,property,A,7590000.0,0,250000.0,5000000.0,20,552193.0,569849.0,164196.0,405653.0,False,open,24.0
AEG-01095,2023,general_liability,C,3055000.0,2,100000.0,5000000.0,19,64199.0,59329.0,17444.0,41885.0,True,open,2.0
AEG-01096,2023,workers_comp,A,4936000.0,1,250000.0,5000000.0,20,157531.0,164878.0,44238.0,120640.0,False,open,16.0
AEG-01097,2023,workers_comp,B,1975000.0,2,250000.0,5000000.0,16,186874.0,179118.0,44564.0,134554.0,False,open,42.0
AEG-01098,2023,workers_comp,C,4457000.0,3,250000.0,10000000.0,23,216350.0,204749.0,71372.0,133377.0,False,open,28.0
AEG-01099,2023,general_liability,C,5412000.0,2,50000.0,2000000.0,17,104927.0,102235.0,25821.0,76414.0,False,open,55.0
AEG-01100,2023,medical_malpractice,B,1946000.0,5,50000.0,5000000.0,17,32040.0,35385.0,8329.0,27056.0,False,open,46.0
AEG-01101,2023,medical_malpractice,B,9511000.0,6,50000.0,2000000.0,15,214763.0,234964.0,48617.0,186347.0,False,open,14.0
AEG-01102,2023,workers_comp,C,11744000.0,0,100000.0,5000000.0,15,394845.0,381567.0,87785.0,293782.0,False,open,27.0
AEG-01103,2023,workers_comp,B,5698000.0,3,100000.0,2000000.0,19,901347.0,817405.0,248546.0,568859.0,False,open,67.0
AEG-01104,2023,medical_malpractice,C,7006000.0,4,100000.0,5000000.0,22,149500.0,137776.0,52650.0,85126.0,True,open,21.0
AEG-01105,2023,workers_comp,B,9250000.0,2,100000.0,10000000.0,18,115394.0,115349.0,32738.0,82611.0,False,open,26.0
AEG-01106,2023,medical_malpractice,A,4132000.0,0,100000.0,2000000.0,20,21169.0,19171.0,6455.0,12716.0,False,open,29.0
AEG-01107,2023,workers_comp,A,7418000.0,0,250000.0,10000000.0,20,221112.0,232463.0,64398.0,168065.0,True,open,8.0
AEG-01108,2023,medical_malpractice,B,5407000.0,1,50000.0,2000000.0,17,93131.0,96088.0,26302.0,69786.0,False,open,16.0
AEG-01109,2023,medical_malpractice,B,2151000.0,3,250000.0,5000000.0,17,1273776.0,1262105.0,308398.0,953707.0,True,open,22.0
AEG-01110,2023,workers_comp,B,2911000.0,2,100000.0,10000000.0,23,3238673.0,3021666.0,1133477.0,1888189.0,False,open,12.0
AEG-01111,2023,workers_comp,B,3423000.0,1,250000.0,5000000.0,20,1447858.0,1607458.0,422959.0,1184499.0,False,open,18.0
AEG-01112,2023,general_liability,B,7530000.0,2,250000.0,10000000.0,22,68205.0,66908.0,24621.0,42287.0,False,open,37.0
AEG-01113,2023,property,A,4718000.0,0,100000.0,10000000.0,22,51344.0,48995.0,17788.0,31207.0,False,open,20.0
AEG-01114,2023,medical_malpractice,B,7235000.0,2,100000.0,2000000.0,13,101334.0,113161.0,22460.0,90701.0,True,open,11.0
AEG-01115,2023,medical_malpractice,A,3585000.0,2,250000.0,5000000.0,16,39515.0,42089.0,10245.0,31844.0,False,open,29.0
AEG-01116,2023,property,B,2433000.0,3,100000.0,2000000.0,19,1493002.0,1521749.0,457476.0,1064273.0,False,open,21.0
AEG-01117,2023,property,A,12160000.0,0,250000.0,10000000.0,18,281546.0,275111.0,71778.0,203333.0,True,open,59.0
AEG-01118,2023,workers_comp,D,16712000.0,1,250000.0,10000000.0,21,231419.0,249435.0,67692.0,181743.0,False,open,27.0
AEG-01119,2023,medical_malpractice,A,5414000.0,1,50000.0,2000000.0,13,106326.0,112116.0,22273.0,89843.0,False,open,13.0
AEG-01120,2023,workers_comp,D,4092000.0,4,100000.0,2000000.0,23,1502905.0,1645035.0,574255.0,1070780.0,False,open,9.0
AEG-01121,2023,medical_malpractice,C,7977000.0,0,100000.0,10000000.0,24,55692.0,62097.0,22564.0,39533.0,False,open,29.0
AEG-01122,2023,medical_malpractice,B,2642000.0,1,50000.0,2000000.0,21,228327.0,234629.0,83061.0,151568.0,False,open,87.0
AEG-01123,2023,workers_comp,B,4073000.0,3,100000.0,2000000.0,16,55245.0,59773.0,14967.0,44806.0,False,open,6.0
AEG-01124,2023,medical_malpractice,A,2257000.0,1,100000.0,2000000.0,15,85502.0,94132.0,20274.0,73858.0,False,open,19.0
AEG-01125,2023,medical_malpractice,A,5682000.0,0,100000.0,5000000.0,17,51334.0,48518.0,14203.0,34315.0,False,open,9.0
AEG-01126,2023,general_liability,B,5074000.0,1,250000.0,10000000.0,14,268478.0,278715.0,56821.0,221894.0,False,open,39.0
AEG-01127,2023,workers_comp,A,3711000.0,0,250000.0,5000000.0,17,238592.0,259278.0,70108.0,189170.0,False,open,21.0
AEG-01128,2023,medical_malpractice,A,3292000.0,1,100000.0,10000000.0,24,415775.0,447324.0,172357.0,274967.0,False,open,22.0
AEG-01129,2023,workers_comp,A,2168000.0,4,100000.0,10000000.0,21,434022.0,461285.0,148980.0,312305.0,False,open,15.0
AEG-01130,2023,property,B,3025000.0,1,250000.0,2000000.0,23,152534.0,152701.0,51549.0,101152.0,True,open,27.0
AEG-01131,2023,medical_malpractice,B,8145000.0,4,50000.0,2000000.0,19,29705.0,32387.0,8941.0,23446.0,True,open,22.0
AEG-01132,2023,medical_malpractice,D,3801000.0,1,250000.0,2000000.0,18,78567.0,79196.0,23002.0,56194.0,True,open,30.0
AEG-01133,2023,workers_comp,A,8261000.0,0,250000.0,5000000.0,17,123773.0,119406.0,35166.0,84240.0,False,open,14.0
AEG-01134,2023,general_liability,C,2968000.0,2,100000.0,2000000.0,17,177560.0,177159.0,48678.0,128481.0,True,open,8.0
AEG-01135,2023,workers_comp,B,4332000.0,0,250000.0,10000000.0,16,104069.0,112540.0,27745.0,84795.0,False,open,11.0
AEG-01136,2023,medical_malpractice,A,3610000.0,0,250000.0,10000000.0,22,364008.0,333933.0,132798.0,201135.0,True,open,32.0
AEG-01137,2023,workers_comp,B,3974000.0,4,250000.0,2000000.0,21,698737.0,630742.0,237078.0,393664.0,False,open,13.0
AEG-01138,2023,workers_comp,D,6526000.0,2,50000.0,5000000.0,20,268667.0,245539.0,76791.0,168748.0,True,open,12.0
AEG-01139,2023,workers_comp,C,1676000.0,3,250000.0,2000000.0,20,170850.0,158766.0,56207.0,102559.0,True,open,32.0
AEG-01140,2023,workers_comp,B,6435000.0,1,100000.0,10000000.0,16,187024.0,177869.0,46434.0,131435.0,False,open,1.0
AEG-01141,2023,medical_malpractice,C,6294000.0,1,50000.0,5000000.0,17,152870.0,142194.0,43301.0,98893.0,False,open,8.0
AEG-01142,2023,general_liability,D,4510000.0,4,250000.0,2000000.0,18,273209.0,246989.0,70158.0,176831.0,True,open,14.0
AEG-01143,2023,workers_comp,B,4674000.0,0,250000.0,10000000.0,16,39545.0,37936.0,9864.0,28072.0,False,open,3.0
AEG-01144,2023,workers_comp,A,4051000.0,3,50000.0,2000000.0,24,123146.0,127193.0,44306.0,82887.0,True,open,38.0
AEG-01145,2023,general_liability,A,6287000.0,0,50000.0,2000000.0,21,18633.0,19817.0,6091.0,13726.0,False,open,10.0
AEG-01146,2023,medical_malpractice,B,4633000.0,1,100000.0,5000000.0,18,136782.0,137342.0,42591.0,94751.0,False,open,25.0
AEG-01147,2023,medical_malpractice,A,2996000.0,0,250000.0,2000000.0,13,230108.0,254009.0,49544.0,204465.0,False,open,33.0
AEG-01148,2023,general_liability,D,4847000.0,1,100000.0,2000000.0,13,84707.0,77044.0,18662.0,58382.0,False,open,18.0
AEG-01149,2023,workers_comp,D,7130000.0,5,250000.0,2000000.0,13,438354.0,479374.0,95732.0,383642.0,False,open,7.0
AEG-01150,2023,property,B,5384000.0,0,100000.0,5000000.0,14,150630.0,137161.0,29743.0,107418.0,False,open,17.0
AEG-01151,2023,property,B,4570000.0,0,250000.0,10000000.0,14,137255.0,141645.0,31501.0,110144.0,False,open,12.0
AEG-01152,2023,medical_malpractice,A,4972000.0,0,100000.0,2000000.0,14,980198.0,926355.0,226041.0,700314.0,False,open,13.0
AEG-01153,2023,property,C,3550000.0,3,250000.0,2000000.0,24,999186.0,1056974.0,396139.0,660835.0,False,open,12.0
AEG-01154,2023,medical_malpractice,B,3610000.0,2,100000.0,2000000.0,20,226425.0,241002.0,66868.0,174134.0,False,open,39.0
AEG-01155,2023,medical_malpractice,C,1821000.0,3,100000.0,10000000.0,20,98354.0,106138.0,29874.0,76264.0,False,open,48.0
AEG-01156,2023,property,B,4125000.0,2,250000.0,2000000.0,17,476691.0,459937.0,130778.0,329159.0,False,open,34.0
AEG-01157,2023,medical_malpractice,C,7234000.0,2,250000.0,2000000.0,22,129205.0,120775.0,42163.0,78612.0,False,open,13.0
AEG-01158,2023,general_liability,A,3736000.0,0,50000.0,5000000.0,20,256094.0,273318.0,80132.0,193186.0,True,open,51.0
AEG-01159,2023,workers_comp,D,2915000.0,4,50000.0,5000000.0,20,132230.0,138993.0,40514.0,98479.0,False,open,11.0
AEG-01160,2023,general_liability,B,6933000.0,3,50000.0,2000000.0,16,173024.0,173024.0,39177.0,133847.0,True,open,23.0
AEG-01161,2023,workers_comp,B,4875000.0,1,100000.0,5000000.0,22,156307.0,155536.0,48621.0,106915.0,False,open,20.0
AEG-01162,2023,general_liability,B,4823000.0,5,250000.0,10000000.0,22,38193.0,38586.0,12270.0,26316.0,True,open,48.0
AEG-01163,2023,medical_malpractice,A,5650000.0,3,50000.0,10000000.0,23,720629.0,799983.0,256343.0,543640.0,False,open,25.0
AEG-01164,2023,medical_malpractice,B,6301000.0,1,100000.0,5000000.0,18,328945.0,305207.0,101054.0,204153.0,False,open,14.0
AEG-01165,2023,general_liability,C,4414000.0,0,250000.0,5000000.0,13,94065.0,96982.0,20223.0,76759.0,True,open,31.0
AEG-01166,2023,general_liability,B,3022000.0,5,250000.0,10000000.0,24,35890.0,39078.0,12883.0,26195.0,False,open,29.0
AEG-01167,2023,general_liability,B,10385000.0,1,250000.0,5000000.0,13,82740.0,76319.0,17873.0,58446.0,False,open,42.0
AEG-01168,2023,workers_comp,B,4630000.0,3,250000.0,2000000.0,22,94813.0,100829.0,34826.0,66003.0,True,open,29.0
AEG-01169,2023,general_liability,B,3111000.0,3,250000.0,2000000.0,14,94384.0,101950.0,22610.0,79340.0,False,open,20.0
AEG-01170,2023,workers_comp,B,4924000.0,0,250000.0,10000000.0,18,44360.0,42350.0,13036.0,29314.0,False,open,12.0
AEG-01171,2023,general_liability,B,7980000.0,1,100000.0,5000000.0,21,73644.0,71845.0,24794.0,47051.0,False,open,39.0
AEG-01172,2023,workers_comp,C,2286000.0,1,50000.0,5000000.0,24,319234.0,317350.0,124248.0,193102.0,False,open,15.0
AEG-01173,2023,medical_malpractice,C,8442000.0,0,100000.0,5000000.0,16,254703.0,284670.0,57662.0,227008.0,False,open,11.0
AEG-01174,2023,medical_malpractice,A,4223000.0,2,50000.0,2000000.0,16,11529.0,12679.0,2943.0,9736.0,True,open,33.0
AEG-01175,2023,medical_malpractice,D,11720000.0,4,100000.0,2000000.0,22,195033.0,215367.0,60222.0,155145.0,False,open,12.0
AEG-01176,2023,workers_comp,B,6202000.0,1,100000.0,2000000.0,18,79938.0,78391.0,23152.0,55239.0,False,open,36.0
AEG-01177,2023,general_liability,B,4285000.0,2,50000.0,2000000.0,17,57806.0,63275.0,15923.0,47352.0,False,open,7.0
AEG-01178,2023,property,B,8216000.0,3,50000.0,10000000.0,17,208864.0,210771.0,53971.0,156800.0,False,open,19.0
AEG-01179,2023,general_liability,D,8289000.0,3,100000.0,10000000.0,23,128749.0,132800.0,42915.0,89885.0,False,open,33.0
AEG-01180,2023,property,A,3811000.0,0,100000.0,5000000.0,13,538306.0,562548.0,109719.0,452829.0,True,open,31.0
AEG-01181,2023,workers_comp,C,5040000.0,2,100000.0,2000000.0,15,654672.0,695390.0,141730.0,553660.0,False,open,38.0
AEG-01182,2023,workers_comp,B,3522000.0,1,100000.0,2000000.0,16,172332.0,167797.0,41948.0,125849.0,False,open,14.0
AEG-01183,2023,medical_malpractice,B,6993000.0,1,100000.0,5000000.0,16,63282.0,62136.0,16544.0,45592.0,False,open,36.0
AEG-01184,2023,property,B,2301000.0,0,100000.0,2000000.0,13,2000000.0,1854896.0,364008.0,1490888.0,False,open,40.0
AEG-01185,2023,medical_malpractice,B,4143000.0,2,250000.0,5000000.0,20,1076940.0,1175354.0,369120.0,806234.0,False,open,15.0
AEG-01186,2023,workers_comp,C,1628000.0,2,250000.0,10000000.0,14,459419.0,459252.0,109135.0,350117.0,True,open,46.0
AEG-01187,2023,general_liability,B,5977000.0,3,50000.0,2000000.0,18,157233.0,174718.0,42905.0,131813.0,False,open,24.0
AEG-01188,2023,medical_malpractice,D,1555000.0,1,50000.0,5000000.0,14,609324.0,583851.0,142851.0,441000.0,True,open,28.0
AEG-01189,2023,medical_malpractice,B,2720000.0,0,250000.0,10000000.0,14,672979.0,698684.0,157575.0,541109.0,False,open,9.0
AEG-01190,2023,medical_malpractice,B,5116000.0,1,50000.0,5000000.0,17,72274.0,80899.0,20094.0,60805.0,False,open,9.0
AEG-01191,2024,general_liability,A,4257000.0,0,100000.0,10000000.0,9,120634.0,120941.0,15728.0,105213.0,True,open,81.0
AEG-01192,2024,medical_malpractice,A,3987000.0,0,250000.0,2000000.0,7,299449.0,285156.0,35184.0,249972.0,False,open,31.0
AEG-01193,2024,medical_malpractice,C,8258000.0,2,100000.0,2000000.0,6,198435.0,214030.0,19927.0,194103.0,False,open,20.0
AEG-01194,2024,general_liability,A,5635000.0,0,50000.0,5000000.0,9,395537.0,435686.0,56268.0,379418.0,False,open,7.0
AEG-01195,2024,medical_malpractice,B,7964000.0,1,250000.0,10000000.0,1,1919605.0,1789231.0,81766.0,1707465.0,False,open,21.0
AEG-01196,2024,workers_comp,A,10726000.0,0,50000.0,2000000.0,2,560919.0,621542.0,24364.0,597178.0,False,open,23.0
AEG-01197,2024,medical_malpractice,C,4266000.0,2,50000.0,10000000.0,7,1556047.0,1458015.0,156901.0,1301114.0,True,open,12.0
AEG-01198,2024,medical_malpractice,B,2956000.0,2,100000.0,10000000.0,10,277184.0,291331.0,45676.0,245655.0,False,open,58.0
AEG-01199,2024,property,A,6774000.0,0,50000.0,10000000.0,9,110491.0,111390.0,17113.0,94277.0,True,open,35.0
AEG-01200,2024,medical_malpractice,C,3342000.0,1,50000.0,2000000.0,5,882095.0,962971.0,63057.0,899914.0,False,open,18.0
AEG-01201,2024,medical_malpractice,C,3964000.0,1,250000.0,2000000.0,9,69440.0,77637.0,8836.0,68801.0,False,open,18.0
AEG-01202,2024,workers_comp,B,9246000.0,0,50000.0,5000000.0,8,710791.0,655580.0,87542.0,568038.0,True,open,32.0
AEG-01203,2024,medical_malpractice,D,5936000.0,2,250000.0,5000000.0,8,403355.0,403421.0,55704.0,347717.0,False,open,23.0
AEG-01204,2024,workers_comp,C,7794000.0,2,250000.0,5000000.0,7,109444.0,119322.0,11192.0,108130.0,False,open,39.0
AEG-01205,2024,medical_malpractice,A,2294000.0,0,100000.0,10000000.0,10,46599.0,46092.0,6804.0,39288.0,False,open,31.0
AEG-01206,2024,medical_malpractice,D,4584000.0,1,50000.0,10000000.0,9,156116.0,146408.0,21469.0,124939.0,True,open,26.0
AEG-01207,2024,workers_comp,A,7881000.0,0,250000.0,5000000.0,11,309586.0,311559.0,51261.0,260298.0,False,open,6.0
AEG-01208,2024,medical_malpractice,C,2373000.0,4,250000.0,10000000.0,6,727457.0,661740.0,64650.0,597090.0,False,open,26.0
AEG-01209,2024,medical_malpractice,B,4974000.0,1,100000.0,10000000.0,4,140649.0,132074.0,8937.0,123137.0,False,open,7.0
AEG-01210,2024,medical_malpractice,A,5513000.0,1,250000.0,5000000.0,7,942316.0,1024914.0,94093.0,930821.0,True,open,18.0
AEG-01211,2024,medical_malpractice,B,1422000.0,0,100000.0,10000000.0,10,354193.0,383840.0,50299.0,333541.0,False,open,13.0
AEG-01212,2024,property,A,10009000.0,1,100000.0,10000000.0,6,116424.0,125417.0,10896.0,114521.0,False,open,23.0
AEG-01213,2024,general_liability,C,3154000.0,3,250000.0,5000000.0,10,111608.0,101917.0,19174.0,82743.0,False,open,10.0
AEG-01214,2024,workers_comp,A,4204000.0,0,250000.0,10000000.0,2,218897.0,228419.0,9186.0,219233.0,False,open,20.0
AEG-01215,2024,medical_malpractice,B,10431000.0,1,250000.0,10000000.0,6,71917.0,71901.0,6336.0,65565.0,True,open,15.0
AEG-01216,2024,general_liability,A,1841000.0,1,50000.0,2000000.0,8,138249.0,144716.0,16229.0,128487.0,False,open,61.0
AEG-01217,2024,medical_malpractice,A,5683000.0,0,50000.0,2000000.0,12,262415.0,255822.0,44658.0,211164.0,False,open,40.0
AEG-01218,2024,medical_malpractice,A,3603000.0,2,50000.0,2000000.0,1,145447.0,140365.0,5960.0,134405.0,False,open,22.0
AEG-01219,2024,medical_malpractice,B,4605000.0,2,250000.0,5000000.0,12,404528.0,446620.0,72795.0,373825.0,False,open,9.0
AEG-01220,2024,medical_malpractice,B,2992000.0,0,250000.0,10000000.0,6,59776.0,62874.0,5337.0,57537.0,False,open,4.0
AEG-01221,2024,workers_comp,C,8914000.0,2,250000.0,2000000.0,3,111179.0,115517.0,5313.0,110204.0,True,open,40.0
AEG-01222,2024,medical_malpractice,B,2574000.0,0,100000.0,2000000.0,10,26484.0,26813.0,3829.0,22984.0,False,open,36.0
AEG-01223,2024,medical_malpractice,B,5400000.0,0,250000.0,5000000.0,4,17079.0,16483.0,1165.0,15318.0,True,open,44.0
AEG-01224,2024,property,B,5908000.0,4,50000.0,10000000.0,11,181309.0,180724.0,31643.0,149081.0,False,open,14.0
AEG-01225,2024,medical_malpractice,A,4304000.0,1,250000.0,2000000.0,5,117698.0,128998.0,9816.0,119182.0,False,open,21.0
AEG-01226,2024,medical_malpractice,B,3931000.0,2,100000.0,10000000.0,11,105780.0,114984.0,16674.0,98310.0,False,open,23.0
AEG-01227,2024,workers_comp,C,3947000.0,1,100000.0,5000000.0,12,304456.0,280687.0,61102.0,219585.0,False,open,23.0
AEG-01228,2024,medical_malpractice,D,7517000.0,2,250000.0,2000000.0,9,2000000.0,2146127.0,275481.0,1870646.0,True,open,26.0
AEG-01229,2024,medical_malpractice,B,5651000.0,3,100000.0,2000000.0,12,38098.0,39901.0,6875.0,33026.0,True,open,27.0
AEG-01230,2024,workers_comp,B,4326000.0,1,100000.0,10000000.0,12,182156.0,190153.0,37030.0,153123.0,False,open,63.0
AEG-01231,2024,property,C,2612000.0,2,100000.0,2000000.0,3,213025.0,206739.0,9853.0,196886.0,False,open,23.0
AEG-01232,2024,workers_comp,B,4880000.0,1,250000.0,2000000.0,12,87516.0,96859.0,15656.0,81203.0,True,open,8.0
AEG-01233,2024,property,A,5885000.0,0,100000.0,2000000.0,8,1188101.0,1217052.0,145226.0,1071826.0,False,open,33.0
AEG-01234,2024,general_liability,A,4436000.0,0,100000.0,2000000.0,5,151244.0,164201.0,12053.0,152148.0,False,open,23.0
AEG-01235,2024,property,B,9248000.0,1,250000.0,5000000.0,1,1295937.0,1189989.0,54977.0,1135012.0,True,open,17.0
AEG-01236,2024,medical_malpractice,A,1734000.0,0,250000.0,10000000.0,9,30081.0,30413.0,4232.0,26181.0,True,open,32.0
AEG-01237,2024,medical_malpractice,B,15686000.0,1,250000.0,5000000.0,6,1163521.0,1108707.0,104912.0,1003795.0,False,open,29.0
AEG-01238,2024,workers_comp,D,4113000.0,2,250000.0,2000000.0,2,2000000.0,1981106.0,82551.0,1898555.0,True,open,58.0
AEG-01239,2024,general_liability,B,2549000.0,1,100000.0,2000000.0,5,70674.0,68763.0,4943.0,63820.0,True,open,40.0
AEG-01240,2024,workers_comp,B,1884000.0,3,100000.0,2000000.0,8,247482.0,253080.0,33159.0,219921.0,True,open,29.0
AEG-01241,2024,medical_malpractice,C,6957000.0,1,100000.0,5000000.0,3,142035.0,131975.0,7246.0,124729.0,True,open,9.0
AEG-01242,2024,medical_malpractice,B,6003000.0,2,250000.0,5000000.0,4,256815.0,256352.0,15282.0,241070.0,True,open,28.0
AEG-01243,2024,general_liability,C,4045000.0,2,50000.0,10000000.0,6,52858.0,51325.0,5246.0,46079.0,False,open,34.0
AEG-01244,2024,medical_malpractice,A,4400000.0,0,100000.0,5000000.0,11,189539.0,199079.0,31907.0,167172.0,False,open,74.0
AEG-01245,2024,general_liability,C,4907000.0,2,100000.0,5000000.0,8,544566.0,519838.0,65811.0,454027.0,False,open,71.0
AEG-01246,2024,workers_comp,A,3648000.0,0,50000.0,10000000.0,2,103239.0,100724.0,4426.0,96298.0,False,open,31.0
AEG-01247,2024,medical_malpractice,A,8029000.0,1,50000.0,5000000.0,4,8202.0,7850.0,493.0,7357.0,True,open,7.0
AEG-01248,2024,workers_comp,B,6167000.0,2,50000.0,10000000.0,2,115078.0,127352.0,5011.0,122341.0,False,open,28.0
AEG-01249,2024,workers_comp,B,4247000.0,0,250000.0,5000000.0,1,159814.0,147201.0,6582.0,140619.0,False,open,49.0
AEG-01250,2024,medical_malpractice,A,1987000.0,3,250000.0,2000000.0,8,267377.0,251685.0,35821.0,215864.0,False,open,41.0
AEG-01251,2024,medical_malpractice,C,8951000.0,1,50000.0,10000000.0,4,81316.0,88860.0,4997.0,83863.0,False,open,15.0
AEG-01252,2024,workers_comp,B,3552000.0,1,50000.0,5000000.0,7,67160.0,65978.0,6844.0,59134.0,False,open,13.0
AEG-01253,2024,medical_malpractice,C,2688000.0,3,250000.0,2000000.0,7,337248.0,359170.0,36166.0,323004.0,False,open,4.0
AEG-01254,2024,general_liability,B,8597000.0,0,100000.0,10000000.0,8,297335.0,272787.0,36974.0,235813.0,True,open,5.0
AEG-01255,2024,medical_malpractice,B,5789000.0,2,250000.0,5000000.0,10,316028.0,294248.0,52121.0,242127.0,False,open,52.0
AEG-01256,2024,workers_comp,B,1647000.0,1,100000.0,5000000.0,8,266385.0,275092.0,30798.0,244294.0,False,open,23.0
AEG-01257,2024,property,B,1964000.0,2,250000.0,10000000.0,4,1048230.0,981508.0,65508.0,916000.0,False,open,30.0
AEG-01258,2024,property,C,3698000.0,2,250000.0,2000000.0,1,684997.0,652953.0,32638.0,620315.0,True,open,15.0
AEG-01259,2024,property,B,2406000.0,1,50000.0,5000000.0,12,39941.0,39153.0,8012.0,31141.0,False,open,7.0
AEG-01260,2024,medical_malpractice,B,4177000.0,3,100000.0,5000000.0,8,171191.0,177552.0,19739.0,157813.0,False,open,6.0
AEG-01261,2024,workers_comp,A,16695000.0,0,100000.0,5000000.0,7,504009.0,471948.0,53469.0,418479.0,False,open,17.0
AEG-01262,2024,medical_malpractice,C,20040000.0,1,50000.0,2000000.0,6,173705.0,158825.0,17017.0,141808.0,False,open,7.0
AEG-01263,2024,medical_malpractice,B,4421000.0,1,100000.0,5000000.0,2,731820.0,721608.0,31750.0,689858.0,False,open,33.0
AEG-01264,2024,workers_comp,D,6739000.0,4,100000.0,5000000.0,3,223861.0,234690.0,10867.0,223823.0,True,open,20.0
AEG-01265,2024,workers_comp,C,7049000.0,3,100000.0,2000000.0,7,690752.0,744387.0,71562.0,672825.0,False,open,48.0
AEG-01266,2024,medical_malpractice,A,4254000.0,0,50000.0,2000000.0,10,27189.0,27863.0,4082.0,23781.0,False,open,5.0
AEG-01267,2024,medical_malpractice,B,2158000.0,2,100000.0,10000000.0,8,136538.0,132571.0,15454.0,117117.0,False,open,5.0
AEG-01268,2024,general_liability,B,7732000.0,1,50000.0,2000000.0,9,103728.0,114478.0,15050.0,99428.0,True,open,21.0
AEG-01269,2024,workers_comp,B,4134000.0,0,50000.0,10000000.0,10,80249.0,77751.0,11964.0,65787.0,False,open,7.0
AEG-01270,2024,general_liability,A,5669000.0,0,250000.0,5000000.0,8,35566.0,38016.0,4038.0,33978.0,True,open,29.0
AEG-01271,2024,medical_malpractice,C,6438000.0,0,250000.0,10000000.0,2,215837.0,230409.0,9200.0,221209.0,True,open,38.0
AEG-01272,2024,workers_comp,C,3015000.0,4,50000.0,2000000.0,5,507194.0,530206.0,36807.0,493399.0,False,open,20.0
AEG-01273,2024,property,B,10509000.0,2,50000.0,2000000.0,3,150575.0,153066.0,6860.0,146206.0,True,open,4.0
AEG-01274,2024,medical_malpractice,B,4692000.0,1,50000.0,5000000.0,2,32948.0,31169.0,1632.0,29537.0,False,open,13.0
AEG-01275,2024,workers_comp,B,5057000.0,0,250000.0,10000000.0,11,92636.0,94938.0,17404.0,77534.0,False,open,32.0
AEG-01276,2024,property,C,3639000.0,1,250000.0,2000000.0,1,915010.0,825351.0,44273.0,781078.0,True,open,41.0
AEG-01277,2024,medical_malpractice,D,6448000.0,2,50000.0,10000000.0,11,51178.0,56760.0,9384.0,47376.0,True,open,29.0
AEG-01278,2024,workers_comp,B,7501000.0,1,50000.0,2000000.0,11,940207.0,954747.0,176156.0,778591.0,False,open,15.0
AEG-01279,2024,general_liability,B,3420000.0,0,250000.0,5000000.0,9,28663.0,28816.0,3734.0,25082.0,False,open,9.0
AEG-01280,2024,property,A,6057000.0,1,100000.0,5000000.0,6,353052.0,391497.0,33087.0,358410.0,False,open,19.0
AEG-01281,2024,workers_comp,A,3637000.0,1,50000.0,2000000.0,9,447927.0,487409.0,66986.0,420423.0,True,open,1.0
AEG-01282,2024,medical_malpractice,B,2441000.0,2,250000.0,10000000.0,6,557658.0,538093.0,57391.0,480702.0,False,open,14.0
AEG-01283,2024,workers_comp,B,3833000.0,2,250000.0,10000000.0,3,155295.0,171694.0,7459.0,164235.0,False,open,46.0
AEG-01284,2024,medical_malpractice,A,6134000.0,0,50000.0,10000000.0,4,46546.0,51237.0,2673.0,48564.0,False,open,6.0
AEG-01285,2024,medical_malpractice,B,5962000.0,0,250000.0,2000000.0,2,26683.0,25004.0,1160.0,23844.0,False,open,39.0
AEG-01286,2024,medical_malpractice,A,7764000.0,1,100000.0,5000000.0,6,319342.0,317634.0,27864.0,289770.0,False,open,8.0
AEG-01287,2024,medical_malpractice,A,3227000.0,0,250000.0,10000000.0,8,96786.0,95330.0,12813.0,82517.0,False,open,14.0
AEG-01288,2024,medical_malpractice,B,3886000.0,3,250000.0,5000000.0,8,80871.0,82707.0,10792.0,71915.0,False,open,32.0
AEG-01289,2024,workers_comp,D,4690000.0,2,250000.0,2000000.0,3,234658.0,244863.0,10745.0,234118.0,True,open,33.0
AEG-01290,2024,general_liability,A,6171000.0,1,250000.0,5000000.0,6,214790.0,212435.0,17902.0,194533.0,True,open,17.0
AEG-01291,2024,medical_malpractice,B,4266000.0,2,100000.0,5000000.0,8,142461.0,149008.0,19482.0,129526.0,True,open,13.0
AEG-01292,2024,general_liability,A,2811000.0,0,100000.0,2000000.0,10,623389.0,646340.0,105626.0,540714.0,False,open,26.0
AEG-01293,2024,medical_malpractice,D,2082000.0,1,250000.0,10000000.0,2,17254.0,17427.0,851.0,16576.0,True,open,51.0
AEG-01294,2024,medical_malpractice,A,8166000.0,1,250000.0,5000000.0,3,297017.0,269098.0,14686.0,254412.0,False,open,19.0
AEG-01295,2024,general_liability,A,7729000.0,1,250000.0,10000000.0,1,87116.0,83452.0,4347.0,79105.0,True,open,5.0
AEG-01296,2024,workers_comp,D,3243000.0,3,50000.0,10000000.0,2,348014.0,342160.0,14871.0,327289.0,False,open,15.0
AEG-01297,2024,workers_comp,B,9499000.0,3,50000.0,10000000.0,1,177871.0,188051.0,7339.0,180712.0,False,open,15.0
AEG-01298,2024,general_liability,A,4385000.0,0,50000.0,5000000.0,11,145864.0,142889.0,26927.0,115962.0,False,open,12.0
AEG-01299,2024,property,B,5685000.0,2,50000.0,2000000.0,6,749587.0,716505.0,75181.0,641324.0,False,open,18.0
AEG-01300,2024,property,C,8523000.0,4,50000.0,2000000.0,3,495726.0,450668.0,22031.0,428637.0,False,open,10.0
AEG-01301,2024,property,B,3560000.0,0,100000.0,10000000.0,5,59922.0,63275.0,4785.0,58490.0,True,open,24.0
AEG-01302,2024,medical_malpractice,B,3070000.0,1,250000.0,10000000.0,4,127503.0,125125.0,7248.0,117877.0,False,open,2.0
AEG-01303,2024,workers_comp,B,1896000.0,3,50000.0,10000000.0,12,228697.0,232264.0,39522.0,192742.0,True,open,28.0
AEG-01304,2024,medical_malpractice,A,5278000.0,0,50000.0,5000000.0,9,172966.0,189099.0,26870.0,162229.0,False,open,36.0
AEG-01305,2024,property,D,5678000.0,6,250000.0,2000000.0,12,492850.0,514869.0,100054.0,414815.0,True,open,22.0
AEG-01306,2024,general_liability,C,6984000.0,2,250000.0,2000000.0,1,219463.0,209352.0,9159.0,200193.0,True,open,29.0
AEG-01307,2024,medical_malpractice,B,6135000.0,3,100000.0,2000000.0,3,448825.0,431531.0,21754.0,409777.0,False,open,25.0
AEG-01308,2024,medical_malpractice,B,4777000.0,1,50000.0,10000000.0,7,39480.0,40943.0,4521.0,36422.0,False,open,32.0
AEG-01309,2024,general_liability,D,8063000.0,3,100000.0,10000000.0,1,3609343.0,3906984.0,163509.0,3743475.0,True,open,15.0
AEG-01310,2024,workers_comp,A,2710000.0,0,250000.0,10000000.0,4,109850.0,103238.0,6867.0,96371.0,True,open,17.0
AEG-01311,2024,medical_malpractice,A,5512000.0,0,250000.0,5000000.0,7,34394.0,34111.0,3913.0,30198.0,True,open,22.0
AEG-01312,2024,medical_malpractice,B,5865000.0,0,250000.0,10000000.0,12,340439.0,321865.0,57118.0,264747.0,False,open,10.0
AEG-01313,2024,workers_comp,B,4267000.0,6,250000.0,2000000.0,11,883942.0,818671.0,167606.0,651065.0,False,open,41.0
AEG-01314,2024,workers_comp,A,10781000.0,0,250000.0,10000000.0,7,886754.0,933305.0,99351.0,833954.0,False,open,9.0
AEG-01315,2024,workers_comp,C,5651000.0,3,100000.0,10000000.0,6,1681080.0,1662187.0,156799.0,1505388.0,False,open,10.0
AEG-01316,2024,medical_malpractice,B,8916000.0,0,250000.0,5000000.0,7,239866.0,237579.0,24957.0,212622.0,False,open,34.0
AEG-01317,2024,medical_malpractice,B,7113000.0,2,250000.0,10000000.0,7,149226.0,161971.0,15499.0,146472.0,True,open,50.0
AEG-01318,2024,workers_comp,C,4145000.0,1,100000.0,5000000.0,8,485169.0,438151.0,62222.0,375929.0,False,open,8.0
AEG-01319,2024,medical_malpractice,B,11970000.0,1,100000.0,2000000.0,6,138183.0,131314.0,12070.0,119244.0,False,open,28.0
AEG-01320,2024,workers_comp,A,7916000.0,1,250000.0,5000000.0,10,113057.0,103095.0,18453.0,84642.0,False,open,15.0
AEG-01321,2024,workers_comp,B,4578000.0,3,100000.0,10000000.0,10,1631929.0,1475873.0,231511.0,1244362.0,True,open,47.0
AEG-01322,2024,workers_comp,A,4273000.0,0,250000.0,5000000.0,4,1706971.0,1735521.0,103990.0,1631531.0,False,open,31.0
AEG-01323,2024,medical_malpractice,B,2698000.0,1,50000.0,5000000.0,7,140265.0,136216.0,14601.0,121615.0,False,open,8.0
AEG-01324,2024,medical_malpractice,B,4205000.0,2,50000.0,2000000.0,1,106737.0,112018.0,4272.0,107746.0,True,open,13.0
AEG-01325,2024,medical_malpractice,A,4029000.0,2,250000.0,5000000.0,1,64739.0,61001.0,3040.0,57961.0,True,open,30.0
AEG-01326,2024,medical_malpractice,B,5040000.0,1,50000.0,5000000.0,8,20078.0,18642.0,2726.0,15916.0,False,open,29.0
AEG-01327,2024,general_liability,B,3669000.0,0,100000.0,2000000.0,12,91193.0,96809.0,16674.0,80135.0,True,open,25.0
AEG-01328,2024,general_liability,A,6043000.0,1,250000.0,5000000.0,6,89920.0,81939.0,7944.0,73995.0,False,open,19.0
AEG-01329,2024,workers_comp,A,4353000.0,1,50000.0,10000000.0,1,206998.0,211390.0,9639.0,201751.0,False,open,18.0
AEG-01330,2024,general_liability,A,2052000.0,1,100000.0,2000000.0,3,51525.0,46965.0,2208.0,44757.0,False,open,49.0
AEG-01331,2024,workers_comp,B,3519000.0,0,100000.0,10000000.0,3,29040.0,32103.0,1468.0,30635.0,False,open,17.0
AEG-01332,2024,property,B,2890000.0,0,50000.0,10000000.0,9,675238.0,740187.0,95075.0,645112.0,False,open,28.0
AEG-01333,2024,workers_comp,A,2393000.0,1,250000.0,2000000.0,9,1536373.0,1401757.0,224743.0,1177014.0,False,open,28.0
AEG-01334,2024,medical_malpractice,B,3996000.0,1,250000.0,2000000.0,9,12060.0,13355.0,1623.0,11732.0,False,open,40.0
AEG-01335,2024,medical_malpractice,C,7180000.0,2,100000.0,10000000.0,6,145581.0,148804.0,13730.0,135074.0,False,open,32.0
AEG-01336,2024,medical_malpractice,A,2589000.0,0,100000.0,5000000.0,12,305938.0,325118.0,58208.0,266910.0,False,open,39.0
AEG-01337,2024,medical_malpractice,B,1660000.0,2,250000.0,5000000.0,5,36517.0,39640.0,2930.0,36710.0,False,open,5.0
AEG-01338,2024,medical_malpractice,B,4185000.0,1,100000.0,2000000.0,12,26785.0,26775.0,5347.0,21428.0,True,open,16.0
AEG-01339,2024,medical_malpractice,A,20347000.0,2,100000.0,2000000.0,1,118950.0,119045.0,5271.0,113774.0,False,open,14.0
AEG-01340,2024,medical_malpractice,C,3375000.0,1,50000.0,5000000.0,3,130588.0,127128.0,6028.0,121100.0,False,open,43.0
AEG-01341,2024,medical_malpractice,B,5204000.0,4,100000.0,5000000.0,9,67234.0,69590.0,9304.0,60286.0,False,open,24.0
AEG-01342,2024,workers_comp,C,3693000.0,5,250000.0,5000000.0,5,2101202.0,1905583.0,147360.0,1758223.0,True,open,12.0
AEG-01343,2024,medical_malpractice,D,6989000.0,1,50000.0,10000000.0,4,1170786.0,1229852.0,71072.0,1158780.0,True,open,39.0
AEG-01344,2024,medical_malpractice,A,9364000.0,1,100000.0,5000000.0,9,243927.0,258842.0,37559.0,221283.0,False,open,15.0
AEG-01345,2024,medical_malpractice,C,4194000.0,2,250000.0,5000000.0,1,158798.0,167074.0,7432.0,159642.0,True,open,25.0
AEG-01346,2024,medical_malpractice,D,8227000.0,4,50000.0,2000000.0,1,144146.0,149378.0,6305.0,143073.0,False,open,11.0
AEG-01347,2024,medical_malpractice,A,2636000.0,0,50000.0,2000000.0,11,318715.0,309413.0,58667.0,250746.0,False,open,34.0
AEG-01348,2024,workers_comp,C,5045000.0,2,250000.0,2000000.0,10,244274.0,256512.0,36251.0,220261.0,False,open,17.0
AEG-01349,2024,medical_malpractice,B,2402000.0,1,50000.0,10000000.0,9,782265.0,770430.0,107956.0,662474.0,True,open,17.0
AEG-01350,2024,workers_comp,A,4992000.0,0,250000.0,5000000.0,8,902872.0,940330.0,107585.0,832745.0,False,open,6.0
AEG-01351,2024,general_liability,B,3341000.0,0,50000.0,5000000.0,9,101001.0,96492.0,13912.0,82580.0,True,open,44.0
AEG-01352,2024,property,C,5125000.0,3,100000.0,10000000.0,4,950667.0,911012.0,54657.0,856355.0,False,open,19.0
AEG-01353,2024,medical_malpractice,C,2590000.0,4,100000.0,5000000.0,1,1053536.0,1099052.0,48180.0,1050872.0,True,open,34.0
