claim_id,accident_year,line_of_business,risk_class,exposure,previous_claims,deductible,coverage_limit,development_month,claim_amount,reported_amount,paid_amount,reserve
CLM-00001,2020,cyber,C,1107000.0,1,100000,2000000.0,19,403918.0,392856.0,155784.0,237072.0
CLM-00002,2019,property,B,1193000.0,1,100000,2000000.0,35,37476.0,37599.0,25334.0,12265.0
CLM-00003,2023,cyber,C,8737000.0,0,100000,1000000.0,25,30006.0,33778.0,14398.0,19380.0
CLM-00004,2022,auto,B,5896000.0,1,50000,2000000.0,19,203425.0,197780.0,71669.0,126111.0
CLM-00005,2018,general_liability,A,1562000.0,0,50000,10000000.0,12,21958.0,20600.0,5091.0,15509.0
CLM-00006,2022,auto,D,1608000.0,3,250000,2000000.0,3,412928.0,403637.0,22953.0,380684.0
CLM-00007,2018,general_liability,C,1004000.0,0,25000,10000000.0,45,39422.0,42963.0,36091.0,6872.0
CLM-00008,2020,business_interruption,C,637000.0,6,25000,1000000.0,50,67614.0,75387.0,61416.0,13971.0
CLM-00009,2020,property,A,1865000.0,3,100000,5000000.0,40,76672.0,71198.0,55547.0,15651.0
CLM-00010,2023,business_interruption,B,1099000.0,3,50000,2000000.0,15,119208.0,125815.0,33006.0,92809.0
CLM-00011,2024,property,B,1901000.0,1,100000,5000000.0,2,136402.0,142107.0,6344.0,135763.0
CLM-00012,2022,cyber,D,766000.0,2,25000,5000000.0,38,109504.0,116863.0,85602.0,31261.0
CLM-00013,2023,business_interruption,B,1266000.0,2,250000,5000000.0,12,107565.0,114854.0,24070.0,90784.0
CLM-00014,2018,general_liability,C,2187000.0,5,50000,10000000.0,33,270446.0,308272.0,165416.0,142856.0
CLM-00015,2018,property,B,2491000.0,1,50000,2000000.0,59,87537.0,86367.0,79745.0,6622.0
CLM-00016,2023,cyber,A,2569000.0,0,250000,1000000.0,1,42134.0,41078.0,2097.0,38981.0
CLM-00017,2020,cyber,B,906000.0,3,50000,2000000.0,35,18137.0,18959.0,12918.0,6041.0
CLM-00018,2021,general_liability,A,3340000.0,1,100000,5000000.0,60,95024.0,95723.0,82904.0,12819.0
CLM-00019,2022,general_liability,C,1237000.0,4,50000,2000000.0,21,114951.0,117071.0,47377.0,69694.0
CLM-00020,2020,cyber,B,2924000.0,3,100000,2000000.0,49,61520.0,56433.0,59599.0,0.0
CLM-00021,2022,property,C,1987000.0,1,100000,2000000.0,50,309520.0,290039.0,298749.0,0.0
CLM-00022,2023,auto,B,876000.0,0,50000,2000000.0,30,14371.0,16294.0,8293.0,8001.0
CLM-00023,2019,general_liability,D,1654000.0,3,25000,5000000.0,19,684581.0,627811.0,260080.0,367731.0
CLM-00024,2022,property,C,2490000.0,1,25000,5000000.0,41,101636.0,106467.0,81392.0,25075.0
CLM-00025,2019,cyber,C,2889000.0,3,250000,5000000.0,38,168068.0,182966.0,117116.0,65850.0
CLM-00026,2020,general_liability,A,1838000.0,1,250000,5000000.0,29,33448.0,30202.0,17347.0,12855.0
CLM-00027,2023,business_interruption,B,5014000.0,3,250000,5000000.0,12,22784.0,21774.0,5157.0,16617.0
CLM-00028,2024,auto,A,3661000.0,3,25000,2000000.0,45,58684.0,58348.0,47275.0,11073.0
CLM-00029,2018,general_liability,A,1715000.0,0,50000,10000000.0,13,58528.0,60091.0,14413.0,45678.0
CLM-00030,2022,general_liability,B,3137000.0,2,100000,1000000.0,9,154130.0,151880.0,28158.0,123722.0
CLM-00031,2021,general_liability,C,6382000.0,4,100000,5000000.0,5,139563.0,148251.0,14198.0,134053.0
CLM-00032,2022,cyber,D,6485000.0,6,25000,5000000.0,27,38763.0,37081.0,18645.0,18436.0
CLM-00033,2023,auto,A,957000.0,0,50000,2000000.0,8,9345.0,8470.0,1340.0,7130.0
CLM-00034,2018,cyber,B,1147000.0,2,25000,2000000.0,21,413427.0,372247.0,171917.0,200330.0
CLM-00035,2023,general_liability,B,4875000.0,1,50000,2000000.0,15,32334.0,31894.0,9347.0,22547.0
CLM-00036,2019,property,A,1060000.0,0,25000,2000000.0,28,138696.0,137367.0,70583.0,66784.0
CLM-00037,2019,property,A,904000.0,0,25000,10000000.0,47,15918.0,18101.0,15132.0,2969.0
CLM-00038,2021,cyber,B,1494000.0,2,25000,2000000.0,28,59118.0,53868.0,30433.0,23435.0
CLM-00039,2018,general_liability,A,2574000.0,1,250000,1000000.0,34,91143.0,94107.0,55632.0,38475.0
CLM-00040,2022,general_liability,B,1881000.0,6,100000,2000000.0,9,48577.0,50736.0,8766.0,41970.0
CLM-00041,2021,general_liability,B,1354000.0,0,250000,2000000.0,7,242775.0,260939.0,33324.0,227615.0
CLM-00042,2021,general_liability,C,1335000.0,4,50000,1000000.0,59,120755.0,127962.0,109786.0,18176.0
CLM-00043,2018,auto,C,1304000.0,3,50000,2000000.0,38,156726.0,141372.0,118356.0,23016.0
CLM-00044,2023,auto,A,1180000.0,0,50000,2000000.0,1,30998.0,32795.0,1529.0,31266.0
CLM-00045,2018,business_interruption,C,7863000.0,3,50000,1000000.0,34,293467.0,287773.0,177757.0,110016.0
CLM-00046,2019,property,C,2391000.0,2,50000,2000000.0,1,460456.0,503378.0,1510134.0,481641.0
CLM-00047,2020,auto,B,3405000.0,3,100000,2000000.0,5,82395.0,78036.0,7576.0,70460.0
CLM-00048,2022,property,A,1491000.0,1,100000,5000000.0,23,214858.0,231843.0,94832.0,137011.0
CLM-00049,2020,cyber,B,1789000.0,1,100000,2000000.0,40,38797.0,40984.0,29537.0,11447.0
CLM-00050,2023,auto,A,1303000.0,0,25000,1000000.0,38,80417.0,85489.0,57838.0,27651.0
CLM-00051,2024,general_liability,A,407000.0,3,50000,10000000.0,48,59671.0,56329.0,52424.0,3905.0
CLM-00052,2023,cyber,A,875000.0,1,25000,2000000.0,11,15154.0,16174.0,3370.0,12804.0
CLM-00053,2018,general_liability,C,675000.0,0,25000,1000000.0,12,83726.0,90779.0,18983.0,71796.0
CLM-00054,2023,property,B,519000.0,0,100000,5000000.0,32,45881.0,46907.0,30070.0,16837.0
CLM-00055,2019,general_liability,C,976000.0,2,50000,1000000.0,53,41241.0,40626.0,37249.0,3377.0
CLM-00056,2024,property,C,4429000.0,5,100000,5000000.0,44,227607.0,214324.0,203623.0,10701.0
CLM-00057,2024,cyber,B,1947000.0,1,25000,5000000.0,41,78383.0,76227.0,62377.0,13850.0
CLM-00058,2018,auto,B,4338000.0,1,250000,10000000.0,6,78642.0,85795.0,8924.0,76871.0
CLM-00059,2018,cyber,A,2559000.0,1,250000,10000000.0,53,48743.0,48858.0,46579.0,2279.0
CLM-00060,2022,cyber,A,3199000.0,0,50000,2000000.0,60,46669.0,50201.0,45176.0,5025.0
CLM-00061,2019,cyber,B,1165000.0,0,100000,5000000.0,35,20000000.0,43477.0,26951.0,16526.0
CLM-00062,2024,general_liability,B,2739000.0,1,25000,2000000.0,21,84870.0,90687.0,33930.0,56757.0
CLM-00063,2021,property,B,3097000.0,1,100000,5000000.0,40,43227.0,46183.0,33739.0,12444.0
CLM-00064,2022,general_liability,C,1415000.0,4,100000,2000000.0,39,1250485.0,1316388.0,952797.0,363591.0
CLM-00065,2024,business_interruption,B,2798000.0,2,100000,1000000.0,56,22924.0,23603.0,20948.0,2655.0
CLM-00066,2019,business_interruption,B,2809000.0,3,100000,1000000.0,7,52212.0,49573.0,7337.0,42236.0
CLM-00067,2021,cyber,B,1438000.0,3,50000,1000000.0,31,47419.0,52668.0,27867.0,24801.0
CLM-00068,2024,property,A,1020000.0,0,100000,1000000.0,43,238596.0,272254.0,196205.0,76049.0
CLM-00069,2018,property,A,983000.0,1,50000,2000000.0,21,12441.0,12648.0,5121.0,7527.0
CLM-00070,2019,cyber,B,2107000.0,4,25000,10000000.0,51,130715.0,148141.0,444423.0,17684.0
CLM-00071,2019,property,A,2434000.0,1,25000,2000000.0,4,64028.0,73600.0,4744.0,68856.0
CLM-00072,2020,auto,B,1243000.0,1,100000,5000000.0,7,82930.0,84717.0,10701.0,74016.0
CLM-00073,2018,general_liability,C,2032000.0,7,50000,5000000.0,48,484608.0,523904.0,424775.0,99129.0
CLM-00074,2019,general_liability,A,2816000.0,1,50000,5000000.0,8,158610.0,168277.0,25204.0,143073.0
CLM-00075,2023,auto,A,2898000.0,1,250000,2000000.0,26,35642.0,34192.0,17711.0,16481.0
CLM-00076,2021,business_interruption,A,5075000.0,0,50000,5000000.0,17,67631.0,61664.0,21756.0,39908.0
CLM-00077,2020,cyber,A,4303000.0,0,50000,5000000.0,42,10181.0,10317.0,7845.0,2472.0
CLM-00078,2020,general_liability,B,1097000.0,3,50000,5000000.0,1,76379.0,83773.0,3757.0,80016.0
CLM-00079,2024,general_liability,B,5492000.0,2,50000,10000000.0,22,47210.0,46326.0,19831.0,26495.0
CLM-00080,2021,business_interruption,C,1454000.0,3,100000,2000000.0,60,89946.0,98591.0,84653.0,13938.0
CLM-00081,2021,auto,B,3744000.0,2,50000,2000000.0,23,19232.0,20457.0,7989.0,12468.0
CLM-00082,2024,general_liability,B,2083000.0,6,50000,5000000.0,36,150087.0,161176.0,97504.0,63672.0
CLM-00083,2018,auto,C,1562000.0,5,100000,2000000.0,60,27604.0,26815.0,23742.0,3073.0
CLM-00084,2021,property,A,676000.0,0,100000,5000000.0,37,39210.0,39897.0,27356.0,12541.0
CLM-00085,2023,property,A,1804000.0,0,100000,1000000.0,46,14542.0,13748.0,12834.0,914.0
CLM-00086,2021,cyber,A,785000.0,2,25000,1000000.0,58,19456.0,18710.0,17251.0,1459.0
CLM-00087,2024,auto,C,3573000.0,3,100000,2000000.0,38,376526.0,347331.0,269006.0,78325.0
CLM-00088,2024,property,B,4969000.0,0,50000,1000000.0,50,136089.0,126793.0,115803.0,10990.0
CLM-00089,2020,property,A,1240000.0,1,25000,10000000.0,31,121685.0,115921.0,70939.0,44982.0
CLM-00090,2023,business_interruption,B,2397000.0,2,50000,1000000.0,49,319157.0,333538.0,276989.0,56549.0
CLM-00091,2019,auto,A,1294000.0,1,100000,5000000.0,39,21808.0,22033.0,15402.0,6631.0
CLM-00092,2019,auto,B,1372000.0,3,50000,1000000.0,21,284723.0,275252.0,105966.0,169286.0
CLM-00093,2024,property,B,3183000.0,3,100000,10000000.0,34,24383.0,27194.0,16485.0,10709.0
CLM-00094,2018,business_interruption,B,1954000.0,2,50000,2000000.0,21,145815.0,150377.0,63137.0,87240.0
CLM-00095,2020,cyber,A,5680000.0,0,25000,1000000.0,24,37473.0,42374.0,17673.0,24701.0
CLM-00096,2022,general_liability,B,1498000.0,2,50000,1000000.0,18,30179.0,31952.0,9783.0,22169.0
CLM-00097,2020,general_liability,B,3643000.0,5,50000,2000000.0,30,192405.0,173924.0,120066.0,53858.0
CLM-00098,2023,auto,A,2120000.0,1,50000,10000000.0,21,115779.0,130641.0,50468.0,80173.0
CLM-00099,2019,cyber,A,3224000.0,2,100000,10000000.0,38,135609.0,151118.0,98794.0,52324.0
CLM-00100,2021,cyber,D,1529000.0,6,100000,2000000.0,23,235781.0,249649.0,97860.0,151789.0
CLM-00101,2018,business_interruption,D,1941000.0,3,25000,2000000.0,30,182717.0,188873.0,109414.0,79459.0
CLM-00102,2019,auto,B,1866000.0,1,50000,1000000.0,9,109235.0,110680.0,20363.0,90317.0
CLM-00103,2019,general_liability,A,1211000.0,1,25000,2000000.0,24,56522.0,57683.0,27323.0,30360.0
CLM-00104,2023,general_liability,D,2975000.0,2,50000,2000000.0,22,271281.0,296322.0,117328.0,178994.0
CLM-00105,2019,cyber,C,2954000.0,3,25000,2000000.0,58,152592.0,156908.0,143684.0,13224.0
CLM-00106,2022,property,C,2856000.0,1,50000,5000000.0,27,229118.0,216289.0,128452.0,87837.0
CLM-00107,2020,property,B,5030000.0,2,100000,5000000.0,2,21818.0,19954.0,939.0,19015.0
CLM-00108,2021,auto,A,4772000.0,2,50000,1000000.0,19,58319.0,54327.0,20140.0,34187.0
CLM-00109,2024,general_liability,A,1597000.0,0,25000,1000000.0,44,12243.0,11788.0,10938.0,850.0
CLM-00110,2024,cyber,D,2502000.0,3,50000,1000000.0,10,221779.0,219990.0,40279.0,179711.0
CLM-00111,2018,property,B,1376000.0,1,50000,1000000.0,10,276140.0,310134.0,52207.0,257927.0
CLM-00112,2023,general_liability,A,2028000.0,2,50000,1000000.0,23,34586.0,33195.0,14786.0,18409.0
CLM-00113,2024,property,A,1396000.0,1,25000,5000000.0,22,49964.0,48960.0,20301.0,28659.0
CLM-00114,2022,auto,B,5287000.0,3,100000,1000000.0,29,204492.0,195444.0,105492.0,89952.0
CLM-00115,2019,cyber,A,2488000.0,0,50000,5000000.0,3,7391.0,7660.0,432.0,7228.0
CLM-00116,2022,general_liability,C,1755000.0,1,50000,5000000.0,44,59388.0,62611.0,49550.0,13061.0
CLM-00117,2022,general_liability,C,4093000.0,3,25000,10000000.0,13,191284.0,197602.0,48322.0,149280.0
CLM-00118,2022,property,C,544000.0,8,50000,5000000.0,43,9151.0,10414.0,7343.0,3071.0
CLM-00119,2021,auto,B,597000.0,1,50000,1000000.0,34,21227.0,24387.0,14904.0,9483.0
CLM-00120,2021,business_interruption,B,3224000.0,5,25000,1000000.0,13,289109.0,320723.0,73501.0,247222.0
CLM-00121,2022,cyber,B,2074000.0,2,50000,1000000.0,29,186502.0,205399.0,112023.0,93376.0
CLM-00122,2021,property,B,2324000.0,3,50000,10000000.0,3,118047.0,117045.0,6659.0,110386.0
CLM-00123,2023,auto,A,902000.0,0,100000,10000000.0,43,81579.0,85246.0,62144.0,23102.0
CLM-00124,2022,property,B,1972000.0,0,250000,2000000.0,19,77226.0,76289.0,29566.0,46723.0
CLM-00125,2020,property,A,6654000.0,0,25000,2000000.0,24,100187.0,109814.0,48796.0,61018.0
CLM-00126,2022,property,B,3279000.0,0,25000,2000000.0,10,54390.0,51287.0,9731.0,41556.0
CLM-00127,2023,property,A,2214000.0,1,100000,2000000.0,22,55496.0,52953.0,24006.0,28947.0
CLM-00128,2021,property,A,1537000.0,0,250000,10000000.0,24,23848.0,21694.0,11318.0,10376.0
CLM-00129,2023,cyber,A,1578000.0,2,100000,1000000.0,14,155174.0,163280.0,39460.0,123820.0
CLM-00130,2018,property,B,557000.0,3,25000,2000000.0,59,231941.0,248672.0,216373.0,32299.0
CLM-00131,2020,cyber,A,2334000.0,4,25000,2000000.0,17,223005.0,200892.0,70015.0,130877.0
CLM-00132,2022,business_interruption,D,3322000.0,5,25000,1000000.0,11,150840.0,155018.0,29468.0,125550.0
CLM-00133,2024,auto,B,777000.0,1,100000,2000000.0,33,23148.0,23014.0,15597.0,7417.0
CLM-00134,2022,general_liability,A,1345000.0,0,50000,5000000.0,20,128606.0,141222.0,49500.0,91722.0
CLM-00135,2022,cyber,B,999000.0,2,50000,1000000.0,28,102785.0,93506.0,57995.0,35511.0
CLM-00136,2020,property,A,1121000.0,0,50000,2000000.0,44,52335.0,47737.0,45980.0,1757.0
CLM-00137,2022,general_liability,D,2065000.0,0,25000,2000000.0,5,73287.0,77322.0,7627.0,69695.0
CLM-00138,2020,general_liability,B,573000.0,2,50000,1000000.0,31,80419.0,84272.0,47559.0,36713.0
CLM-00139,2018,cyber,C,2891000.0,0,25000,1000000.0,2,37413.0,41445.0,1710.0,39735.0
CLM-00140,2019,cyber,A,3144000.0,1,50000,2000000.0,3,96583.0,101225.0,5386.0,95839.0
CLM-00141,2022,cyber,B,1720000.0,3,100000,1000000.0,6,270414.0,307553.0,31901.0,275652.0
CLM-00142,2024,auto,B,451000.0,1,50000,2000000.0,10,206902.0,202474.0,39782.0,162692.0
CLM-00143,2021,general_liability,D,1100000.0,6,50000,5000000.0,21,338619.0,338443.0,142118.0,196325.0
CLM-00144,2024,cyber,B,4191000.0,1,100000,5000000.0,57,23994.0,27459.0,21678.0,5781.0
CLM-00145,2023,cyber,B,378000.0,4,100000,10000000.0,55,69252.0,64188.0,60223.0,3965.0
CLM-00146,2021,general_liability,A,1624000.0,0,25000,2000000.0,7,293041.0,322045.0,41853.0,280192.0
CLM-00147,2023,business_interruption,A,985000.0,1,25000,5000000.0,60,18687.0,16872.0,18205.0,0.0
CLM-00148,2020,cyber,B,3241000.0,2,50000,5000000.0,39,80165.0,81899.0,58793.0,23106.0
CLM-00149,2021,general_liability,B,1334000.0,1,25000,1000000.0,34,223094.0,209340.0,150685.0,58655.0
CLM-00150,2023,property,A,2549000.0,1,25000,2000000.0,48,90262.0,94749.0,83389.0,11360.0
CLM-00151,2022,property,C,2808000.0,0,25000,2000000.0,30,919320.0,1010831.0,553974.0,456857.0
CLM-00152,2021,cyber,C,6019000.0,3,25000,5000000.0,16,78455.0,71258.0,23759.0,47499.0
CLM-00153,2021,property,A,1771000.0,1,50000,2000000.0,32,19404.0,18258.0,12035.0,6223.0
CLM-00154,2024,general_liability,B,2506000.0,4,50000,1000000.0,44,279992.0,275975.0,220386.0,55589.0
CLM-00155,2018,auto,A,820000.0,1,25000,10000000.0,41,13296.0,12817.0,9951.0,2866.0
CLM-00156,2018,cyber,B,4085000.0,2,100000,1000000.0,11,75047.0,74732.0,16635.0,58097.0
CLM-00157,2021,cyber,A,1267000.0,1,25000,10000000.0,57,40995.0,46651.0,37192.0,9459.0
CLM-00158,2018,cyber,B,1429000.0,3,50000,5000000.0,18,189618.0,175454.0,60815.0,114639.0
CLM-00159,2020,general_liability,C,1973000.0,2,25000,5000000.0,50,184215.0,185287.0,161215.0,24072.0
CLM-00160,2021,property,C,783000.0,1,100000,5000000.0,19,117164.0,118836.0,42284.0,76552.0
CLM-00161,2020,auto,A,2294000.0,0,250000,1000000.0,4,32420.0,31450.0,2587.0,28863.0
CLM-00162,2019,property,D,3574000.0,3,50000,5000000.0,60,564139.0,547004.0,1641012.0,36727.0
CLM-00163,2019,auto,A,2384000.0,0,25000,5000000.0,36,1761308.0,1899902.0,1270490.0,629412.0
CLM-00164,2022,business_interruption,A,771000.0,0,25000,5000000.0,13,66057.0,69655.0,17510.0,52145.0
CLM-00165,2024,auto,B,1857000.0,2,25000,2000000.0,1,80465.0,88770.0,3626.0,85144.0
CLM-00166,2023,auto,B,3122000.0,1,100000,1000000.0,8,24045.0,24075.0,3888.0,20187.0
CLM-00167,2021,auto,C,648000.0,2,25000,2000000.0,11,45204.0,47540.0,9003.0,38537.0
CLM-00168,2018,cyber,C,1049000.0,2,250000,2000000.0,56,74664.0,83877.0,68115.0,15762.0
CLM-00169,2019,general_liability,A,3384000.0,2,50000,2000000.0,11,37226.0,41426.0,7376.0,34050.0
CLM-00170,2021,general_liability,D,2352000.0,4,50000,5000000.0,10,181766.0,205397.0,32486.0,172911.0
CLM-00171,2019,property,A,2561000.0,1,100000,5000000.0,51,256901.0,248486.0,220852.0,27634.0
CLM-00172,2022,auto,B,6103000.0,4,25000,5000000.0,53,357102.0,409366.0,309148.0,100218.0
CLM-00173,2020,property,A,2649000.0,3,100000,2000000.0,13,53195.0,58732.0,14052.0,44680.0
CLM-00174,2023,general_liability,D,2968000.0,3,25000,2000000.0,40,60819.0,66822.0,47213.0,19609.0
CLM-00175,2019,cyber,A,10172000.0,0,100000,2000000.0,33,225184.0,240248.0,153592.0,86656.0
CLM-00176,2021,property,A,1759000.0,1,50000,1000000.0,35,45169.0,51755.0,30653.0,21102.0
CLM-00177,2023,auto,B,1239000.0,2,25000,1000000.0,19,14057.0,14203.0,5254.0,8949.0
CLM-00178,2019,property,D,2585000.0,2,100000,2000000.0,46,305514.0,331600.0,256969.0,74631.0
CLM-00179,2023,property,C,2603000.0,3,25000,2000000.0,53,309717.0,332854.0,288374.0,44480.0
CLM-00180,2022,property,C,1458000.0,2,25000,2000000.0,44,11071.0,11990.0,9213.0,2777.0
CLM-00181,2022,property,C,1076000.0,4,100000,1000000.0,55,50886.0,55357.0,50363.0,4994.0
CLM-00182,2021,business_interruption,C,7997000.0,0,50000,2000000.0,7,116017.0,109948.0,16751.0,93197.0
CLM-00183,2024,business_interruption,B,2433000.0,1,100000,1000000.0,40,140712.0,138920.0,103162.0,35758.0
CLM-00184,2023,auto,A,1289000.0,1,50000,5000000.0,60,27458.0,27405.0,25893.0,1512.0
CLM-00185,2019,auto,C,3465000.0,2,50000,2000000.0,33,57692.0,62711.0,37511.0,25200.0
CLM-00186,2021,cyber,B,1873000.0,1,25000,2000000.0,57,130937.0,141289.0,122345.0,18944.0
CLM-00187,2024,cyber,B,1718000.0,3,25000,1000000.0,21,51274.0,56829.0,19486.0,37343.0
CLM-00188,2019,general_liability,A,2802000.0,1,250000,10000000.0,54,86384.0,94774.0,81901.0,12873.0
CLM-00189,2021,property,C,921000.0,3,25000,2000000.0,57,34898.0,36608.0,33846.0,2762.0
CLM-00190,2023,auto,A,2471000.0,0,50000,5000000.0,38,14047.0,13134.0,10028.0,3106.0
CLM-00191,2019,business_interruption,D,6302000.0,4,25000,2000000.0,43,465604.0,493011.0,386731.0,106280.0
CLM-00192,2021,property,A,2645000.0,1,25000,5000000.0,32,65615.0,73605.0,37945.0,35660.0
CLM-00193,2021,general_liability,A,1596000.0,1,50000,5000000.0,20,105685.0,112110.0,43578.0,68532.0
CLM-00194,2019,general_liability,C,1475000.0,2,100000,2000000.0,33,61020.0,68581.0,36348.0,32233.0
CLM-00195,2019,general_liability,A,1564000.0,2,100000,5000000.0,58,24279.0,27915.0,21396.0,6519.0
CLM-00196,2021,auto,A,1717000.0,3,100000,1000000.0,1,187385.0,185474.0,8383.0,177091.0
CLM-00197,2019,general_liability,B,1594000.0,4,25000,5000000.0,13,21100.0,22805.0,5565.0,17240.0
CLM-00198,2024,business_interruption,C,3466000.0,1,50000,2000000.0,30,347387.0,359542.0,207368.0,152174.0
CLM-00199,2021,cyber,A,707000.0,0,25000,1000000.0,21,113880.0,115445.0,42402.0,73043.0
CLM-00200,2022,property,A,3355000.0,0,100000,10000000.0,38,111060.0,106614.0,77155.0,29459.0
CLM-00201,2020,cyber,C,1593000.0,0,50000,5000000.0,22,46097.0,44321.0,20336.0,23985.0
CLM-00202,2020,cyber,D,2508000.0,3,50000,2000000.0,40,82961.0,78501.0,62952.0,15549.0
CLM-00203,2021,general_liability,B,1017000.0,2,25000,10000000.0,7,52381.0,55412.0,6523.0,48889.0
CLM-00204,2022,general_liability,A,4439000.0,1,100000,2000000.0,20,18550.0,17354.0,7687.0,9667.0
CLM-00205,2020,cyber,A,4223000.0,1,100000,2000000.0,42,24729.0,24923.0,18883.0,6040.0
CLM-00206,2019,general_liability,A,3557000.0,1,100000,5000000.0,29,100571.0,103672.0,56300.0,47372.0
CLM-00207,2019,property,A,806000.0,2,25000,2000000.0,43,75480.0,76201.0,59993.0,16208.0
CLM-00208,2021,general_liability,B,3289000.0,1,250000,2000000.0,39,30460.0,33924.0,23774.0,10150.0
CLM-00209,2022,property,A,2550000.0,2,25000,5000000.0,20,103122.0,104235.0,41528.0,62707.0
CLM-00210,2021,auto,B,763000.0,0,50000,1000000.0,26,75537.0,69548.0,37216.0,32332.0
CLM-00211,2019,property,B,1971000.0,3,25000,2000000.0,58,314791.0,361396.0,298663.0,62733.0
CLM-00212,2019,auto,B,2489000.0,2,25000,2000000.0,58,132101.0,146797.0,130299.0,16498.0
CLM-00213,2020,general_liability,A,2792000.0,1,50000,5000000.0,3,137385.0,146317.0,8348.0,137969.0
CLM-00214,2020,cyber,C,2224000.0,1,25000,1000000.0,43,154868.0,168664.0,126560.0,42104.0
CLM-00215,2019,general_liability,C,2382000.0,3,50000,1000000.0,30,290702.0,270948.0,166467.0,104481.0
CLM-00216,2024,business_interruption,C,4842000.0,1,50000,5000000.0,1,38448.0,41965.0,1890.0,40075.0
CLM-00217,2020,business_interruption,A,4174000.0,0,100000,1000000.0,39,48474.0,46144.0,33680.0,12464.0
CLM-00218,2019,property,A,358000.0,2,50000,2000000.0,2,33165.0,33903.0,1415.0,32488.0
CLM-00219,2022,auto,D,1653000.0,2,50000,5000000.0,20,115544.0,109131.0,42408.0,66723.0
CLM-00220,2023,property,B,1812000.0,2,25000,5000000.0,42,109015.0,118657.0,92922.0,25735.0
CLM-00221,2021,cyber,A,699000.0,1,100000,1000000.0,49,66340.0,63785.0,57914.0,5871.0
CLM-00222,2022,auto,B,2116000.0,1,25000,5000000.0,25,99862.0,96197.0,46435.0,49762.0
CLM-00223,2018,property,B,4231000.0,3,25000,5000000.0,49,83491.0,77422.0,78846.0,0.0
CLM-00224,2021,property,D,1042000.0,5,25000,2000000.0,51,84058.0,90795.0,73772.0,17023.0
CLM-00225,2018,general_liability,A,2447000.0,1,50000,5000000.0,27,137629.0,134045.0,69324.0,64721.0
CLM-00226,2018,cyber,D,1154000.0,5,50000,5000000.0,11,229051.0,235824.0,48294.0,187530.0
CLM-00227,2022,cyber,A,1336000.0,0,50000,5000000.0,40,16265.0,15989.0,11985.0,4004.0
CLM-00228,2019,property,B,4853000.0,1,50000,2000000.0,1,72527.0,79321.0,3622.0,75699.0
CLM-00229,2018,general_liability,B,1444000.0,1,50000,5000000.0,54,13280.0,12704.0,11614.0,1090.0
CLM-00230,2019,general_liability,A,2639000.0,2,50000,10000000.0,24,58429.0,66329.0,28557.0,37772.0
CLM-00231,2023,auto,A,651000.0,1,25000,2000000.0,46,30800.0,30194.0,27171.0,3023.0
CLM-00232,2022,property,B,6114000.0,2,50000,5000000.0,45,59086.0,54711.0,48157.0,6554.0
CLM-00233,2020,general_liability,D,2871000.0,8,50000,5000000.0,29,1111184.0,1066821.0,582571.0,484250.0
CLM-00234,2024,cyber,B,1793000.0,1,50000,5000000.0,59,23779.0,21841.0,21997.0,0.0
CLM-00235,2020,general_liability,D,2825000.0,4,25000,10000000.0,48,364584.0,370849.0,329230.0,41619.0
CLM-00236,2024,auto,C,858000.0,7,50000,1000000.0,54,918852.0,884453.0,813359.0,71094.0
CLM-00237,2020,general_liability,B,4066000.0,0,50000,1000000.0,6,201056.0,225487.0,24977.0,200510.0
CLM-00238,2018,general_liability,C,1647000.0,0,25000,2000000.0,30,83909.0,86366.0,48222.0,38144.0
CLM-00239,2018,auto,A,1770000.0,1,25000,2000000.0,58,17038.0,16328.0,16856.0,0.0
CLM-00240,2019,property,A,1489000.0,0,50000,2000000.0,49,12269.0,12426.0,10730.0,1696.0
CLM-00241,2019,property,C,1412000.0,4,50000,5000000.0,28,78983.0,74955.0,40430.0,34525.0
CLM-00242,2019,business_interruption,C,3034000.0,3,50000,10000000.0,5,68892.0,65081.0,6741.0,58340.0
CLM-00243,2020,cyber,A,2332000.0,1,25000,2000000.0,17,26508.0,25850.0,8360.0,17490.0
CLM-00244,2024,auto,B,2957000.0,2,100000,5000000.0,35,61605.0,57112.0,39428.0,17684.0
CLM-00245,2019,property,B,1989000.0,2,25000,1000000.0,39,68256.0,64649.0,47927.0,16722.0
CLM-00246,2019,property,C,2721000.0,2,50000,2000000.0,56,177739.0,201647.0,153112.0,48535.0
CLM-00247,2024,property,B,1556000.0,0,100000,1000000.0,6,19686.0,20999.0,2370.0,18629.0
CLM-00248,2019,business_interruption,B,7622000.0,1,50000,2000000.0,24,52306.0,59120.0,23337.0,35783.0
CLM-00249,2023,cyber,B,781000.0,1,25000,2000000.0,17,47365.0,45670.0,16721.0,28949.0
CLM-00250,2022,general_liability,B,4262000.0,1,50000,5000000.0,58,70097.0,78106.0,61508.0,16598.0
CLM-00251,2024,business_interruption,B,4544000.0,0,250000,5000000.0,10,409366.0,405505.0,77026.0,328479.0
CLM-00252,2021,property,C,1199000.0,4,250000,2000000.0,14,135337.0,126682.0,35772.0,90910.0
CLM-00253,2022,auto,B,7620000.0,0,25000,1000000.0,18,20881.0,22994.0,7243.0,15751.0
CLM-00254,2019,property,A,3634000.0,3,100000,1000000.0,7,96769.0,88535.0,13838.0,74697.0
CLM-00255,2022,general_liability,A,3582000.0,1,50000,10000000.0,39,92153.0,92265.0,73019.0,19246.0
CLM-00256,2022,business_interruption,C,2034000.0,1,25000,10000000.0,32,88081.0,97314.0,50000.0,47314.0
CLM-00257,2024,cyber,C,1756000.0,1,50000,2000000.0,34,31883.0,33614.0,20583.0,13031.0
CLM-00258,2018,property,A,1764000.0,3,50000,2000000.0,55,269757.0,277719.0,262795.0,14924.0
CLM-00259,2019,property,A,2528000.0,1,50000,2000000.0,26,19734.0,19505.0,9086.0,10419.0
CLM-00260,2018,auto,B,4636000.0,0,100000,5000000.0,19,142813.0,131211.0,52576.0,78635.0
CLM-00261,2023,property,A,2230000.0,1,50000,2000000.0,23,59975.0,68836.0,25546.0,43290.0
CLM-00262,2018,auto,C,1158000.0,1,50000,1000000.0,49,147051.0,138771.0,134098.0,4673.0
CLM-00263,2024,auto,A,3280000.0,1,50000,2000000.0,32,256341.0,247068.0,156034.0,91034.0
CLM-00264,2020,property,A,3476000.0,0,25000,2000000.0,11,85654.0,82140.0,17838.0,64302.0
CLM-00265,2020,property,D,2962000.0,4,50000,2000000.0,42,118161.0,133166.0,101715.0,31451.0
CLM-00266,2024,property,A,3128000.0,2,250000,1000000.0,45,159791.0,174320.0,139388.0,34932.0
CLM-00267,2023,business_interruption,A,1700000.0,0,50000,5000000.0,15,24485.0,24836.0,7541.0,17295.0
CLM-00268,2021,general_liability,A,1145000.0,0,25000,2000000.0,34,45351.0,51648.0,30807.0,20841.0
CLM-00269,2024,auto,A,1188000.0,0,50000,2000000.0,34,12338.0,11267.0,7889.0,3378.0
CLM-00270,2023,general_liability,A,750000.0,3,250000,2000000.0,11,17664.0,19844.0,3740.0,16104.0
CLM-00271,2022,auto,A,2306000.0,2,250000,2000000.0,1,57312.0,52447.0,2603.0,49844.0
CLM-00272,2020,property,A,1902000.0,2,50000,5000000.0,44,72630.0,72469.0,64866.0,7603.0
CLM-00273,2024,property,A,1536000.0,2,50000,10000000.0,37,10682.0,9758.0,7231.0,2527.0
CLM-00274,2023,auto,B,340000.0,1,50000,1000000.0,43,69493.0,79899.0,61660.0,18239.0
CLM-00275,2024,auto,B,946000.0,0,100000,5000000.0,23,25331.0,28589.0,11374.0,17215.0
CLM-00276,2024,property,B,3918000.0,0,100000,5000000.0,31,239006.0,250048.0,145369.0,104679.0
CLM-00277,2021,general_liability,A,1342000.0,2,100000,5000000.0,59,34818.0,33232.0,32294.0,938.0
CLM-00278,2020,business_interruption,B,2483000.0,1,50000,2000000.0,14,26562.0,25744.0,7230.0,18514.0
CLM-00279,2024,property,C,868000.0,0,25000,2000000.0,40,78745.0,79720.0,62350.0,17370.0
CLM-00280,2024,property,C,4742000.0,4,50000,1000000.0,8,67889.0,66578.0,10729.0,55849.0
CLM-00281,2018,general_liability,A,1834000.0,0,25000,10000000.0,4,137972.0,124910.0,10142.0,114768.0
CLM-00282,2022,property,A,2380000.0,0,25000,5000000.0,58,47023.0,50035.0,44078.0,5957.0
CLM-00283,2022,auto,A,8074000.0,6,50000,2000000.0,8,89930.0,94728.0,13537.0,81191.0
CLM-00284,2023,auto,A,4968000.0,0,50000,2000000.0,40,96231.0,108364.0,75826.0,32538.0
CLM-00285,2024,general_liability,B,1664000.0,0,100000,1000000.0,31,24686.0,25160.0,14862.0,10298.0
CLM-00286,2019,auto,B,1401000.0,0,100000,1000000.0,49,18310.0,18057.0,16057.0,2000.0
CLM-00287,2024,general_liability,A,1645000.0,0,100000,5000000.0,33,61888.0,63613.0,40855.0,22758.0
CLM-00288,2022,cyber,B,2716000.0,3,100000,2000000.0,42,32572.0,30900.0,26179.0,4721.0
CLM-00289,2018,property,B,1878000.0,0,100000,5000000.0,54,23358.0,24675.0,21786.0,2889.0
CLM-00290,2021,general_liability,A,1578000.0,1,25000,5000000.0,50,97563.0,106588.0,92772.0,13816.0
CLM-00291,2018,auto,C,4823000.0,0,50000,5000000.0,44,181142.0,169977.0,157401.0,12576.0
CLM-00292,2024,general_liability,A,1868000.0,0,25000,5000000.0,10,14313.0,14021.0,2870.0,11151.0
CLM-00293,2023,property,D,7948000.0,4,25000,1000000.0,11,143220.0,159970.0,28916.0,131054.0
CLM-00294,2024,general_liability,A,2112000.0,0,25000,5000000.0,30,20225.0,20759.0,10954.0,9805.0
CLM-00295,2022,auto,C,5838000.0,3,100000,5000000.0,40,744833.0,769382.0,589893.0,179489.0
CLM-00296,2020,property,D,2478000.0,2,100000,2000000.0,41,359836.0,388840.0,272136.0,116704.0
CLM-00297,2020,auto,D,3564000.0,2,250000,1000000.0,48,119383.0,124692.0,103528.0,21164.0
CLM-00298,2024,cyber,C,1295000.0,2,250000,1000000.0,7,160225.0,146990.0,20321.0,126669.0
CLM-00299,2019,auto,C,1198000.0,3,100000,1000000.0,11,29903.0,32923.0,6146.0,26777.0
CLM-00300,2024,property,B,2635000.0,2,25000,2000000.0,9,43825.0,49553.0,8207.0,41346.0
CLM-00301,2020,cyber,C,3619000.0,4,100000,1000000.0,33,159063.0,145275.0,95532.0,49743.0
CLM-00302,2022,property,A,2049000.0,2,100000,5000000.0,39,79816.0,74254.0,58027.0,16227.0
CLM-00303,2022,business_interruption,B,924000.0,1,100000,1000000.0,7,52243.0,56187.0,7528.0,48659.0
CLM-00304,2018,auto,B,884000.0,1,25000,1000000.0,53,70511.0,74115.0,70123.0,3992.0
CLM-00305,2019,property,C,849000.0,2,25000,2000000.0,19,92107.0,91704.0,32242.0,59462.0
CLM-00306,2019,cyber,B,693000.0,0,250000,1000000.0,40,42287.0,43759.0,34607.0,9152.0
CLM-00307,2023,general_liability,B,2136000.0,1,25000,10000000.0,46,53870.0,57955.0,44957.0,12998.0
CLM-00308,2018,general_liability,B,3928000.0,1,50000,2000000.0,3,55800.0,57257.0,3363.0,53894.0
CLM-00309,2022,general_liability,A,1984000.0,0,50000,1000000.0,52,55335.0,51741.0,47143.0,4598.0
CLM-00310,2018,auto,A,515000.0,0,25000,1000000.0,59,46396.0,42794.0,42266.0,528.0
CLM-00311,2023,auto,B,1784000.0,2,25000,2000000.0,58,87061.0,87907.0,77232.0,10675.0
CLM-00312,2024,cyber,B,1814000.0,5,250000,5000000.0,9,32186.0,36393.0,5767.0,30626.0
CLM-00313,2020,property,A,7034000.0,1,100000,5000000.0,24,27168.0,28240.0,11579.0,16661.0
CLM-00314,2019,auto,B,834000.0,1,250000,2000000.0,14,79598.0,78767.0,21353.0,57414.0
CLM-00315,2021,auto,B,1582000.0,1,25000,5000000.0,28,245318.0,276517.0,136592.0,139925.0
CLM-00316,2022,auto,A,5566000.0,0,25000,2000000.0,59,66668.0,66479.0,57135.0,9344.0
CLM-00317,2023,general_liability,B,2620000.0,0,50000,5000000.0,46,47166.0,48453.0,44505.0,3948.0
CLM-00318,2022,general_liability,B,2804000.0,1,50000,2000000.0,47,92116.0,85587.0,81554.0,4033.0
CLM-00319,2022,cyber,A,2142000.0,1,25000,2000000.0,26,17826.0,19330.0,8447.0,10883.0
CLM-00320,2022,general_liability,D,2438000.0,1,100000,5000000.0,57,475430.0,511123.0,420194.0,90929.0
CLM-00321,2019,property,D,3189000.0,4,250000,5000000.0,56,235388.0,258588.0,212046.0,46542.0
CLM-00322,2019,general_liability,B,1231000.0,4,50000,2000000.0,49,42641.0,41844.0,37514.0,4330.0
CLM-00323,2024,property,A,3387000.0,1,50000,10000000.0,49,40000000.0,48289.0,44345.0,3944.0
CLM-00324,2022,property,B,878000.0,3,50000,5000000.0,40,41121.0,38739.0,32381.0,6358.0
CLM-00325,2024,property,C,2436000.0,0,25000,1000000.0,6,309968.0,353713.0,35453.0,318260.0
CLM-00326,2022,auto,B,2226000.0,0,25000,5000000.0,18,54675.0,50384.0,151152.0,31643.0
CLM-00327,2021,business_interruption,C,1382000.0,1,50000,5000000.0,47,102934.0,109342.0,97489.0,11853.0
CLM-00328,2021,general_liability,B,1973000.0,4,50000,2000000.0,20,146880.0,158089.0,54783.0,103306.0
CLM-00329,2022,property,B,1377000.0,0,50000,2000000.0,11,29864.0,28055.0,6457.0,21598.0
CLM-00330,2019,cyber,A,1051000.0,1,100000,5000000.0,57,49410.0,48982.0,48616.0,366.0
CLM-00331,2021,property,C,1618000.0,0,25000,5000000.0,30,110020.0,100204.0,60733.0,39471.0
CLM-00332,2023,business_interruption,A,1031000.0,1,25000,2000000.0,52,10199.0,10598.0,9618.0,980.0
CLM-00333,2018,auto,B,2427000.0,3,25000,1000000.0,18,106961.0,122870.0,39797.0,83073.0
CLM-00334,2018,property,C,1003000.0,4,25000,2000000.0,22,100780.0,101533.0,42933.0,58600.0
CLM-00335,2019,general_liability,A,3066000.0,1,50000,10000000.0,21,60973.0,69967.0,26583.0,43384.0
CLM-00336,2022,general_liability,B,984000.0,0,100000,5000000.0,23,55225.0,51445.0,23723.0,27722.0
CLM-00337,2019,cyber,A,1424000.0,0,100000,1000000.0,27,52195.0,52097.0,27441.0,24656.0
CLM-00338,2021,property,C,1375000.0,2,50000,5000000.0,18,322660.0,363151.0,108493.0,254658.0
CLM-00339,2018,cyber,A,4429000.0,1,50000,5000000.0,49,20571.0,23023.0,17497.0,5526.0
CLM-00340,2019,cyber,D,2438000.0,3,25000,2000000.0,20,126246.0,123834.0,52581.0,71253.0
CLM-00341,2018,cyber,A,1761000.0,0,50000,1000000.0,27,79424.0,84956.0,39583.0,45373.0
CLM-00342,2023,cyber,D,2698000.0,5,50000,2000000.0,52,318728.0,357466.0,317442.0,40024.0
CLM-00343,2021,property,C,565000.0,0,100000,1000000.0,27,99894.0,109056.0,53266.0,55790.0
CLM-00344,2019,general_liability,B,1949000.0,0,50000,2000000.0,1,756290.0,799489.0,37270.0,762219.0
CLM-00345,2021,cyber,C,6630000.0,0,25000,5000000.0,1,212512.0,199367.0,10573.0,188794.0
CLM-00346,2024,general_liability,C,2165000.0,2,25000,10000000.0,27,300163.0,275625.0,157896.0,117729.0
CLM-00347,2023,property,D,2083000.0,4,25000,2000000.0,39,135702.0,142983.0,110253.0,32730.0
CLM-00348,2024,property,A,2779000.0,1,250000,5000000.0,57,21656.0,22199.0,20900.0,1299.0
CLM-00349,2020,property,B,3423000.0,2,25000,10000000.0,8,64594.0,61979.0,9997.0,51982.0
CLM-00350,2020,cyber,A,603000.0,2,25000,1000000.0,33,74268.0,72277.0,48416.0,23861.0
CLM-00351,2020,general_liability,B,729000.0,2,25000,1000000.0,18,83973.0,83807.0,27684.0,56123.0
CLM-00352,2020,auto,A,2269000.0,1,100000,5000000.0,28,72323.0,74050.0,35930.0,38120.0
CLM-00353,2024,business_interruption,B,1302000.0,2,50000,5000000.0,27,55503.0,55368.0,27740.0,27628.0
CLM-00354,2018,property,B,4395000.0,3,50000,2000000.0,19,70603.0,70379.0,25578.0,564824.0
CLM-00355,2023,cyber,B,1655000.0,3,50000,5000000.0,2,65855.0,61175.0,2911.0,58264.0
CLM-00356,2024,property,B,627000.0,3,25000,5000000.0,5,116594.0,130165.0,11260.0,118905.0
CLM-00357,2023,property,C,935000.0,1,100000,5000000.0,32,172989.0,182034.0,109409.0,72625.0
CLM-00358,2022,property,C,384000.0,2,25000,5000000.0,14,28459.0,26653.0,7872.0,18781.0
CLM-00359,2023,general_liability,B,1738000.0,2,25000,1000000.0,20,143691.0,144549.0,58917.0,85632.0
CLM-00360,2018,general_liability,B,1786000.0,0,50000,1000000.0,6,34561.0,34705.0,4298.0,30407.0
CLM-00361,2023,general_liability,D,1550000.0,2,25000,1000000.0,3,215933.0,226763.0,13275.0,213488.0
CLM-00362,2021,property,A,3821000.0,4,25000,10000000.0,8,61297.0,64498.0,9634.0,54864.0
CLM-00363,2024,property,A,4105000.0,1,100000,10000000.0,23,238802.0,253442.0,100794.0,152648.0
CLM-00364,2018,auto,A,1806000.0,1,50000,5000000.0,10,32619.0,35048.0,6738.0,28310.0
CLM-00365,2024,property,B,556000.0,1,25000,1000000.0,14,58991.0,54616.0,15076.0,39540.0
CLM-00366,2022,cyber,B,2897000.0,1,50000,2000000.0,19,131004.0,127890.0,45255.0,82635.0
CLM-00367,2018,business_interruption,C,2791000.0,1,100000,1000000.0,18,48590.0,43942.0,16356.0,27586.0
CLM-00368,2021,auto,B,2408000.0,2,25000,2000000.0,1,73516.0,74520.0,3441.0,71079.0
CLM-00369,2018,auto,A,3604000.0,2,25000,2000000.0,8,48133.0,48487.0,7639.0,40848.0
CLM-00370,2018,auto,C,994000.0,2,50000,5000000.0,58,56229.0,60929.0,47907.0,13022.0
CLM-00371,2021,auto,C,6675000.0,1,50000,1000000.0,41,89319.0,84119.0,73753.0,10366.0
CLM-00372,2023,business_interruption,A,1125000.0,4,250000,5000000.0,8,146004.0,154454.0,21323.0,133131.0
CLM-00373,2018,business_interruption,B,3135000.0,2,50000,10000000.0,18,48927.0,47786.0,16411.0,31375.0
CLM-00374,2019,general_liability,A,727000.0,1,25000,5000000.0,23,63019.0,62734.0,27126.0,35608.0
CLM-00375,2020,auto,A,1145000.0,1,50000,1000000.0,55,56281.0,60773.0,50645.0,10128.0
CLM-00376,2021,cyber,A,4968000.0,1,50000,10000000.0,53,17407.0,15978.0,16781.0,0.0
CLM-00377,2018,property,D,1710000.0,1,25000,5000000.0,47,213738.0,210681.0,179178.0,31503.0
CLM-00378,2022,general_liability,B,3311000.0,2,50000,2000000.0,7,23820.0,23768.0,3055.0,20713.0
CLM-00379,2021,auto,B,2306000.0,3,25000,5000000.0,30,148048.0,159735.0,78960.0,80775.0
CLM-00380,2024,auto,C,1878000.0,2,100000,5000000.0,30,66318.0,62989.0,40070.0,22919.0
CLM-00381,2020,general_liability,B,4533000.0,0,100000,2000000.0,39,78945.0,89749.0,63986.0,25763.0
CLM-00382,2021,property,D,1735000.0,4,50000,2000000.0,51,53318.0,61286.0,50595.0,10691.0
CLM-00383,2018,property,C,687000.0,3,250000,2000000.0,20,98461.0,108773.0,38503.0,70270.0
CLM-00384,2024,auto,B,1235000.0,3,250000,1000000.0,34,165736.0,161581.0,115777.0,45804.0
CLM-00385,2023,business_interruption,B,2784000.0,1,25000,5000000.0,16,36346.0,38744.0,10761.0,27983.0
CLM-00386,2020,cyber,D,2536000.0,4,50000,1000000.0,13,108807.0,100188.0,25342.0,74846.0
CLM-00387,2021,general_liability,C,781000.0,6,50000,2000000.0,19,174293.0,194828.0,63920.0,130908.0
CLM-00388,2024,property,D,1295000.0,7,25000,2000000.0,45,310959.0,319976.0,259180.0,60796.0
CLM-00389,2020,cyber,A,1411000.0,1,50000,2000000.0,27,4996.0,4717.0,2579.0,2138.0
CLM-00390,2019,auto,C,1606000.0,0,25000,2000000.0,41,526198.0,516650.0,412805.0,103845.0
CLM-00391,2019,general_liability,B,876000.0,2,250000,5000000.0,42,98099.0,107927.0,77066.0,30861.0
CLM-00392,2022,general_liability,A,1372000.0,3,50000,2000000.0,22,97482.0,108942.0,41237.0,67705.0
CLM-00393,2019,property,B,1292000.0,3,100000,1000000.0,58,63959.0,65873.0,58012.0,7861.0
CLM-00394,2018,cyber,B,3177000.0,3,50000,5000000.0,3,17159.0,17504.0,930.0,16574.0
CLM-00395,2019,auto,A,3250000.0,2,25000,10000000.0,54,109430.0,119025.0,107242.0,11783.0
CLM-00396,2024,general_liability,B,1832000.0,7,100000,2000000.0,1,65763.0,72770.0,3141.0,69629.0
CLM-00397,2024,business_interruption,C,1581000.0,4,25000,2000000.0,23,191987.0,209498.0,78765.0,130733.0
CLM-00398,2024,auto,A,2175000.0,1,25000,1000000.0,50,40883.0,40724.0,35461.0,5263.0
CLM-00399,2019,business_interruption,B,1225000.0,1,50000,1000000.0,42,75819.0,80405.0,57351.0,23054.0
CLM-00400,2021,general_liability,B,1005000.0,0,50000,2000000.0,20,26766.0,29826.0,9583.0,20243.0
CLM-00401,2021,general_liability,A,1138000.0,2,50000,10000000.0,54,99847.0,93651.0,85754.0,7897.0
CLM-00402,2021,business_interruption,D,1367000.0,0,25000,5000000.0,9,40125.0,40006.0,6572.0,33434.0
CLM-00403,2018,business_interruption,C,995000.0,1,50000,2000000.0,41,622121.0,568715.0,519269.0,49446.0
CLM-00404,2022,business_interruption,A,2204000.0,2,25000,10000000.0,32,405491.0,406391.0,263362.0,143029.0
CLM-00405,2018,cyber,D,3099000.0,2,25000,2000000.0,13,731850.0,799964.0,191762.0,608202.0
CLM-00406,2019,general_liability,C,772000.0,4,50000,2000000.0,56,310013.0,294282.0,292096.0,2186.0
CLM-00407,2020,property,A,2030000.0,1,25000,2000000.0,46,45345.0,46953.0,41653.0,5300.0
CLM-00408,2022,general_liability,C,1753000.0,3,25000,1000000.0,1,318493.0,289557.0,15300.0,274257.0
CLM-00409,2024,business_interruption,A,2455000.0,1,50000,5000000.0,6,47056.0,52910.0,5784.0,47126.0
CLM-00410,2022,general_liability,D,1985000.0,5,100000,2000000.0,4,47305.0,52272.0,3784.0,48488.0
CLM-00411,2021,cyber,B,836000.0,4,25000,5000000.0,25,273548.0,282056.0,136841.0,145215.0
CLM-00412,2021,business_interruption,B,938000.0,5,50000,2000000.0,26,217743.0,234389.0,114478.0,119911.0
CLM-00413,2021,business_interruption,A,2036000.0,1,25000,10000000.0,44,47604.0,44080.0,40733.0,3347.0
CLM-00414,2019,business_interruption,C,3708000.0,2,250000,5000000.0,41,41196.0,45781.0,31034.0,14747.0
CLM-00415,2024,auto,A,530000.0,2,25000,2000000.0,1,22356.0,24118.0,964.0,23154.0
CLM-00416,2024,general_liability,A,2461000.0,1,25000,1000000.0,29,9969.0,9271.0,5498.0,3773.0
CLM-00417,2019,business_interruption,A,4083000.0,2,50000,10000000.0,48,147770.0,169222.0,127637.0,41585.0
CLM-00418,2018,property,C,1825000.0,5,25000,2000000.0,54,31212.0,28267.0,27323.0,944.0
CLM-00419,2019,property,A,2782000.0,0,25000,2000000.0,18,63264.0,66878.0,20250.0,46628.0
CLM-00420,2022,business_interruption,D,1312000.0,3,25000,5000000.0,3,68851.0,64922.0,3851.0,61071.0
CLM-00421,2018,auto,B,1862000.0,0,50000,1000000.0,10,17370.0,18756.0,3602.0,15154.0
CLM-00422,2018,general_liability,A,756000.0,5,50000,2000000.0,21,65233.0,59858.0,25881.0,33977.0
CLM-00423,2022,property,A,490000.0,0,50000,2000000.0,27,23444.0,21575.0,11686.0,9889.0
CLM-00424,2019,general_liability,A,3521000.0,1,100000,2000000.0,22,119394.0,121373.0,49826.0,71547.0
CLM-00425,2018,business_interruption,B,1108000.0,1,50000,2000000.0,6,19071.0,21903.0,2134.0,19769.0
CLM-00426,2018,auto,C,1522000.0,1,250000,2000000.0,21,46377.0,44945.0,19297.0,25648.0
CLM-00427,2022,general_liability,A,870000.0,0,100000,1000000.0,18,4262.0,4488.0,1511.0,2977.0
CLM-00428,2020,auto,C,858000.0,2,100000,1000000.0,30,12051.0,12408.0,6433.0,5975.0
CLM-00429,2019,cyber,A,1802000.0,3,100000,1000000.0,5,281174.0,312252.0,27142.0,285110.0
CLM-00430,2022,business_interruption,C,1291000.0,1,50000,10000000.0,48,573908.0,557923.0,490938.0,66985.0
CLM-00431,2019,general_liability,D,2509000.0,4,25000,2000000.0,26,203731.0,211623.0,105014.0,106609.0
CLM-00432,2021,auto,C,2624000.0,6,50000,2000000.0,20,74672.0,84951.0,30814.0,54137.0
CLM-00433,2021,property,B,2425000.0,0,25000,2000000.0,55,51225.0,50362.0,50514.0,409800.0
CLM-00434,2022,general_liability,C,2308000.0,4,50000,5000000.0,45,283919.0,286716.0,234461.0,52255.0
CLM-00435,2022,property,A,5154000.0,1,25000,1000000.0,9,38876.0,43627.0,7008.0,36619.0
CLM-00436,2022,general_liability,A,1054000.0,2,25000,2000000.0,9,55723.0,54783.0,10124.0,44659.0
CLM-00437,2019,auto,A,1935000.0,0,250000,5000000.0,1,44120.0,43907.0,2161.0,41746.0
CLM-00438,2018,general_liability,B,3946000.0,1,50000,2000000.0,34,49137.0,47959.0,30940.0,17019.0
CLM-00439,2021,property,C,4271000.0,0,50000,5000000.0,22,68222.0,75207.0,28693.0,46514.0
CLM-00440,2018,property,B,852000.0,2,50000,5000000.0,23,78832.0,89285.0,33363.0,55922.0
CLM-00441,2021,property,C,1658000.0,2,50000,5000000.0,31,42122.0,44556.0,23222.0,21334.0
CLM-00442,2022,auto,A,4518000.0,0,100000,1000000.0,33,82843.0,87475.0,54041.0,33434.0
CLM-00443,2023,property,C,2713000.0,1,50000,1000000.0,1,69302.0,69129.0,3170.0,65959.0
CLM-00444,2022,property,A,2249000.0,1,50000,1000000.0,7,56296.0,50842.0,7284.0,43558.0
CLM-00445,2024,business_interruption,A,1755000.0,0,50000,5000000.0,48,151345.0,142792.0,147874.0,0.0
CLM-00446,2021,property,C,1589000.0,2,50000,10000000.0,58,86296.0,80847.0,79768.0,1079.0
CLM-00447,2021,cyber,D,2378000.0,4,50000,10000000.0,51,423166.0,393109.0,422827.0,0.0
CLM-00448,2019,auto,B,1719000.0,1,250000,2000000.0,55,13276.0,14119.0,12864.0,1255.0
CLM-00449,2022,auto,A,1950000.0,0,50000,5000000.0,28,29283.0,27353.0,16747.0,10606.0
CLM-00450,2023,auto,B,2097000.0,2,50000,2000000.0,50,77744.0,71634.0,75101.0,0.0
CLM-00451,2020,property,A,1331000.0,1,50000,5000000.0,53,248603.0,247520.0,215263.0,32257.0
CLM-00452,2018,cyber,C,2752000.0,3,50000,2000000.0,54,21381.0,20574.0,18382.0,2192.0
CLM-00453,2018,cyber,C,11492000.0,2,250000,1000000.0,9,150988.0,141395.0,27950.0,113445.0
CLM-00454,2022,general_liability,A,689000.0,1,100000,1000000.0,9,138555.0,129761.0,22621.0,107140.0
CLM-00455,2022,cyber,A,2429000.0,1,50000,10000000.0,25,25248.0,24340.0,11949.0,12391.0
CLM-00456,2018,general_liability,A,1267000.0,0,50000,2000000.0,31,33148.0,34282.0,20155.0,14127.0
CLM-00457,2018,business_interruption,D,2828000.0,1,50000,2000000.0,58,204759.0,223090.0,180553.0,42537.0
CLM-00458,2022,cyber,B,2057000.0,3,25000,2000000.0,20,96520.0,107446.0,35543.0,71903.0
CLM-00459,2020,property,C,3159000.0,1,50000,2000000.0,50,450399.0,489969.0,414338.0,75631.0
CLM-00460,2020,cyber,B,4049000.0,3,100000,10000000.0,54,144983.0,153255.0,131084.0,22171.0
CLM-00461,2019,business_interruption,B,2245000.0,0,50000,1000000.0,58,217141.0,244698.0,206607.0,38091.0
CLM-00462,2023,auto,A,3945000.0,0,25000,1000000.0,12,38570.0,39725.0,8305.0,31420.0
CLM-00463,2023,property,D,490000.0,4,100000,5000000.0,15,63980.0,67713.0,18461.0,49252.0
CLM-00464,2018,cyber,A,5194000.0,0,100000,2000000.0,14,46623.0,46758.0,11914.0,34844.0
CLM-00465,2018,auto,B,2505000.0,0,25000,1000000.0,45,23802.0,23370.0,20998.0,2372.0
CLM-00466,2021,general_liability,B,3818000.0,2,50000,1000000.0,42,136111.0,133787.0,103309.0,30478.0
CLM-00467,2022,cyber,B,962000.0,8,50000,1000000.0,25,71265.0,66781.0,32650.0,34131.0
CLM-00468,2019,auto,D,1215000.0,6,100000,2000000.0,6,100228.0,110166.0,12160.0,98006.0
CLM-00469,2019,cyber,A,2183000.0,2,25000,1000000.0,32,84550.0,77265.0,49900.0,27365.0
CLM-00470,2022,auto,B,1980000.0,5,25000,1000000.0,44,33947.0,36278.0,29891.0,6387.0
CLM-00471,2021,property,B,2370000.0,1,50000,5000000.0,29,144395.0,161161.0,77726.0,83435.0
CLM-00472,2018,business_interruption,B,3834000.0,2,25000,5000000.0,17,57331.0,58727.0,17975.0,40752.0
CLM-00473,2022,auto,A,694000.0,1,50000,5000000.0,36,106191.0,97436.0,71271.0,26165.0
CLM-00474,2018,general_liability,A,3587000.0,0,100000,2000000.0,40,36570.0,36830.0,29931.0,6899.0
CLM-00475,2019,general_liability,A,2010000.0,2,25000,2000000.0,36,93375.0,92050.0,63699.0,28351.0
CLM-00476,2022,property,A,1770000.0,1,50000,10000000.0,53,55575.0,63710.0,49271.0,444600.0
CLM-00477,2019,auto,B,827000.0,2,250000,5000000.0,19,117378.0,125925.0,43233.0,82692.0
CLM-00478,2018,general_liability,B,2705000.0,0,50000,2000000.0,37,76028.0,82136.0,53204.0,28932.0
CLM-00479,2024,business_interruption,B,470000.0,3,50000,2000000.0,52,12649.0,13015.0,12251.0,764.0
CLM-00480,2019,business_interruption,B,2951000.0,1,50000,2000000.0,13,189015.0,203636.0,51118.0,152518.0
CLM-00481,2021,cyber,B,817000.0,2,25000,2000000.0,17,55364.0,59829.0,18216.0,41613.0
CLM-00482,2023,property,A,2065000.0,2,25000,2000000.0,3,108334.0,99298.0,6214.0,93084.0
CLM-00483,2024,auto,B,1862000.0,1,50000,1000000.0,23,126471.0,120862.0,54629.0,66233.0
CLM-00484,2023,property,A,4034000.0,2,50000,10000000.0,3,31378.0,28342.0,1953.0,26389.0
CLM-00485,2020,cyber,A,1797000.0,4,25000,2000000.0,45,8000000.0,27212.0,22905.0,4307.0
CLM-00486,2023,general_liability,B,1319000.0,4,25000,2000000.0,6,142938.0,159940.0,15664.0,144276.0
CLM-00487,2018,business_interruption,B,1476000.0,2,100000,1000000.0,42,52867.0,55637.0,46045.0,9592.0
CLM-00488,2020,general_liability,A,4293000.0,2,25000,5000000.0,35,148474.0,152194.0,107627.0,44567.0
CLM-00489,2019,property,B,2759000.0,3,100000,5000000.0,60,74942.0,84796.0,68599.0,16197.0
CLM-00490,2021,business_interruption,B,1587000.0,2,50000,1000000.0,21,177666.0,167549.0,70129.0,97420.0
CLM-00491,2024,general_liability,C,1735000.0,1,50000,2000000.0,21,138671.0,127390.0,57760.0,69630.0
CLM-00492,2023,cyber,B,781000.0,0,25000,5000000.0,15,65415.0,73875.0,19918.0,53957.0
CLM-00493,2024,business_interruption,B,2525000.0,4,25000,5000000.0,33,66575.0,74943.0,42327.0,32616.0
CLM-00494,2018,general_liability,A,696000.0,0,50000,1000000.0,14,42604.0,45618.0,11179.0,34439.0
CLM-00495,2023,general_liability,C,3140000.0,0,50000,5000000.0,7,296782.0,285354.0,38745.0,246609.0
CLM-00496,2023,auto,B,2160000.0,1,25000,2000000.0,57,67162.0,76729.0,60378.0,16351.0
CLM-00497,2021,cyber,B,8376000.0,1,50000,1000000.0,41,159617.0,174196.0,118302.0,55894.0
CLM-00498,2018,business_interruption,B,1034000.0,0,50000,1000000.0,8,56456.0,60322.0,9097.0,51225.0
CLM-00499,2018,general_liability,B,1881000.0,5,25000,1000000.0,38,104949.0,100303.0,71930.0,28373.0
CLM-00500,2024,auto,B,5883000.0,1,50000,2000000.0,19,427290.0,439370.0,153871.0,285499.0
CLM-00501,2020,property,C,4088000.0,2,25000,2000000.0,11,375008.0,414625.0,83812.0,330813.0
CLM-00502,2022,auto,C,1317000.0,4,50000,5000000.0,29,120745.0,134639.0,66430.0,68209.0
CLM-00503,2024,cyber,D,2288000.0,1,25000,1000000.0,48,174741.0,181793.0,156256.0,25537.0
CLM-00504,2021,cyber,B,2002000.0,2,50000,10000000.0,1,39854.0,41077.0,1977.0,39100.0
CLM-00505,2019,general_liability,B,2369000.0,3,50000,1000000.0,22,72481.0,77875.0,28868.0,49007.0
CLM-00506,2021,general_liability,C,1315000.0,3,50000,2000000.0,56,137043.0,141437.0,134676.0,6761.0
CLM-00507,2019,property,A,1896000.0,2,50000,10000000.0,24,112041.0,112536.0,48139.0,64397.0
CLM-00508,2019,property,C,767000.0,4,250000,5000000.0,6,192743.0,177585.0,21973.0,155612.0
CLM-00509,2023,general_liability,B,2169000.0,4,50000,5000000.0,26,33069.0,30804.0,16923.0,13881.0
CLM-00510,2020,cyber,A,2620000.0,0,100000,5000000.0,41,115984.0,126431.0,89708.0,36723.0
CLM-00511,2022,general_liability,A,1745000.0,0,25000,1000000.0,60,40152.0,36384.0,37349.0,0.0
CLM-00512,2023,general_liability,C,759000.0,2,50000,1000000.0,38,34334.0,31350.0,23936.0,7414.0
CLM-00513,2021,auto,A,3619000.0,1,25000,2000000.0,4,188231.0,211978.0,14672.0,197306.0
CLM-00514,2021,property,A,2489000.0,0,50000,1000000.0,49,177380.0,190861.0,154353.0,36508.0
CLM-00515,2019,property,A,1294000.0,2,50000,2000000.0,47,60050.0,54108.0,57001.0,0.0
CLM-00516,2021,business_interruption,A,1690000.0,0,100000,1000000.0,40,81652.0,79857.0,63795.0,16062.0
CLM-00517,2023,property,A,813000.0,1,50000,10000000.0,54,77659.0,84713.0,71624.0,13089.0
CLM-00518,2019,general_liability,C,1081000.0,3,50000,5000000.0,47,346902.0,348428.0,291509.0,56919.0
CLM-00519,2019,auto,A,1448000.0,1,25000,5000000.0,14,86590.0,88079.0,23360.0,64719.0
CLM-00520,2022,property,C,4180000.0,3,25000,5000000.0,26,41931.0,42547.0,21226.0,21321.0
CLM-00521,2024,property,C,1363000.0,1,100000,1000000.0,31,544368.0,517440.0,312845.0,204595.0
CLM-00522,2020,property,B,2937000.0,2,25000,1000000.0,30,215253.0,232548.0,128027.0,104521.0
CLM-00523,2023,general_liability,A,1448000.0,1,25000,5000000.0,39,28427.0,26316.0,19898.0,6418.0
CLM-00524,2019,cyber,B,2321000.0,4,250000,5000000.0,43,36133.0,37102.0,28527.0,8575.0
CLM-00525,2021,general_liability,A,1837000.0,1,250000,2000000.0,7,75169.0,70846.0,10531.0,60315.0
CLM-00526,2024,general_liability,B,3377000.0,4,50000,2000000.0,35,78037.0,71141.0,49623.0,21518.0
CLM-00527,2021,general_liability,D,1451000.0,5,50000,2000000.0,3,238277.0,222982.0,13207.0,209775.0
CLM-00528,2021,business_interruption,D,779000.0,2,100000,1000000.0,31,232760.0,260071.0,142451.0,1862080.0
CLM-00529,2019,property,C,873000.0,2,25000,2000000.0,26,51916.0,49011.0,26977.0,22034.0
CLM-00530,2021,cyber,A,1454000.0,1,50000,2000000.0,13,16485.0,15984.0,3829.0,12155.0
CLM-00531,2022,general_liability,B,945000.0,5,50000,5000000.0,60,111773.0,104455.0,97129.0,7326.0
CLM-00532,2024,business_interruption,C,2558000.0,3,250000,10000000.0,16,75803.0,82162.0,23168.0,58994.0
CLM-00533,2019,general_liability,B,1512000.0,1,250000,2000000.0,4,8000000.0,74405.0,5756.0,68649.0
CLM-00534,2020,property,B,8314000.0,2,50000,5000000.0,22,31940.0,36281.0,13440.0,22841.0
CLM-00535,2022,general_liability,A,705000.0,0,25000,5000000.0,46,27633.0,29459.0,25080.0,4379.0
CLM-00536,2024,property,A,2260000.0,1,50000,1000000.0,1,95648.0,98790.0,4607.0,94183.0
CLM-00537,2019,cyber,B,1017000.0,2,25000,5000000.0,30,109173.0,116177.0,67717.0,48460.0
CLM-00538,2022,auto,A,1488000.0,2,100000,2000000.0,26,24124.0,21955.0,11793.0,10162.0
CLM-00539,2024,auto,A,2177000.0,2,25000,2000000.0,52,18848.0,21443.0,16482.0,4961.0
CLM-00540,2022,property,C,496000.0,1,25000,1000000.0,1,70265.0,80039.0,3125.0,76914.0
CLM-00541,2020,auto,D,2305000.0,2,100000,10000000.0,2,259064.0,251042.0,11298.0,239744.0
CLM-00542,2019,general_liability,B,6264000.0,2,50000,10000000.0,34,143558.0,151751.0,92447.0,59304.0
CLM-00543,2020,business_interruption,C,1524000.0,0,100000,1000000.0,11,53398.0,50754.0,12003.0,38751.0
CLM-00544,2018,auto,D,2337000.0,1,25000,1000000.0,43,189357.0,196338.0,153018.0,43320.0
CLM-00545,2019,auto,A,3699000.0,1,100000,1000000.0,17,219755.0,240126.0,67893.0,172233.0
CLM-00546,2021,cyber,B,1813000.0,2,25000,5000000.0,34,87949.0,99818.0,57836.0,41982.0
CLM-00547,2018,auto,B,1411000.0,2,25000,2000000.0,3,15794.0,15554.0,986.0,14568.0
CLM-00548,2018,auto,A,511000.0,3,50000,1000000.0,42,48833.0,52416.0,37526.0,14890.0
CLM-00549,2022,property,C,2938000.0,3,25000,5000000.0,32,798208.0,861352.0,514408.0,346944.0
CLM-00550,2018,auto,B,1869000.0,1,50000,2000000.0,1,21350.0,20395.0,1039.0,19356.0
CLM-00551,2018,general_liability,B,1089000.0,0,25000,2000000.0,16,56342.0,59568.0,17094.0,42474.0
CLM-00552,2022,property,A,2158000.0,1,25000,2000000.0,4,40527.0,43115.0,3185.0,39930.0
CLM-00553,2024,cyber,A,1409000.0,1,100000,2000000.0,3,48686.0,53117.0,2784.0,50333.0
CLM-00554,2023,property,D,1457000.0,2,25000,2000000.0,42,166051.0,190956.0,129218.0,61738.0
CLM-00555,2018,auto,A,2878000.0,0,50000,2000000.0,26,137500.0,125133.0,68068.0,57065.0
CLM-00556,2019,property,A,896000.0,1,100000,2000000.0,49,43044.0,40917.0,37203.0,3714.0
CLM-00557,2023,general_liability,A,3749000.0,1,25000,10000000.0,16,180058.0,168583.0,57381.0,111202.0
CLM-00558,2023,cyber,B,865000.0,0,100000,2000000.0,44,46583.0,43723.0,41607.0,2116.0
CLM-00559,2020,property,B,1344000.0,1,25000,10000000.0,37,45703.0,46323.0,31569.0,14754.0
CLM-00560,2024,auto,B,6340000.0,0,50000,2000000.0,40,46657.0,52239.0,36352.0,15887.0
CLM-00561,2024,auto,A,3934000.0,2,25000,5000000.0,50,12188.0,12336.0,10784.0,1552.0
CLM-00562,2023,cyber,A,2121000.0,1,100000,2000000.0,43,63406.0,67662.0,49367.0,18295.0
CLM-00563,2023,property,C,1137000.0,1,50000,5000000.0,45,541354.0,538173.0,481911.0,56262.0
CLM-00564,2023,cyber,B,1456000.0,0,50000,2000000.0,45,89096.0,87307.0,72679.0,14628.0
CLM-00565,2019,general_liability,B,2090000.0,1,250000,1000000.0,27,129767.0,143854.0,70607.0,73247.0
CLM-00566,2022,general_liability,B,2046000.0,4,50000,1000000.0,44,60984.0,64880.0,49795.0,15085.0
CLM-00567,2024,general_liability,C,1894000.0,1,100000,1000000.0,51,77723.0,76769.0,75607.0,1162.0
CLM-00568,2019,general_liability,A,1963000.0,0,100000,10000000.0,45,108654.0,122620.0,92214.0,30406.0
CLM-00569,2018,general_liability,B,1759000.0,0,250000,10000000.0,37,377053.0,386339.0,263129.0,123210.0
CLM-00570,2020,property,B,842000.0,1,250000,5000000.0,5,212626.0,201371.0,21320.0,180051.0
CLM-00571,2019,general_liability,A,1467000.0,0,250000,1000000.0,27,85962.0,87750.0,44802.0,42948.0
CLM-00572,2024,auto,C,3462000.0,3,25000,5000000.0,4,136384.0,145750.0,10003.0,135747.0
CLM-00573,2021,general_liability,B,880000.0,1,100000,5000000.0,7,68045.0,67486.0,9701.0,57785.0
CLM-00574,2022,property,C,1785000.0,1,100000,2000000.0,22,48428.0,53801.0,19999.0,33802.0
CLM-00575,2024,general_liability,C,1223000.0,2,50000,2000000.0,28,25543.0,26393.0,12895.0,13498.0
CLM-00576,2023,general_liability,B,2138000.0,1,25000,5000000.0,32,25514.0,25946.0,15519.0,10427.0
CLM-00577,2023,auto,D,1584000.0,0,250000,1000000.0,55,126873.0,141423.0,118765.0,22658.0
CLM-00578,2024,business_interruption,B,4853000.0,2,25000,2000000.0,46,71915.0,73046.0,64886.0,8160.0
CLM-00579,2022,auto,C,2710000.0,1,50000,5000000.0,26,28222.0,28324.0,14910.0,13414.0
CLM-00580,2019,auto,A,910000.0,1,50000,1000000.0,21,38714.0,35846.0,15772.0,20074.0
CLM-00581,2023,property,B,2992000.0,1,25000,2000000.0,43,57442.0,56903.0,45466.0,11437.0
CLM-00582,2020,business_interruption,B,1257000.0,5,100000,2000000.0,17,29518.0,29496.0,9296.0,20200.0
CLM-00583,2020,general_liability,A,1415000.0,2,25000,5000000.0,54,34709.0,32805.0,30028.0,2777.0
CLM-00584,2022,general_liability,B,2414000.0,2,50000,10000000.0,47,58841.0,61604.0,55333.0,6271.0
CLM-00585,2020,property,D,1489000.0,3,100000,5000000.0,41,87176.0,81593.0,64477.0,17116.0
CLM-00586,2018,property,B,3417000.0,3,50000,5000000.0,15,213699.0,204280.0,62832.0,141448.0
CLM-00587,2024,cyber,A,1257000.0,2,100000,2000000.0,38,8482.0,8824.0,6309.0,2515.0
CLM-00588,2021,property,A,1380000.0,0,25000,5000000.0,50,6867.0,6642.0,6646.0,0.0
CLM-00589,2022,property,A,1349000.0,0,100000,2000000.0,5,40902.0,43353.0,3669.0,39684.0
CLM-00590,2023,property,A,1424000.0,1,250000,1000000.0,11,48826.0,52372.0,9851.0,42521.0
CLM-00591,2022,business_interruption,D,3868000.0,6,25000,5000000.0,31,352607.0,343906.0,224636.0,119270.0
CLM-00592,2022,cyber,B,2917000.0,5,50000,5000000.0,22,64453.0,59416.0,27645.0,31771.0
CLM-00593,2023,business_interruption,A,5580000.0,1,50000,2000000.0,43,27579.0,28196.0,22696.0,5500.0
CLM-00594,2020,cyber,B,7797000.0,2,50000,5000000.0,25,104609.0,96578.0,52422.0,44156.0
CLM-00595,2023,business_interruption,A,1078000.0,1,100000,5000000.0,60,28071.0,28880.0,27661.0,1219.0
CLM-00596,2023,general_liability,A,2086000.0,1,50000,2000000.0,18,198970.0,215197.0,66365.0,148832.0
CLM-00597,2019,property,C,988000.0,1,50000,1000000.0,22,61470.0,64856.0,27757.0,37099.0
CLM-00598,2019,general_liability,B,1254000.0,0,25000,1000000.0,1,54168.0,54822.0,2346.0,52476.0
CLM-00599,2024,property,D,1370000.0,3,50000,2000000.0,15,1380160.0,1568503.0,429856.0,1138647.0
CLM-00600,2024,auto,B,1061000.0,2,100000,2000000.0,15,53672.0,49670.0,14671.0,34999.0
CLM-00601,2024,property,B,1064000.0,2,25000,1000000.0,46,105575.0,118244.0,90040.0,28204.0
CLM-00602,2018,property,C,1834000.0,3,50000,1000000.0,21,201679.0,221853.0,76278.0,145575.0
CLM-00603,2024,auto,D,964000.0,1,25000,1000000.0,13,224185.0,225291.0,58929.0,166362.0
CLM-00604,2024,property,C,3315000.0,3,100000,5000000.0,19,169615.0,159136.0,66980.0,92156.0
CLM-00605,2023,property,D,1153000.0,5,50000,5000000.0,34,199024.0,186877.0,126109.0,60768.0
CLM-00606,2021,property,C,10793000.0,4,50000,2000000.0,48,208180.0,235337.0,187121.0,48216.0
CLM-00607,2021,auto,C,1525000.0,4,25000,1000000.0,59,69441.0,66554.0,61931.0,4623.0
CLM-00608,2021,property,A,2088000.0,3,50000,1000000.0,3,77509.0,86696.0,4230.0,82466.0
CLM-00609,2018,property,C,919000.0,3,250000,1000000.0,51,588772.0,603976.0,570000.0,33976.0
CLM-00610,2021,property,B,5567000.0,4,50000,2000000.0,24,337715.0,342927.0,145067.0,197860.0
CLM-00611,2019,cyber,B,3915000.0,1,50000,1000000.0,49,107566.0,113469.0,107046.0,6423.0
CLM-00612,2019,property,B,2390000.0,4,100000,2000000.0,3,198630.0,189445.0,12279.0,177166.0
CLM-00613,2018,property,D,891000.0,4,50000,10000000.0,38,66172.0,66641.0,45459.0,21182.0
CLM-00614,2021,business_interruption,D,2269000.0,6,50000,2000000.0,56,169652.0,192491.0,157679.0,34812.0
CLM-00615,2018,cyber,A,1020000.0,1,50000,5000000.0,3,96679.0,92770.0,6036.0,86734.0
CLM-00616,2023,property,C,4809000.0,1,25000,1000000.0,48,466122.0,526902.0,455817.0,71085.0
CLM-00617,2024,property,C,3250000.0,3,100000,2000000.0,7,64992.0,74647.0,9073.0,65574.0
CLM-00618,2023,property,A,2118000.0,1,100000,10000000.0,59,32001.0,29216.0,27309.0,1907.0
CLM-00619,2020,auto,A,464000.0,1,250000,2000000.0,45,240964.0,248878.0,194335.0,54543.0
CLM-00620,2019,property,A,1109000.0,0,100000,5000000.0,55,42346.0,39930.0,41038.0,0.0
CLM-00621,2021,business_interruption,C,3022000.0,1,50000,10000000.0,54,561651.0,592783.0,509118.0,83665.0
CLM-00622,2022,cyber,B,4141000.0,1,25000,2000000.0,19,99961.0,114694.0,37600.0,77094.0
CLM-00623,2018,auto,D,3891000.0,4,50000,2000000.0,25,261022.0,293446.0,130630.0,162816.0
CLM-00624,2023,property,B,769000.0,1,250000,2000000.0,42,41379.0,46808.0,33069.0,13739.0
CLM-00625,2021,cyber,D,2397000.0,6,100000,1000000.0,11,507872.0,484173.0,101432.0,382741.0
CLM-00626,2023,auto,B,3678000.0,5,50000,1000000.0,19,376519.0,389916.0,135328.0,254588.0
CLM-00627,2018,cyber,C,739000.0,2,50000,1000000.0,6,32664.0,31315.0,4004.0,27311.0
CLM-00628,2020,property,A,1991000.0,3,100000,5000000.0,54,41610.0,46805.0,37435.0,9370.0
CLM-00629,2021,auto,B,2357000.0,0,250000,5000000.0,15,151607.0,143691.0,40716.0,102975.0
CLM-00630,2018,cyber,C,1670000.0,0,100000,2000000.0,25,77091.0,72349.0,39905.0,32444.0
CLM-00631,2022,business_interruption,D,658000.0,1,50000,1000000.0,28,67673.0,61111.0,37585.0,23526.0
CLM-00632,2024,auto,C,1645000.0,4,25000,5000000.0,23,294830.0,278758.0,131543.0,147215.0
CLM-00633,2021,general_liability,A,1643000.0,0,50000,10000000.0,47,115655.0,109576.0,110343.0,0.0
CLM-00634,2020,general_liability,B,1830000.0,1,50000,2000000.0,55,45140.0,41500.0,41153.0,347.0
CLM-00635,2022,auto,A,1426000.0,0,250000,2000000.0,35,50060.0,55914.0,36421.0,19493.0
CLM-00636,2020,business_interruption,A,1533000.0,0,50000,5000000.0,51,14190.0,15538.0,13887.0,1651.0
CLM-00637,2020,auto,B,1953000.0,1,50000,5000000.0,7,30716.0,29599.0,3996.0,25603.0
CLM-00638,2023,property,C,2608000.0,3,50000,10000000.0,58,137658.0,150848.0,124671.0,26177.0
CLM-00639,2022,property,C,1666000.0,0,50000,2000000.0,7,89054.0,89547.0,11576.0,77971.0
CLM-00640,2019,auto,C,1564000.0,2,50000,1000000.0,4,41888.0,45820.0,3312.0,42508.0
CLM-00641,2020,cyber,C,2114000.0,2,25000,2000000.0,2,56608.0,55518.0,2677.0,52841.0
CLM-00642,2023,property,C,632000.0,2,100000,2000000.0,15,30573.0,31831.0,8870.0,22961.0
CLM-00643,2021,general_liability,A,2663000.0,0,50000,5000000.0,51,72806.0,72471.0,72433.0,38.0
CLM-00644,2018,business_interruption,A,1999000.0,2,50000,1000000.0,19,8986.0,8509.0,3275.0,5234.0
CLM-00645,2023,general_liability,B,2048000.0,0,25000,5000000.0,48,25846.0,27045.0,25008.0,2037.0
CLM-00646,2023,property,C,3559000.0,1,50000,10000000.0,26,21202.0,23062.0,10895.0,12167.0
CLM-00647,2019,general_liability,A,620000.0,0,100000,10000000.0,7,48959.0,53281.0,6624.0,46657.0
CLM-00648,2024,general_liability,B,612000.0,2,100000,5000000.0,29,11003.0,10883.0,5692.0,5191.0
CLM-00649,2024,property,B,2357000.0,1,25000,10000000.0,14,74164.0,76365.0,20520.0,55845.0
CLM-00650,2024,auto,A,1991000.0,1,250000,1000000.0,18,212960.0,232328.0,75579.0,156749.0
CLM-00651,2020,auto,B,2215000.0,2,100000,2000000.0,32,346637.0,316696.0,200756.0,115940.0
CLM-00652,2024,auto,C,1516000.0,1,25000,1000000.0,48,18031.0,16552.0,17479.0,0.0
CLM-00653,2023,auto,B,2980000.0,5,25000,10000000.0,36,137679.0,136861.0,95004.0,41857.0
CLM-00654,2024,property,A,3500000.0,2,25000,10000000.0,14,24940.0,23839.0,6537.0,17302.0
CLM-00655,2021,property,C,2674000.0,1,100000,1000000.0,44,36069.0,35840.0,32190.0,3650.0
CLM-00656,2019,property,A,1710000.0,0,25000,1000000.0,42,39071.0,36080.0,30820.0,5260.0
CLM-00657,2019,property,C,565000.0,2,50000,2000000.0,15,234184.0,245425.0,69031.0,176394.0
CLM-00658,2024,auto,A,3173000.0,0,100000,2000000.0,52,86638.0,92524.0,81673.0,10851.0
CLM-00659,2021,property,B,4163000.0,2,100000,5000000.0,51,47290.0,51923.0,40571.0,11352.0
CLM-00660,2024,auto,B,2944000.0,0,50000,1000000.0,37,132668.0,140977.0,93411.0,47566.0
CLM-00661,2021,property,A,1180000.0,2,100000,5000000.0,18,6144.0,6138.0,2035.0,4103.0
CLM-00662,2021,property,C,2996000.0,5,25000,2000000.0,22,75948.0,86105.0,30630.0,55475.0
CLM-00663,2018,property,A,3352000.0,2,100000,2000000.0,27,28624.0,30959.0,15268.0,15691.0
CLM-00664,2020,general_liability,A,5096000.0,3,25000,1000000.0,12,77554.0,80030.0,16513.0,63517.0
CLM-00665,2021,auto,A,1182000.0,1,25000,10000000.0,19,35610.0,33890.0,14030.0,19860.0
CLM-00666,2018,cyber,C,1746000.0,0,250000,5000000.0,9,77122.0,81922.0,13149.0,68773.0
CLM-00667,2019,property,C,3131000.0,3,25000,2000000.0,10,110108.0,115385.0,20526.0,94859.0
CLM-00668,2022,auto,D,2070000.0,0,25000,2000000.0,45,8000000.0,141721.0,122586.0,19135.0
CLM-00669,2019,cyber,A,1023000.0,1,50000,10000000.0,8,67033.0,73420.0,10312.0,63108.0
CLM-00670,2022,general_liability,B,2565000.0,0,50000,5000000.0,29,77732.0,87741.0,44246.0,43495.0
CLM-00671,2021,property,A,2830000.0,1,25000,5000000.0,26,41163.0,46813.0,140439.0,25534.0
CLM-00672,2020,property,B,2108000.0,3,50000,5000000.0,3,118083.0,124878.0,7238.0,117640.0
CLM-00673,2018,property,D,2282000.0,1,100000,5000000.0,50,302823.0,345669.0,263293.0,82376.0
CLM-00674,2020,cyber,C,1712000.0,0,100000,2000000.0,60,52845.0,59602.0,45565.0,14037.0
CLM-00675,2021,general_liability,B,4856000.0,3,25000,5000000.0,39,96059.0,86516.0,77974.0,8542.0
CLM-00676,2022,general_liability,B,1165000.0,3,50000,2000000.0,41,201799.0,213787.0,146744.0,67043.0
CLM-00677,2019,cyber,D,1406000.0,3,100000,2000000.0,14,55483.0,52410.0,15474.0,36936.0
CLM-00678,2018,general_liability,B,2013000.0,0,25000,10000000.0,51,324574.0,316070.0,305638.0,10432.0
CLM-00679,2024,auto,A,3389000.0,1,25000,10000000.0,48,16664.0,16237.0,15546.0,691.0
CLM-00680,2024,property,B,814000.0,4,25000,2000000.0,27,51475.0,52545.0,28024.0,24521.0
CLM-00681,2024,general_liability,A,911000.0,1,50000,2000000.0,43,17029.0,15372.0,15238.0,134.0
CLM-00682,2020,property,A,589000.0,4,25000,5000000.0,58,327071.0,313644.0,280311.0,33333.0
CLM-00683,2022,property,A,2040000.0,2,100000,10000000.0,37,33737.0,30609.0,24502.0,6107.0
CLM-00684,2018,property,B,1022000.0,0,250000,5000000.0,12,34400.0,36555.0,8235.0,28320.0
CLM-00685,2024,auto,B,1588000.0,1,25000,1000000.0,20,46774.0,52495.0,17460.0,35035.0
CLM-00686,2018,auto,A,2974000.0,0,50000,2000000.0,12,54157.0,62251.0,13322.0,48929.0
CLM-00687,2021,auto,B,1361000.0,3,25000,5000000.0,20,54863.0,55529.0,20998.0,34531.0
CLM-00688,2023,property,D,2298000.0,2,25000,5000000.0,54,138627.0,133780.0,121253.0,12527.0
CLM-00689,2023,business_interruption,C,1671000.0,1,100000,5000000.0,12,3917.0,4361.0,958.0,3403.0
CLM-00690,2024,property,B,2993000.0,0,50000,5000000.0,54,74358.0,69026.0,73721.0,0.0
CLM-00691,2021,cyber,A,2660000.0,0,250000,2000000.0,18,49106.0,56156.0,15927.0,40229.0
CLM-00692,2018,auto,C,1320000.0,2,50000,2000000.0,30,244080.0,263291.0,146868.0,116423.0
CLM-00693,2018,auto,A,1808000.0,0,25000,5000000.0,32,142535.0,146239.0,83835.0,62404.0
CLM-00694,2019,general_liability,A,3741000.0,1,50000,2000000.0,8,48148.0,44497.0,6829.0,37668.0
CLM-00695,2018,cyber,D,2532000.0,6,25000,5000000.0,12,459544.0,415680.0,102144.0,313536.0
CLM-00696,2021,auto,B,865000.0,0,100000,5000000.0,19,19215.0,19909.0,7440.0,12469.0
CLM-00697,2018,property,C,2964000.0,1,50000,5000000.0,4,216074.0,216822.0,15687.0,201135.0
CLM-00698,2019,cyber,B,1043000.0,4,50000,2000000.0,46,44642.0,49582.0,37203.0,12379.0
CLM-00699,2020,property,B,4668000.0,2,50000,5000000.0,33,31891.0,33823.0,21067.0,12756.0
CLM-00700,2023,general_liability,A,3697000.0,3,50000,1000000.0,51,56443.0,56893.0,51417.0,5476.0
CLM-00701,2022,auto,A,2380000.0,1,100000,1000000.0,52,179572.0,171761.0,156636.0,15125.0
CLM-00702,2018,cyber,A,2198000.0,0,25000,2000000.0,21,54226.0,55316.0,20984.0,34332.0
CLM-00703,2024,general_liability,A,1764000.0,1,25000,1000000.0,50,181655.0,170892.0,176058.0,0.0
CLM-00704,2021,property,C,3005000.0,1,25000,10000000.0,4,55400.0,59098.0,4356.0,54742.0
CLM-00705,2020,general_liability,A,1601000.0,0,50000,10000000.0,26,109300.0,114922.0,57081.0,57841.0
CLM-00706,2020,property,B,2304000.0,1,50000,1000000.0,40,39849.0,43934.0,28713.0,15221.0
CLM-00707,2023,general_liability,C,3375000.0,3,25000,5000000.0,28,160818.0,162809.0,86185.0,76624.0
CLM-00708,2021,general_liability,C,1428000.0,2,50000,2000000.0,45,118802.0,115198.0,107987.0,7211.0
CLM-00709,2019,cyber,B,1382000.0,3,50000,5000000.0,52,134236.0,148881.0,119452.0,29429.0
CLM-00710,2020,property,B,977000.0,0,25000,5000000.0,26,66902.0,71769.0,31722.0,40047.0
CLM-00711,2018,property,D,1056000.0,4,250000,2000000.0,17,77613.0,83564.0,24939.0,58625.0
CLM-00712,2019,general_liability,B,668000.0,2,50000,1000000.0,35,125812.0,129841.0,82565.0,47276.0
CLM-00713,2020,property,C,3099000.0,2,50000,1000000.0,53,563764.0,630849.0,494884.0,135965.0
CLM-00714,2019,property,D,5921000.0,3,50000,2000000.0,60,126796.0,121337.0,125920.0,0.0
CLM-00715,2020,general_liability,C,4704000.0,2,50000,10000000.0,49,25249.0,25260.0,23291.0,1969.0
CLM-00716,2018,general_liability,A,754000.0,3,100000,2000000.0,15,70258.0,77218.0,20665.0,56553.0
CLM-00717,2022,property,B,3090000.0,1,50000,2000000.0,13,57246.0,53424.0,13460.0,39964.0
CLM-00718,2018,auto,A,4695000.0,1,50000,1000000.0,35,53625.0,59096.0,36814.0,22282.0
CLM-00719,2019,cyber,B,1521000.0,2,250000,10000000.0,25,115443.0,114075.0,56116.0,57959.0
CLM-00720,2024,general_liability,D,2126000.0,0,100000,2000000.0,37,86590.0,80648.0,66065.0,14583.0
CLM-00721,2018,property,B,600000.0,0,100000,5000000.0,56,37103.0,34127.0,33832.0,295.0
CLM-00722,2019,property,B,2347000.0,1,25000,5000000.0,33,65796.0,73083.0,43756.0,29327.0
CLM-00723,2021,property,A,1057000.0,0,25000,2000000.0,22,144029.0,157662.0,59123.0,98539.0
CLM-00724,2020,auto,D,2254000.0,3,50000,1000000.0,53,173056.0,168212.0,162126.0,6086.0
CLM-00725,2020,auto,A,784000.0,0,50000,2000000.0,27,11710.0,10880.0,6515.0,4365.0
CLM-00726,2018,property,A,2770000.0,0,50000,2000000.0,37,16640.0,16004.0,12105.0,3899.0
CLM-00727,2020,property,A,3698000.0,0,100000,5000000.0,9,59479.0,56698.0,10669.0,46029.0
CLM-00728,2023,general_liability,A,1250000.0,0,25000,5000000.0,31,14479.0,15685.0,9177.0,6508.0
CLM-00729,2022,general_liability,B,1011000.0,3,25000,1000000.0,26,16777.0,16003.0,8986.0,7017.0
CLM-00730,2024,business_interruption,B,549000.0,3,50000,2000000.0,8,104110.0,99324.0,15291.0,84033.0
CLM-00731,2022,property,A,1705000.0,0,25000,1000000.0,13,80063.0,72703.0,19068.0,53635.0
CLM-00732,2023,property,A,1411000.0,1,50000,1000000.0,43,32077.0,33656.0,26798.0,6858.0
CLM-00733,2021,general_liability,A,789000.0,1,100000,5000000.0,11,50321.0,53956.0,11524.0,42432.0
CLM-00734,2022,property,B,2625000.0,1,50000,5000000.0,8,87703.0,93261.0,13499.0,79762.0
CLM-00735,2022,property,A,1527000.0,1,100000,5000000.0,4,78365.0,81668.0,5875.0,75793.0
CLM-00736,2023,general_liability,B,1049000.0,2,50000,1000000.0,2,109904.0,125457.0,5114.0,120343.0
CLM-00737,2021,general_liability,A,1434000.0,4,100000,2000000.0,27,5465.0,5564.0,2643.0,2921.0
CLM-00738,2020,property,A,3804000.0,1,25000,2000000.0,30,46106.0,51410.0,25260.0,26150.0
CLM-00739,2018,auto,B,2872000.0,1,100000,10000000.0,38,120692.0,128115.0,83350.0,44765.0
CLM-00740,2024,general_liability,B,1850000.0,2,100000,5000000.0,35,50793.0,46782.0,31636.0,15146.0
CLM-00741,2021,property,A,2900000.0,2,25000,10000000.0,33,59868.0,66006.0,39444.0,26562.0
CLM-00742,2023,cyber,A,997000.0,0,50000,1000000.0,60,74311.0,77737.0,66792.0,10945.0
CLM-00743,2022,property,C,2039000.0,3,100000,2000000.0,15,124502.0,132393.0,34054.0,98339.0
CLM-00744,2018,business_interruption,A,2185000.0,1,25000,5000000.0,43,193622.0,182984.0,160763.0,22221.0
CLM-00745,2022,business_interruption,B,1509000.0,1,100000,2000000.0,5,177776.0,179442.0,16639.0,162803.0
CLM-00746,2021,general_liability,B,2597000.0,3,250000,5000000.0,51,77887.0,87245.0,70796.0,16449.0
CLM-00747,2019,property,A,1252000.0,3,100000,2000000.0,22,42577.0,40612.0,17511.0,23101.0
CLM-00748,2019,cyber,B,2716000.0,2,50000,10000000.0,21,6221.0,5599.0,2315.0,3284.0
CLM-00749,2022,general_liability,C,2785000.0,2,50000,1000000.0,9,86107.0,83040.0,15390.0,67650.0
CLM-00750,2018,property,C,347000.0,2,250000,10000000.0,31,20304.0,20748.0,11364.0,9384.0
CLM-00751,2022,auto,A,4085000.0,2,50000,2000000.0,24,77039.0,85153.0,34008.0,51145.0
CLM-00752,2023,general_liability,A,321000.0,0,25000,2000000.0,59,32684.0,34672.0,28714.0,5958.0
CLM-00753,2018,cyber,A,1382000.0,1,25000,2000000.0,11,83140.0,93929.0,17142.0,76787.0
CLM-00754,2018,auto,B,3700000.0,3,100000,2000000.0,26,332774.0,337397.0,157546.0,179851.0
CLM-00755,2018,cyber,B,1653000.0,2,50000,10000000.0,55,69782.0,69622.0,62946.0,6676.0
CLM-00756,2023,auto,A,830000.0,0,25000,10000000.0,49,281229.0,269376.0,249307.0,20069.0
CLM-00757,2023,auto,A,1038000.0,1,50000,10000000.0,46,51004.0,48684.0,41996.0,6688.0
CLM-00758,2024,general_liability,D,3704000.0,2,100000,10000000.0,32,54138.0,58687.0,35391.0,23296.0
CLM-00759,2018,business_interruption,A,631000.0,2,50000,5000000.0,53,23865.0,21958.0,21379.0,579.0
CLM-00760,2021,business_interruption,B,3937000.0,0,100000,2000000.0,14,54082.0,51955.0,13633.0,38322.0
CLM-00761,2018,cyber,C,1935000.0,1,100000,5000000.0,49,165889.0,186040.0,153983.0,32057.0
CLM-00762,2020,cyber,A,978000.0,1,250000,1000000.0,35,17379.0,18148.0,11006.0,7142.0
CLM-00763,2020,auto,A,1410000.0,1,100000,5000000.0,21,34161.0,31143.0,14437.0,16706.0
CLM-00764,2022,property,A,1086000.0,0,25000,2000000.0,14,33417.0,35959.0,8375.0,27584.0
CLM-00765,2024,cyber,D,3363000.0,7,50000,5000000.0,32,171276.0,175844.0,105014.0,70830.0
CLM-00766,2023,property,A,3104000.0,2,25000,2000000.0,1,122342.0,136244.0,6066.0,130178.0
CLM-00767,2018,property,A,713000.0,2,250000,2000000.0,43,72675.0,77806.0,56891.0,20915.0
CLM-00768,2019,general_liability,A,1570000.0,0,25000,1000000.0,15,121032.0,109063.0,33292.0,75771.0
CLM-00769,2019,auto,A,1192000.0,2,50000,2000000.0,24,34445.0,32772.0,16190.0,16582.0
CLM-00770,2019,auto,B,4346000.0,1,100000,2000000.0,12,247885.0,239083.0,717249.0,177299.0
CLM-00771,2020,property,A,890000.0,0,25000,1000000.0,28,10769.0,11583.0,5703.0,5880.0
CLM-00772,2022,property,B,5237000.0,3,100000,1000000.0,23,29600.0,30409.0,13436.0,16973.0
CLM-00773,2023,property,B,1960000.0,3,25000,2000000.0,12,27091.0,29444.0,5912.0,23532.0
CLM-00774,2024,general_liability,C,996000.0,0,50000,2000000.0,54,76759.0,78925.0,72630.0,6295.0
CLM-00775,2022,property,A,1332000.0,1,50000,5000000.0,46,129955.0,127596.0,110579.0,17017.0
CLM-00776,2020,auto,C,1236000.0,4,50000,1000000.0,24,64355.0,59587.0,30311.0,29276.0
CLM-00777,2019,property,B,931000.0,0,50000,2000000.0,4,34346.0,32651.0,2471.0,30180.0
CLM-00778,2020,general_liability,A,2117000.0,2,250000,1000000.0,51,44100.0,44109.0,40958.0,3151.0
CLM-00779,2023,general_liability,C,957000.0,2,50000,2000000.0,42,148107.0,153715.0,114770.0,38945.0
CLM-00780,2024,general_liability,C,541000.0,2,50000,2000000.0,34,49895.0,56614.0,33655.0,22959.0
CLM-00781,2020,cyber,A,1593000.0,2,100000,5000000.0,37,30868.0,29631.0,22893.0,6738.0
CLM-00782,2019,property,D,678000.0,3,100000,2000000.0,1,37165.0,39637.0,1816.0,37821.0
CLM-00783,2018,general_liability,B,1274000.0,1,25000,2000000.0,29,36943.0,34658.0,22294.0,12364.0
CLM-00784,2018,auto,B,1159000.0,0,250000,1000000.0,12,160771.0,173382.0,36933.0,136449.0
CLM-00785,2022,property,D,1186000.0,1,25000,2000000.0,40,132669.0,119778.0,105095.0,14683.0
CLM-00786,2022,cyber,B,6644000.0,6,50000,2000000.0,56,71589.0,76169.0,61048.0,15121.0
CLM-00787,2022,business_interruption,C,2069000.0,4,50000,5000000.0,32,382861.0,360197.0,251607.0,108590.0
CLM-00788,2018,auto,A,2317000.0,1,100000,2000000.0,37,29867.0,28227.0,21695.0,6532.0
CLM-00789,2021,business_interruption,C,689000.0,2,25000,5000000.0,41,292425.0,304042.0,228099.0,75943.0
CLM-00790,2019,general_liability,B,1351000.0,1,25000,2000000.0,56,221813.0,220449.0,202991.0,17458.0
CLM-00791,2020,general_liability,A,2276000.0,1,100000,1000000.0,3,52952.0,53896.0,3189.0,50707.0
CLM-00792,2022,property,B,1082000.0,4,25000,2000000.0,19,19578.0,19132.0,7556.0,11576.0
CLM-00793,2019,property,A,3449000.0,1,50000,1000000.0,17,438538.0,499217.0,150840.0,348377.0
CLM-00794,2022,property,A,972000.0,0,100000,2000000.0,43,53241.0,51786.0,44194.0,7592.0
CLM-00795,2020,general_liability,A,1684000.0,2,50000,5000000.0,27,37795.0,39137.0,19254.0,19883.0
CLM-00796,2021,general_liability,A,1407000.0,2,25000,5000000.0,47,114349.0,127338.0,111052.0,16286.0
CLM-00797,2021,property,A,2207000.0,0,50000,2000000.0,29,86778.0,92509.0,49552.0,42957.0
CLM-00798,2020,auto,A,1362000.0,0,250000,1000000.0,59,133015.0,130447.0,123910.0,6537.0
CLM-00799,2018,property,C,1700000.0,3,50000,5000000.0,47,60942.0,63264.0,56077.0,7187.0
CLM-00800,2022,general_liability,C,1736000.0,3,25000,1000000.0,2,148101.0,136364.0,6994.0,129370.0
CLM-00801,2024,property,C,1287000.0,3,25000,2000000.0,60,35487.0,36779.0,33960.0,2819.0
CLM-00802,2022,auto,A,2676000.0,0,50000,5000000.0,58,88160.0,88852.0,82251.0,6601.0
CLM-00803,2023,general_liability,C,2308000.0,2,250000,2000000.0,3,107966.0,117627.0,6622.0,111005.0
CLM-00804,2023,auto,B,1896000.0,2,50000,1000000.0,24,95223.0,105886.0,46610.0,59276.0
CLM-00805,2018,property,A,1545000.0,1,25000,2000000.0,59,40062.0,38055.0,36710.0,1345.0
CLM-00806,2023,general_liability,A,3225000.0,0,50000,5000000.0,51,40456.0,37235.0,35410.0,1825.0
CLM-00807,2019,business_interruption,B,1736000.0,1,25000,1000000.0,29,30565.0,30493.0,17294.0,13199.0
CLM-00808,2022,property,A,1664000.0,0,25000,5000000.0,33,87538.0,90474.0,56759.0,33715.0
CLM-00809,2024,general_liability,B,2130000.0,1,250000,2000000.0,2,268578.0,267020.0,12469.0,254551.0
CLM-00810,2024,property,D,5535000.0,4,100000,2000000.0,34,138400.0,146308.0,96424.0,49884.0
CLM-00811,2020,property,A,895000.0,3,25000,1000000.0,40,77002.0,79036.0,55438.0,23598.0
CLM-00812,2023,general_liability,A,3174000.0,0,50000,5000000.0,22,74522.0,84520.0,30505.0,54015.0
CLM-00813,2022,property,D,642000.0,3,25000,2000000.0,19,123949.0,124240.0,48075.0,76165.0
CLM-00814,2018,general_liability,B,2278000.0,1,25000,5000000.0,50,18088.0,16652.0,17924.0,0.0
CLM-00815,2019,business_interruption,A,5146000.0,2,50000,2000000.0,27,20728.0,20220.0,10655.0,9565.0
CLM-00816,2024,property,C,2681000.0,0,50000,1000000.0,16,48281.0,50766.0,14145.0,36621.0
CLM-00817,2024,property,C,2216000.0,3,100000,2000000.0,23,17239.0,16619.0,7542.0,9077.0
CLM-00818,2024,cyber,B,1429000.0,2,100000,2000000.0,30,244655.0,236642.0,140436.0,96206.0
CLM-00819,2020,general_liability,B,2038000.0,1,25000,2000000.0,16,96766.0,95304.0,29931.0,65373.0
CLM-00820,2020,cyber,A,1719000.0,0,250000,5000000.0,34,42176.0,45826.0,26623.0,19203.0
CLM-00821,2023,general_liability,A,1248000.0,1,50000,10000000.0,52,6035.0,6850.0,5413.0,1437.0
CLM-00822,2018,auto,B,1681000.0,0,25000,5000000.0,45,11843.0,11696.0,10529.0,1167.0
CLM-00823,2024,business_interruption,A,2253000.0,0,100000,2000000.0,14,46263.0,43898.0,12728.0,31170.0
CLM-00824,2022,property,B,1262000.0,0,25000,2000000.0,29,335288.0,337018.0,192303.0,144715.0
CLM-00825,2022,cyber,C,1233000.0,2,50000,5000000.0,33,50247.0,49642.0,31318.0,18324.0
CLM-00826,2021,auto,A,884000.0,3,100000,2000000.0,41,101491.0,116462.0,78062.0,38400.0
CLM-00827,2024,cyber,B,2528000.0,1,25000,5000000.0,46,47623.0,48383.0,41199.0,7184.0
CLM-00828,2023,property,A,2774000.0,2,100000,5000000.0,30,60230.0,64435.0,37368.0,27067.0
CLM-00829,2018,general_liability,C,2298000.0,3,25000,2000000.0,19,355883.0,401595.0,128092.0,273503.0
CLM-00830,2021,property,A,3569000.0,1,100000,10000000.0,40,41268.0,43631.0,32358.0,11273.0
CLM-00831,2024,business_interruption,B,2108000.0,4,25000,5000000.0,8,47881.0,46078.0,7409.0,38669.0
CLM-00832,2018,property,B,2530000.0,1,25000,2000000.0,41,262879.0,276510.0,220373.0,56137.0
CLM-00833,2023,property,B,2400000.0,0,50000,10000000.0,54,69633.0,69666.0,63043.0,6623.0
CLM-00834,2019,cyber,B,1893000.0,1,100000,1000000.0,43,182181.0,183199.0,149351.0,33848.0
CLM-00835,2021,general_liability,C,1454000.0,1,25000,1000000.0,27,48922.0,56007.0,26870.0,29137.0
CLM-00836,2024,auto,B,7551000.0,2,100000,2000000.0,50,370481.0,359236.0,323854.0,35382.0
CLM-00837,2021,property,C,1525000.0,3,25000,2000000.0,32,137708.0,140081.0,86218.0,53863.0
CLM-00838,2018,auto,D,1341000.0,3,50000,2000000.0,33,218774.0,205640.0,136868.0,68772.0
CLM-00839,2018,property,B,2595000.0,2,50000,10000000.0,52,90039.0,85054.0,89847.0,0.0
CLM-00840,2023,general_liability,B,2326000.0,1,25000,2000000.0,12,45581.0,47900.0,10919.0,36981.0
CLM-00841,2024,general_liability,A,861000.0,1,250000,2000000.0,47,39427.0,42887.0,32876.0,10011.0
CLM-00842,2020,general_liability,C,3923000.0,2,50000,5000000.0,41,84501.0,89496.0,70440.0,19056.0
CLM-00843,2024,property,B,1890000.0,2,50000,1000000.0,32,175232.0,172134.0,111620.0,60514.0
CLM-00844,2021,property,B,1027000.0,2,50000,5000000.0,5,52841.0,48344.0,5142.0,43202.0
CLM-00845,2018,auto,A,4081000.0,1,50000,2000000.0,46,15152.0,15418.0,12857.0,2561.0
CLM-00846,2021,property,C,2911000.0,1,50000,10000000.0,14,23784.0,24404.0,6052.0,18352.0
CLM-00847,2024,property,B,937000.0,1,100000,5000000.0,54,12098.0,13219.0,11424.0,1795.0
CLM-00848,2019,general_liability,B,5809000.0,2,50000,1000000.0,48,170614.0,180863.0,156281.0,24582.0
CLM-00849,2024,general_liability,A,2970000.0,0,50000,1000000.0,22,17622.0,19698.0,7909.0,11789.0
CLM-00850,2022,auto,D,1988000.0,3,50000,1000000.0,27,213842.0,234316.0,106977.0,127339.0
CLM-00851,2020,general_liability,A,5193000.0,0,50000,10000000.0,2,64594.0,64043.0,3054.0,60989.0
CLM-00852,2022,cyber,A,2201000.0,1,50000,5000000.0,30,47104.0,49839.0,26123.0,23716.0
CLM-00853,2020,auto,C,1967000.0,5,50000,2000000.0,4,199750.0,217093.0,15738.0,201355.0
CLM-00854,2018,cyber,D,1346000.0,5,50000,1000000.0,60,200363.0,228258.0,171762.0,56496.0
CLM-00855,2024,auto,A,2836000.0,0,100000,5000000.0,39,4285.0,4309.0,3164.0,1145.0
CLM-00856,2020,property,B,2662000.0,2,250000,1000000.0,15,60152.0,63886.0,16465.0,47421.0
CLM-00857,2021,business_interruption,C,2018000.0,3,250000,5000000.0,49,169270.0,168960.0,159264.0,9696.0
CLM-00858,2023,cyber,C,1245000.0,1,100000,5000000.0,2,381616.0,413846.0,17125.0,396721.0
CLM-00859,2018,auto,B,2162000.0,0,50000,2000000.0,33,297064.0,335088.0,197232.0,137856.0
CLM-00860,2023,property,B,1918000.0,1,100000,2000000.0,7,20073.0,22679.0,2539.0,20140.0
CLM-00861,2020,property,C,899000.0,2,25000,1000000.0,4,63561.0,59701.0,4944.0,54757.0
CLM-00862,2021,auto,C,827000.0,7,50000,2000000.0,15,31074.0,29552.0,9119.0,20433.0
CLM-00863,2021,general_liability,C,2807000.0,2,25000,10000000.0,18,454547.0,494880.0,145452.0,349428.0
CLM-00864,2023,auto,B,420000.0,2,25000,5000000.0,44,126226.0,133516.0,98976.0,34540.0
CLM-00865,2019,general_liability,A,2262000.0,0,250000,5000000.0,54,63622.0,71656.0,57020.0,14636.0
CLM-00866,2018,general_liability,D,1501000.0,4,100000,2000000.0,47,191405.0,187280.0,176427.0,10853.0
CLM-00867,2020,property,C,4385000.0,1,50000,1000000.0,45,413845.0,460198.0,385805.0,74393.0
CLM-00868,2018,property,C,1487000.0,4,25000,5000000.0,34,344729.0,369185.0,210881.0,158304.0
CLM-00869,2019,property,A,2971000.0,1,50000,2000000.0,23,152603.0,144800.0,69866.0,74934.0
CLM-00870,2022,cyber,A,1576000.0,2,50000,1000000.0,16,75047.0,69916.0,23863.0,46053.0
CLM-00871,2023,auto,C,2141000.0,2,100000,2000000.0,57,78995.0,84973.0,75079.0,9894.0
CLM-00872,2022,business_interruption,A,3112000.0,0,250000,5000000.0,32,100244.0,94191.0,61979.0,32212.0
CLM-00873,2020,auto,D,1515000.0,4,50000,5000000.0,34,344353.0,378300.0,242703.0,135597.0
CLM-00874,2023,cyber,B,3637000.0,3,25000,1000000.0,1,79407.0,82526.0,3674.0,78852.0
CLM-00875,2020,general_liability,C,1102000.0,1,25000,5000000.0,28,61654.0,62839.0,35092.0,27747.0
CLM-00876,2019,cyber,C,2387000.0,4,25000,2000000.0,41,361719.0,350463.0,274790.0,75673.0
CLM-00877,2023,business_interruption,B,3479000.0,3,50000,2000000.0,30,416867.0,477713.0,252972.0,224741.0
CLM-00878,2021,auto,A,2972000.0,0,25000,1000000.0,37,25311.0,27350.0,19500.0,7850.0
CLM-00879,2020,property,B,6316000.0,0,25000,5000000.0,49,67162.0,73510.0,66256.0,7254.0
CLM-00880,2022,auto,B,1265000.0,0,25000,2000000.0,2,78099.0,85298.0,3497.0,81801.0
CLM-00881,2023,property,B,874000.0,2,25000,2000000.0,55,94410.0,98753.0,92231.0,6522.0
CLM-00882,2019,property,B,1101000.0,2,100000,1000000.0,50,40338.0,45781.0,34864.0,10917.0
CLM-00883,2018,auto,D,2973000.0,2,25000,5000000.0,26,907721.0,949436.0,467912.0,481524.0
CLM-00884,2021,cyber,B,2696000.0,1,100000,5000000.0,46,108984.0,112255.0,94137.0,18118.0
CLM-00885,2018,property,A,2127000.0,2,25000,2000000.0,4,86513.0,83782.0,6840.0,76942.0
CLM-00886,2022,property,B,1020000.0,0,25000,10000000.0,19,262781.0,255012.0,94847.0,160165.0
CLM-00887,2021,cyber,B,3169000.0,3,25000,1000000.0,7,60799.0,65920.0,7549.0,58371.0
CLM-00888,2019,property,A,959000.0,0,100000,1000000.0,39,34582.0,34018.0,24858.0,9160.0
CLM-00889,2022,property,A,4009000.0,2,25000,2000000.0,52,20339.0,22010.0,17417.0,4593.0
CLM-00890,2020,auto,B,11107000.0,2,50000,5000000.0,37,98510.0,112122.0,69411.0,42711.0
CLM-00891,2020,cyber,A,2492000.0,0,25000,2000000.0,43,12449.0,12571.0,10885.0,1686.0
CLM-00892,2019,general_liability,D,2838000.0,3,250000,2000000.0,9,349749.0,323284.0,63001.0,260283.0
CLM-00893,2022,general_liability,A,1488000.0,0,25000,2000000.0,57,60991.0,65055.0,59060.0,5995.0
CLM-00894,2024,general_liability,A,675000.0,2,50000,2000000.0,12,31367.0,28305.0,7615.0,20690.0
CLM-00895,2022,property,C,1393000.0,2,100000,5000000.0,32,88753.0,97340.0,53594.0,43746.0
CLM-00896,2019,cyber,C,1038000.0,2,25000,10000000.0,41,179113.0,184740.0,141656.0,43084.0
CLM-00897,2023,cyber,A,839000.0,2,25000,2000000.0,52,15291.0,15634.0,14164.0,1470.0
CLM-00898,2018,general_liability,A,5621000.0,2,100000,5000000.0,57,82167.0,85648.0,71237.0,14411.0
CLM-00899,2020,property,A,2356000.0,1,25000,2000000.0,36,95314.0,98088.0,67176.0,30912.0
CLM-00900,2018,property,B,2512000.0,2,25000,2000000.0,35,15952.0,15648.0,11143.0,4505.0
CLM-00901,2023,property,B,1662000.0,1,50000,2000000.0,26,122343.0,118719.0,62402.0,56317.0
CLM-00902,2018,property,A,1803000.0,2,25000,10000000.0,35,11405.0,11449.0,7999.0,3450.0
CLM-00903,2021,property,A,3568000.0,3,250000,1000000.0,41,59474.0,66833.0,44087.0,22746.0
CLM-00904,2019,cyber,B,1962000.0,1,50000,5000000.0,39,24163.0,22564.0,18930.0,3634.0
CLM-00905,2019,property,D,2750000.0,4,50000,1000000.0,36,695338.0,682259.0,459560.0,222699.0
CLM-00906,2022,auto,B,1778000.0,1,25000,5000000.0,27,23709.0,22478.0,13090.0,9388.0
CLM-00907,2023,general_liability,B,1629000.0,0,50000,1000000.0,12,13738.0,13831.0,3046.0,10785.0
CLM-00908,2018,cyber,A,860000.0,1,50000,10000000.0,4,44509.0,41544.0,3426.0,38118.0
CLM-00909,2019,business_interruption,A,610000.0,2,25000,5000000.0,26,27044.0,29483.0,13522.0,15961.0
CLM-00910,2020,general_liability,A,1710000.0,3,100000,1000000.0,24,14202.0,13149.0,6322.0,6827.0
CLM-00911,2024,property,C,2069000.0,1,50000,5000000.0,37,158916.0,169455.0,110769.0,58686.0
CLM-00912,2018,auto,C,924000.0,3,100000,5000000.0,55,15820.0,15297.0,13887.0,1410.0
CLM-00913,2019,property,D,1959000.0,3,25000,2000000.0,43,63999.0,65154.0,53635.0,11519.0
CLM-00914,2020,property,D,2066000.0,5,25000,2000000.0,49,115248.0,109485.0,113744.0,0.0
CLM-00915,2020,property,D,549000.0,3,100000,5000000.0,35,243584.0,263693.0,159406.0,104287.0
CLM-00916,2018,cyber,D,1155000.0,1,100000,5000000.0,56,389679.0,443092.0,360924.0,82168.0
CLM-00917,2021,property,A,2554000.0,3,50000,2000000.0,57,164070.0,156758.0,160671.0,0.0
CLM-00918,2022,general_liability,A,2523000.0,3,25000,5000000.0,10,52815.0,60119.0,10099.0,50020.0
CLM-00919,2019,general_liability,A,1001000.0,0,100000,2000000.0,39,4259.0,4179.0,3373.0,806.0
CLM-00920,2022,auto,B,2199000.0,3,25000,1000000.0,31,118172.0,122835.0,69982.0,52853.0
CLM-00921,2018,property,A,3694000.0,0,50000,2000000.0,59,197072.0,211931.0,180525.0,31406.0
CLM-00922,2023,cyber,C,3188000.0,2,50000,1000000.0,36,362722.0,344520.0,237652.0,106868.0
CLM-00923,2019,auto,B,1889000.0,1,25000,2000000.0,1,103445.0,104603.0,4493.0,100110.0
CLM-00924,2019,general_liability,B,1510000.0,0,25000,2000000.0,13,20406.0,18711.0,5205.0,13506.0
CLM-00925,2019,general_liability,A,1371000.0,1,25000,2000000.0,8,27646.0,29699.0,4488.0,25211.0
CLM-00926,2024,cyber,A,2648000.0,0,250000,1000000.0,13,275134.0,276277.0,828831.0,211425.0
CLM-00927,2021,cyber,A,2248000.0,0,50000,5000000.0,6,12947.0,14538.0,1597.0,12941.0
CLM-00928,2022,general_liability,C,2918000.0,2,50000,2000000.0,47,41598.0,40288.0,36814.0,3474.0
CLM-00929,2019,general_liability,B,2165000.0,2,250000,5000000.0,30,178534.0,201904.0,101964.0,99940.0
CLM-00930,2018,property,C,3269000.0,3,50000,2000000.0,41,88363.0,82642.0,74282.0,8360.0
CLM-00931,2018,property,A,2117000.0,1,50000,2000000.0,60,17070.0,17953.0,16804.0,1149.0
CLM-00932,2021,property,B,3203000.0,3,50000,2000000.0,39,361251.0,352925.0,272597.0,80328.0
CLM-00933,2020,property,B,3372000.0,1,50000,5000000.0,29,119367.0,112855.0,338565.0,48561.0
CLM-00934,2023,property,C,1234000.0,2,50000,1000000.0,17,66841.0,61727.0,20732.0,40995.0
CLM-00935,2023,cyber,C,676000.0,2,250000,1000000.0,46,28913.0,30761.0,24681.0,6080.0
CLM-00936,2020,cyber,A,5049000.0,0,100000,5000000.0,31,358110.0,343174.0,223669.0,119505.0
CLM-00937,2021,cyber,D,2333000.0,4,50000,5000000.0,46,180036.0,187814.0,155055.0,32759.0
CLM-00938,2020,auto,A,715000.0,0,50000,5000000.0,2,122377.0,140104.0,5839.0,134265.0
CLM-00939,2022,auto,C,1303000.0,3,100000,1000000.0,10,231323.0,226463.0,42375.0,184088.0
CLM-00940,2022,property,A,3178000.0,2,25000,1000000.0,8,37100.0,33714.0,5700.0,28014.0
CLM-00941,2022,auto,A,1691000.0,0,100000,2000000.0,41,27196.0,25447.0,20972.0,4475.0
CLM-00942,2018,property,C,1471000.0,4,25000,5000000.0,32,424769.0,394963.0,262094.0,132869.0
CLM-00943,2020,general_liability,A,4635000.0,0,100000,2000000.0,20,207069.0,210345.0,80713.0,129632.0
CLM-00944,2024,business_interruption,B,1067000.0,1,100000,1000000.0,19,10917.0,11858.0,4315.0,7543.0
CLM-00945,2020,cyber,B,1239000.0,1,50000,1000000.0,37,100661.0,98055.0,76428.0,21627.0
CLM-00946,2019,property,A,2270000.0,0,25000,2000000.0,58,41647.0,39001.0,39747.0,0.0
CLM-00947,2019,auto,C,2528000.0,3,100000,5000000.0,60,48194.0,51095.0,42076.0,9019.0
CLM-00948,2018,property,C,2694000.0,6,50000,1000000.0,29,199678.0,194745.0,119174.0,75571.0
CLM-00949,2023,property,C,3455000.0,2,50000,1000000.0,41,36187.0,37772.0,30412.0,7360.0
CLM-00950,2018,property,A,2253000.0,0,50000,2000000.0,6,30467.0,34533.0,3744.0,30789.0
CLM-00951,2022,property,B,2683000.0,1,50000,1000000.0,57,36288.0,35302.0,33452.0,1850.0
CLM-00952,2020,auto,A,1712000.0,2,50000,2000000.0,2,32394.0,33305.0,1418.0,31887.0
CLM-00953,2018,general_liability,A,2077000.0,1,25000,1000000.0,21,46144.0,50837.0,19444.0,31393.0
CLM-00954,2024,property,A,2133000.0,2,50000,5000000.0,44,21515.0,23084.0,17913.0,5171.0
CLM-00955,2023,business_interruption,D,2276000.0,1,100000,5000000.0,59,592791.0,644879.0,534511.0,4742328.0
CLM-00956,2023,general_liability,C,3179000.0,3,25000,10000000.0,11,201638.0,220419.0,41986.0,178433.0
CLM-00957,2024,general_liability,C,2791000.0,3,50000,10000000.0,40,629599.0,651622.0,489965.0,161657.0
CLM-00958,2024,general_liability,B,2054000.0,2,50000,2000000.0,12,65317.0,67539.0,14697.0,52842.0
CLM-00959,2022,general_liability,B,1231000.0,2,100000,1000000.0,4,40505.0,43734.0,3218.0,40516.0
CLM-00960,2021,general_liability,B,2083000.0,2,50000,2000000.0,26,368486.0,395906.0,189050.0,2947888.0
CLM-00961,2022,auto,B,1967000.0,1,100000,5000000.0,35,40946.0,43710.0,27657.0,16053.0
CLM-00962,2021,cyber,B,2246000.0,1,25000,1000000.0,16,60655.0,60384.0,17349.0,43035.0
CLM-00963,2019,general_liability,A,7516000.0,2,50000,2000000.0,59,140566.0,155626.0,139228.0,16398.0
CLM-00964,2020,general_liability,A,1461000.0,1,250000,2000000.0,37,14794.0,14188.0,10397.0,3791.0
CLM-00965,2021,property,D,2577000.0,3,100000,1000000.0,27,330365.0,310191.0,170484.0,139707.0
CLM-00966,2018,cyber,B,3797000.0,2,50000,5000000.0,30,148701.0,146662.0,85355.0,61307.0
CLM-00967,2023,general_liability,D,2121000.0,2,50000,5000000.0,28,479978.0,462439.0,253320.0,209119.0
CLM-00968,2024,property,A,8132000.0,1,50000,2000000.0,7,154218.0,164365.0,21392.0,142973.0
CLM-00969,2020,business_interruption,B,1594000.0,2,25000,10000000.0,37,228131.0,218493.0,149840.0,68653.0
CLM-00970,2021,auto,A,2429000.0,3,100000,1000000.0,48,54373.0,57860.0,53341.0,4519.0
CLM-00971,2023,property,A,1238000.0,1,100000,1000000.0,26,19893.0,20456.0,9325.0,11131.0
CLM-00972,2021,property,A,1620000.0,2,50000,2000000.0,26,334611.0,313903.0,181240.0,132663.0
CLM-00973,2022,general_liability,A,2322000.0,2,25000,5000000.0,55,13873.0,13382.0,13099.0,283.0
CLM-00974,2021,business_interruption,D,3323000.0,6,50000,2000000.0,37,65348.0,67337.0,43317.0,24020.0
CLM-00975,2019,general_liability,A,2422000.0,2,25000,1000000.0,18,92124.0,99796.0,32279.0,67517.0
CLM-00976,2023,property,B,4257000.0,0,100000,10000000.0,1,332954.0,332808.0,14978.0,317830.0
CLM-00977,2019,auto,B,1889000.0,1,50000,2000000.0,50,80881.0,77501.0,80311.0,0.0
CLM-00978,2019,general_liability,B,1639000.0,1,25000,2000000.0,38,161785.0,157541.0,123382.0,34159.0
CLM-00979,2022,property,B,10130000.0,3,50000,5000000.0,38,20207.0,18667.0,14814.0,3853.0
CLM-00980,2022,cyber,A,2534000.0,3,250000,10000000.0,17,38715.0,35087.0,12539.0,22548.0
CLM-00981,2024,property,D,1299000.0,3,25000,5000000.0,12,27173.0,31066.0,6789.0,24277.0
CLM-00982,2022,cyber,C,1319000.0,2,50000,10000000.0,30,193439.0,178757.0,114867.0,63890.0
CLM-00983,2018,cyber,C,1136000.0,2,50000,1000000.0,46,22937.0,21359.0,20379.0,980.0
CLM-00984,2023,property,B,3508000.0,2,25000,5000000.0,18,27306.0,30521.0,9315.0,21206.0
CLM-00985,2020,auto,A,1607000.0,0,50000,5000000.0,32,67666.0,72124.0,40540.0,31584.0
CLM-00986,2018,cyber,D,2159000.0,3,50000,2000000.0,60,433299.0,437207.0,414153.0,23054.0
CLM-00987,2022,auto,A,1925000.0,0,25000,2000000.0,14,38630.0,41035.0,10571.0,30464.0
CLM-00988,2019,auto,A,3102000.0,0,25000,10000000.0,14,83893.0,95113.0,23912.0,71201.0
CLM-00989,2020,property,A,1203000.0,2,100000,1000000.0,15,75459.0,69788.0,22002.0,47786.0
CLM-00990,2021,property,C,1049000.0,3,50000,2000000.0,55,80758.0,77603.0,232809.0,1905.0
CLM-00991,2018,auto,B,2288000.0,3,50000,5000000.0,32,31345.0,34952.0,19258.0,15694.0
CLM-00992,2023,property,C,2868000.0,1,50000,10000000.0,56,178606.0,195602.0,172246.0,23356.0
CLM-00993,2021,property,C,2442000.0,2,100000,10000000.0,57,194099.0,222935.0,177067.0,45868.0
CLM-00994,2024,general_liability,A,1231000.0,0,100000,5000000.0,26,89117.0,87199.0,47200.0,39999.0
CLM-00995,2021,property,D,3003000.0,3,100000,1000000.0,4,239640.0,272284.0,17954.0,254330.0
CLM-00996,2022,cyber,B,1280000.0,2,50000,10000000.0,19,23416.0,23086.0,8841.0,14245.0
CLM-00997,2023,cyber,B,1463000.0,3,50000,2000000.0,33,139743.0,150751.0,94531.0,56220.0
CLM-00998,2019,cyber,A,1135000.0,1,50000,5000000.0,23,42258.0,47358.0,19547.0,27811.0
CLM-00999,2024,property,D,4366000.0,4,50000,2000000.0,1,139404.0,131416.0,6283.0,125133.0
CLM-01000,2019,general_liability,A,2925000.0,0,50000,5000000.0,60,37960.0,36116.0,36288.0,0.0
CLM-01001,2024,cyber,A,2875000.0,0,25000,2000000.0,19,26474.0,27672.0,9233.0,18439.0
CLM-01002,2022,general_liability,B,4227000.0,1,50000,5000000.0,38,185621.0,206217.0,126190.0,80027.0
CLM-01003,2021,auto,A,10813000.0,1,50000,1000000.0,57,20744.0,19079.0,20095.0,0.0
CLM-01004,2019,auto,A,717000.0,1,25000,1000000.0,33,15426.0,17165.0,10300.0,6865.0
CLM-01005,2021,general_liability,B,1284000.0,0,25000,2000000.0,42,42520.0,41915.0,31752.0,10163.0
CLM-01006,2021,property,B,1382000.0,1,100000,1000000.0,3,269518.0,269938.0,16713.0,253225.0
CLM-01007,2024,auto,D,1200000.0,1,50000,5000000.0,42,316654.0,311893.0,254043.0,57850.0
CLM-01008,2023,property,A,1048000.0,2,100000,2000000.0,51,10261.0,11573.0,10115.0,1458.0
CLM-01009,2021,cyber,C,1671000.0,2,50000,2000000.0,56,343073.0,319984.0,332172.0,0.0
CLM-01010,2020,auto,B,964000.0,4,100000,1000000.0,6,246827.0,257581.0,30394.0,227187.0
CLM-01011,2020,property,B,2445000.0,2,100000,1000000.0,14,27393.0,25668.0,7790.0,17878.0
CLM-01012,2020,auto,B,2063000.0,1,25000,5000000.0,3,7207.0,8159.0,24477.0,7710.0
CLM-01013,2018,general_liability,B,2669000.0,1,250000,2000000.0,56,69672.0,76603.0,65796.0,10807.0
CLM-01014,2018,property,D,2712000.0,0,25000,1000000.0,17,381069.0,365237.0,119318.0,245919.0
CLM-01015,2023,business_interruption,A,2872000.0,0,50000,1000000.0,32,206286.0,201014.0,124932.0,76082.0
CLM-01016,2019,auto,A,1599000.0,1,100000,1000000.0,29,21052.0,20955.0,12246.0,8709.0
CLM-01017,2020,auto,B,7141000.0,0,50000,5000000.0,42,424801.0,425376.0,324698.0,100678.0
CLM-01018,2022,cyber,C,2302000.0,4,50000,1000000.0,54,17404.0,19220.0,17221.0,1999.0
CLM-01019,2022,general_liability,A,654000.0,1,50000,2000000.0,20,26469.0,27558.0,9714.0,17844.0
CLM-01020,2020,general_liability,B,1096000.0,0,25000,5000000.0,48,37743.0,38007.0,37041.0,966.0
CLM-01021,2023,property,C,704000.0,1,25000,2000000.0,18,213307.0,230342.0,73796.0,156546.0
CLM-01022,2019,property,C,2021000.0,1,25000,2000000.0,12,316634.0,321214.0,77266.0,243948.0
CLM-01023,2021,general_liability,D,1859000.0,1,25000,2000000.0,7,322850.0,300916.0,46788.0,254128.0
CLM-01024,2018,general_liability,B,1510000.0,2,50000,10000000.0,23,20716.0,19201.0,9066.0,10135.0
CLM-01025,2021,auto,B,6684000.0,0,50000,2000000.0,34,187666.0,184192.0,126881.0,57311.0
CLM-01026,2018,general_liability,A,2780000.0,0,50000,2000000.0,47,77256.0,81174.0,66872.0,14302.0
CLM-01027,2024,auto,D,3092000.0,4,50000,10000000.0,51,43880.0,40971.0,42569.0,0.0
CLM-01028,2022,cyber,B,1144000.0,2,25000,5000000.0,32,10142.0,10523.0,6579.0,3944.0
CLM-01029,2019,business_interruption,C,1098000.0,1,25000,5000000.0,25,215065.0,208054.0,100172.0,107882.0
CLM-01030,2022,general_liability,B,2045000.0,1,100000,5000000.0,11,59154.0,63523.0,11572.0,51951.0
CLM-01031,2020,business_interruption,B,2219000.0,1,250000,1000000.0,55,22331.0,20256.0,20426.0,0.0
CLM-01032,2021,cyber,C,657000.0,2,50000,5000000.0,24,66753.0,67905.0,29221.0,38684.0
CLM-01033,2019,property,B,1795000.0,1,25000,5000000.0,46,93435.0,85312.0,87105.0,0.0
CLM-01034,2021,general_liability,D,2017000.0,2,100000,2000000.0,38,140360.0,137922.0,98802.0,39120.0
CLM-01035,2018,property,B,1758000.0,0,100000,2000000.0,56,15297.0,13827.0,15168.0,0.0
CLM-01036,2019,auto,B,1228000.0,2,50000,1000000.0,59,362029.0,368283.0,360498.0,7785.0
CLM-01037,2022,auto,A,1447000.0,2,25000,10000000.0,43,120247.0,131280.0,106248.0,25032.0
CLM-01038,2021,general_liability,B,1799000.0,1,25000,1000000.0,40,49816.0,46083.0,39020.0,7063.0
CLM-01039,2020,cyber,B,2112000.0,2,50000,2000000.0,9,58247.0,63128.0,9721.0,53407.0
CLM-01040,2018,general_liability,A,2875000.0,2,250000,5000000.0,1,79912.0,83592.0,3880.0,79712.0
CLM-01041,2020,general_liability,A,3825000.0,1,50000,5000000.0,33,20741.0,21283.0,13621.0,7662.0
CLM-01042,2024,cyber,B,1676000.0,6,50000,1000000.0,43,132011.0,138594.0,117855.0,20739.0
CLM-01043,2022,business_interruption,B,1521000.0,3,50000,5000000.0,45,22887.0,22520.0,19452.0,3068.0
CLM-01044,2018,cyber,B,2601000.0,4,100000,2000000.0,16,88135.0,94973.0,25231.0,69742.0
CLM-01045,2024,property,A,2885000.0,0,50000,5000000.0,31,17228.0,18863.0,11124.0,7739.0
CLM-01046,2020,property,A,1541000.0,0,100000,1000000.0,52,15413.0,16870.0,15039.0,1831.0
CLM-01047,2022,property,A,3214000.0,2,50000,1000000.0,6,261492.0,252958.0,28869.0,224089.0
CLM-01048,2018,general_liability,C,3600000.0,2,50000,5000000.0,24,129919.0,138166.0,62286.0,75880.0
CLM-01049,2020,property,C,4341000.0,5,50000,1000000.0,57,197763.0,185309.0,168119.0,17190.0
CLM-01050,2023,business_interruption,A,5813000.0,0,50000,2000000.0,12,9613.0,9842.0,2244.0,7598.0
CLM-01051,2020,auto,B,1189000.0,0,250000,1000000.0,20,32765.0,29510.0,12347.0,17163.0
CLM-01052,2019,general_liability,A,2017000.0,2,50000,5000000.0,29,80148.0,76012.0,43929.0,32083.0
CLM-01053,2018,property,A,2014000.0,1,50000,5000000.0,42,58156.0,61525.0,45120.0,16405.0
CLM-01054,2024,general_liability,A,1886000.0,2,50000,5000000.0,16,7488.0,8376.0,2225.0,6151.0
CLM-01055,2023,general_liability,A,1355000.0,0,50000,10000000.0,48,49193.0,44877.0,45169.0,0.0
CLM-01056,2018,auto,B,820000.0,1,50000,10000000.0,15,76989.0,80041.0,21346.0,58695.0
CLM-01057,2024,property,D,2114000.0,3,100000,2000000.0,23,526319.0,557474.0,232010.0,325464.0
CLM-01058,2023,cyber,A,1261000.0,1,50000,2000000.0,35,24086.0,27292.0,16449.0,10843.0
CLM-01059,2020,property,B,2106000.0,2,50000,5000000.0,1,10092.0,10736.0,483.0,10253.0
CLM-01060,2022,property,C,1242000.0,0,50000,10000000.0,47,32801.0,30366.0,30562.0,0.0
CLM-01061,2019,business_interruption,D,1034000.0,2,25000,10000000.0,41,47674.0,44656.0,36091.0,8565.0
CLM-01062,2019,property,B,2302000.0,0,50000,5000000.0,51,128362.0,135928.0,109862.0,26066.0
CLM-01063,2023,property,A,2190000.0,0,50000,1000000.0,17,3992.0,3808.0,1378.0,2430.0
CLM-01064,2019,auto,B,2831000.0,3,50000,10000000.0,24,59146.0,66958.0,29007.0,37951.0
CLM-01065,2020,general_liability,A,7424000.0,2,100000,10000000.0,54,264481.0,298909.0,263644.0,35265.0
CLM-01066,2020,property,D,2362000.0,2,100000,5000000.0,5,158340.0,180059.0,16394.0,163665.0
CLM-01067,2019,property,B,2676000.0,3,100000,5000000.0,30,195614.0,190379.0,115543.0,74836.0
CLM-01068,2023,property,B,1048000.0,1,50000,2000000.0,30,13430.0,14494.0,8261.0,6233.0
CLM-01069,2022,general_liability,A,924000.0,2,50000,10000000.0,27,10297.0,10974.0,5312.0,5662.0
CLM-01070,2024,property,B,5170000.0,0,100000,1000000.0,27,295188.0,268297.0,160747.0,107550.0
CLM-01071,2021,cyber,C,1149000.0,3,50000,5000000.0,45,109858.0,106166.0,102302.0,3864.0
CLM-01072,2019,cyber,B,1069000.0,6,50000,1000000.0,12,96835.0,92157.0,23469.0,68688.0
CLM-01073,2019,property,B,1954000.0,1,50000,2000000.0,54,25141.0,24958.0,22938.0,2020.0
CLM-01074,2020,general_liability,D,1895000.0,2,100000,1000000.0,54,163022.0,185562.0,147806.0,37756.0
CLM-01075,2024,property,C,1164000.0,4,25000,2000000.0,11,38861.0,43190.0,7959.0,35231.0
CLM-01076,2019,property,A,1666000.0,2,50000,1000000.0,59,146814.0,142902.0,132875.0,10027.0
CLM-01077,2022,property,B,4182000.0,0,25000,10000000.0,16,894371.0,923445.0,290100.0,633345.0
CLM-01078,2018,cyber,B,1233000.0,1,50000,2000000.0,4,94754.0,89833.0,7543.0,82290.0
CLM-01079,2024,general_liability,B,867000.0,3,50000,5000000.0,24,37198.0,36058.0,16506.0,19552.0
CLM-01080,2022,general_liability,A,3521000.0,1,50000,2000000.0,48,5742.0,5261.0,5494.0,0.0
CLM-01081,2021,auto,A,2687000.0,1,50000,1000000.0,51,11524.0,12223.0,10451.0,1772.0
CLM-01082,2020,cyber,D,1378000.0,3,100000,5000000.0,39,603599.0,642368.0,457892.0,184476.0
CLM-01083,2020,general_liability,D,774000.0,2,100000,5000000.0,49,47137.0,52304.0,42685.0,377096.0
CLM-01084,2019,property,C,1279000.0,4,50000,2000000.0,16,79929.0,89352.0,24731.0,64621.0
CLM-01085,2022,business_interruption,D,1935000.0,3,250000,5000000.0,53,292421.0,274880.0,280569.0,0.0
CLM-01086,2024,general_liability,C,4025000.0,2,50000,5000000.0,39,480856.0,522094.0,374939.0,147155.0
CLM-01087,2019,auto,C,1074000.0,2,100000,2000000.0,9,8000000.0,71021.0,13734.0,57287.0
CLM-01088,2023,auto,C,1901000.0,1,25000,10000000.0,8,67341.0,66898.0,10198.0,56700.0
CLM-01089,2021,general_liability,B,2999000.0,2,25000,5000000.0,17,88447.0,91002.0,29871.0,61131.0
CLM-01090,2023,property,B,479000.0,2,50000,5000000.0,5,29799.0,27188.0,2750.0,24438.0
CLM-01091,2023,property,A,3719000.0,1,25000,2000000.0,17,33964.0,31899.0,11086.0,20813.0
CLM-01092,2018,general_liability,B,984000.0,1,50000,1000000.0,60,83934.0,81230.0,78685.0,2545.0
CLM-01093,2018,general_liability,A,2441000.0,1,25000,1000000.0,15,60536.0,56413.0,18028.0,38385.0
CLM-01094,2024,cyber,A,2319000.0,1,50000,5000000.0,39,344504.0,390504.0,276215.0,114289.0
CLM-01095,2019,auto,B,3834000.0,1,25000,5000000.0,59,120822.0,117449.0,108222.0,9227.0
CLM-01096,2022,business_interruption,B,2783000.0,2,25000,2000000.0,16,229359.0,235160.0,74679.0,160481.0
CLM-01097,2023,business_interruption,A,480000.0,5,250000,5000000.0,42,17917.0,20589.0,14057.0,6532.0
CLM-01098,2021,auto,C,1249000.0,3,50000,1000000.0,28,164285.0,171129.0,89392.0,1314280.0
CLM-01099,2018,property,C,2173000.0,1,250000,2000000.0,18,52286.0,52436.0,19102.0,33334.0
CLM-01100,2018,general_liability,A,1779000.0,1,50000,10000000.0,58,67579.0,76530.0,64773.0,11757.0
CLM-01101,2022,auto,A,2664000.0,1,25000,2000000.0,40,97319.0,93000.0,79431.0,13569.0
CLM-01102,2024,auto,A,3212000.0,0,50000,1000000.0,27,52984.0,50063.0,28976.0,21087.0
CLM-01103,2020,property,C,2881000.0,6,50000,2000000.0,49,1400386.0,1447777.0,1248377.0,199400.0
CLM-01104,2021,auto,C,1759000.0,2,25000,2000000.0,55,372316.0,374857.0,371922.0,2935.0
CLM-01105,2024,general_liability,A,661000.0,2,100000,5000000.0,47,115515.0,126979.0,112040.0,14939.0
CLM-01106,2023,general_liability,C,1522000.0,2,50000,10000000.0,53,197599.0,179914.0,180709.0,0.0
CLM-01107,2021,cyber,A,2568000.0,1,100000,2000000.0,20,253708.0,267518.0,90604.0,176914.0
CLM-01108,2022,general_liability,B,1040000.0,0,50000,2000000.0,21,14878.0,16034.0,5829.0,10205.0
CLM-01109,2024,general_liability,D,2921000.0,2,50000,2000000.0,14,569416.0,650831.0,161998.0,488833.0
CLM-01110,2023,auto,A,3449000.0,1,25000,2000000.0,42,22892.0,21437.0,19883.0,1554.0
CLM-01111,2020,auto,A,2158000.0,2,250000,2000000.0,49,32387.0,31142.0,31569.0,0.0
CLM-01112,2022,property,B,318000.0,1,50000,1000000.0,40,72400.0,82037.0,54874.0,27163.0
CLM-01113,2020,auto,B,929000.0,1,25000,5000000.0,36,173272.0,183262.0,111563.0,71699.0
CLM-01114,2024,general_liability,D,6202000.0,3,25000,2000000.0,47,76813.0,69862.0,69770.0,92.0
CLM-01115,2018,auto,D,1441000.0,4,50000,2000000.0,11,102865.0,94567.0,21368.0,73199.0
CLM-01116,2019,property,A,608000.0,0,250000,1000000.0,22,36480.0,39995.0,14520.0,25475.0
CLM-01117,2020,business_interruption,A,4197000.0,1,100000,5000000.0,43,49612.0,51689.0,38483.0,13206.0
CLM-01118,2019,cyber,C,2016000.0,4,100000,1000000.0,4,269693.0,280846.0,19619.0,261227.0
CLM-01119,2022,general_liability,A,3881000.0,1,250000,2000000.0,55,1267414.0,1419461.0,1116431.0,303030.0
CLM-01120,2022,general_liability,C,2362000.0,2,100000,5000000.0,11,161684.0,155261.0,35684.0,119577.0
CLM-01121,2024,general_liability,B,2633000.0,3,50000,2000000.0,48,44868.0,42181.0,40707.0,1474.0
CLM-01122,2021,auto,A,2487000.0,0,50000,10000000.0,37,40000000.0,15586.0,10441.0,5145.0
CLM-01123,2022,auto,C,3039000.0,1,25000,1000000.0,51,81331.0,91140.0,76431.0,14709.0
CLM-01124,2022,auto,A,7843000.0,1,25000,5000000.0,47,29431.0,28440.0,28646.0,0.0
CLM-01125,2018,cyber,B,3581000.0,3,50000,10000000.0,31,143034.0,153093.0,89002.0,64091.0
CLM-01126,2022,general_liability,B,775000.0,3,25000,2000000.0,46,96204.0,90248.0,87296.0,2952.0
CLM-01127,2018,auto,B,2615000.0,2,250000,5000000.0,21,52817.0,49805.0,22220.0,27585.0
CLM-01128,2021,general_liability,B,3967000.0,0,250000,2000000.0,36,452296.0,509004.0,324939.0,184065.0
CLM-01129,2024,auto,B,4116000.0,2,50000,5000000.0,55,46302.0,43037.0,44151.0,0.0
CLM-01130,2023,general_liability,D,1548000.0,2,100000,10000000.0,6,127120.0,115182.0,14690.0,100492.0
CLM-01131,2021,cyber,D,4023000.0,3,50000,5000000.0,22,346066.0,378505.0,148308.0,230197.0
CLM-01132,2020,property,B,3490000.0,2,25000,10000000.0,2,192232.0,190430.0,8835.0,181595.0
CLM-01133,2023,property,A,9362000.0,2,50000,2000000.0,33,245270.0,245065.0,153320.0,91745.0
CLM-01134,2024,property,C,1275000.0,5,25000,2000000.0,47,177640.0,195398.0,154913.0,40485.0
CLM-01135,2020,business_interruption,D,1475000.0,2,50000,2000000.0,3,360093.0,340282.0,20329.0,319953.0
CLM-01136,2018,general_liability,A,1664000.0,3,25000,5000000.0,33,30027.0,31906.0,18874.0,13032.0
CLM-01137,2022,general_liability,B,1490000.0,1,25000,5000000.0,25,146840.0,143666.0,71654.0,72012.0
CLM-01138,2022,general_liability,B,1172000.0,4,25000,5000000.0,47,173697.0,160855.0,157319.0,3536.0
CLM-01139,2024,general_liability,A,381000.0,0,250000,1000000.0,14,116017.0,124356.0,29310.0,95046.0
CLM-01140,2024,cyber,B,1541000.0,1,25000,2000000.0,10,14438.0,14144.0,2710.0,11434.0
CLM-01141,2019,business_interruption,B,2496000.0,3,50000,5000000.0,6,37924.0,42348.0,4297.0,38051.0
CLM-01142,2019,cyber,C,1488000.0,3,50000,10000000.0,25,224429.0,253551.0,111751.0,141800.0
CLM-01143,2024,cyber,C,6388000.0,1,50000,1000000.0,30,12070.0,13425.0,6789.0,6636.0
CLM-01144,2020,property,C,2016000.0,3,50000,1000000.0,56,179731.0,176242.0,152986.0,23256.0
CLM-01145,2021,property,B,4340000.0,2,25000,2000000.0,28,236079.0,226434.0,118798.0,107636.0
CLM-01146,2020,auto,A,2340000.0,0,50000,1000000.0,11,27860.0,31292.0,5903.0,25389.0
CLM-01147,2020,auto,C,3284000.0,3,50000,10000000.0,42,88541.0,89713.0,68043.0,21670.0
CLM-01148,2021,property,C,2365000.0,6,50000,2000000.0,4,58081.0,62549.0,4473.0,58076.0
CLM-01149,2020,auto,B,4547000.0,4,50000,2000000.0,21,67532.0,74744.0,27658.0,47086.0
CLM-01150,2020,property,C,2068000.0,4,50000,1000000.0,40,80778.0,78308.0,66643.0,11665.0
CLM-01151,2020,property,A,2693000.0,0,50000,2000000.0,16,26219.0,24378.0,8288.0,16090.0
CLM-01152,2018,general_liability,C,2492000.0,4,25000,10000000.0,36,67880.0,71695.0,43511.0,28184.0
CLM-01153,2023,cyber,A,1682000.0,1,50000,2000000.0,28,36579.0,38318.0,19356.0,18962.0
CLM-01154,2024,auto,A,2550000.0,0,25000,1000000.0,58,37062.0,35859.0,35914.0,0.0
CLM-01155,2021,general_liability,B,7643000.0,4,50000,1000000.0,18,664173.0,694842.0,221440.0,473402.0
CLM-01156,2019,cyber,A,1700000.0,1,50000,10000000.0,55,32827.0,36031.0,32458.0,3573.0
CLM-01157,2022,cyber,A,2572000.0,1,25000,10000000.0,38,70759.0,69875.0,52060.0,17815.0
CLM-01158,2021,general_liability,A,4254000.0,1,25000,1000000.0,45,35028.0,33647.0,28368.0,5279.0
CLM-01159,2021,cyber,B,3964000.0,2,50000,5000000.0,11,52303.0,56553.0,10623.0,45930.0
CLM-01160,2022,property,C,2014000.0,3,50000,1000000.0,2,24890.0,27291.0,1227.0,26064.0
CLM-01161,2023,general_liability,A,479000.0,1,100000,2000000.0,44,8291.0,9440.0,7590.0,1850.0
CLM-01162,2018,property,B,2727000.0,2,250000,1000000.0,29,27327.0,25603.0,16171.0,9432.0
CLM-01163,2018,general_liability,C,528000.0,3,250000,5000000.0,19,97421.0,109337.0,34633.0,74704.0
CLM-01164,2018,general_liability,A,4831000.0,1,50000,10000000.0,54,160083.0,174695.0,154532.0,20163.0
CLM-01165,2019,property,A,2214000.0,0,25000,1000000.0,20,9245.0,9943.0,3403.0,6540.0
CLM-01166,2024,general_liability,C,3644000.0,1,50000,2000000.0,27,69580.0,68068.0,35525.0,32543.0
CLM-01167,2023,auto,C,1164000.0,1,50000,1000000.0,44,25057.0,22690.0,21926.0,764.0
CLM-01168,2022,auto,B,788000.0,2,50000,2000000.0,58,46804.0,48062.0,46586.0,1476.0
CLM-01169,2022,property,C,2339000.0,4,50000,1000000.0,54,341723.0,331964.0,312977.0,18987.0
CLM-01170,2018,property,A,1960000.0,1,25000,2000000.0,40,32441.0,31547.0,24990.0,6557.0
CLM-01171,2019,general_liability,B,1489000.0,1,25000,10000000.0,7,61568.0,69682.0,7928.0,61754.0
CLM-01172,2023,cyber,C,2104000.0,1,25000,1000000.0,7,368353.0,345604.0,48909.0,296695.0
CLM-01173,2021,cyber,A,10523000.0,2,25000,5000000.0,42,120769.0,136899.0,90821.0,46078.0
CLM-01174,2021,general_liability,C,3300000.0,2,250000,1000000.0,31,60811.0,62389.0,38441.0,23948.0
CLM-01175,2023,auto,B,3754000.0,2,25000,2000000.0,8,101201.0,112290.0,14396.0,97894.0
CLM-01176,2018,auto,C,3318000.0,2,50000,2000000.0,42,57307.0,55639.0,47763.0,7876.0
CLM-01177,2023,business_interruption,B,4859000.0,1,250000,10000000.0,57,126093.0,133467.0,112347.0,21120.0
CLM-01178,2022,property,B,1784000.0,1,50000,1000000.0,4,106900.0,111085.0,8208.0,102877.0
CLM-01179,2020,general_liability,A,583000.0,0,50000,1000000.0,50,9660.0,10926.0,8619.0,2307.0
CLM-01180,2021,auto,A,1786000.0,3,50000,5000000.0,21,65105.0,61513.0,25920.0,35593.0
CLM-01181,2018,general_liability,C,3255000.0,3,50000,5000000.0,24,117051.0,111332.0,54547.0,56785.0
CLM-01182,2019,property,A,1118000.0,1,50000,5000000.0,44,68818.0,78263.0,59685.0,18578.0
CLM-01183,2019,property,A,1799000.0,2,100000,1000000.0,15,108679.0,100473.0,33658.0,66815.0
CLM-01184,2024,general_liability,A,1321000.0,2,100000,2000000.0,10,73162.0,77454.0,13715.0,63739.0
CLM-01185,2018,auto,A,4925000.0,1,100000,5000000.0,58,46483.0,42539.0,43588.0,0.0
CLM-01186,2020,auto,C,3136000.0,0,250000,5000000.0,21,234888.0,215920.0,101249.0,114671.0
CLM-01187,2018,property,B,2957000.0,0,50000,5000000.0,11,32094.0,33676.0,6572.0,27104.0
CLM-01188,2019,cyber,D,2904000.0,4,100000,2000000.0,42,59230.0,61471.0,50777.0,10694.0
CLM-01189,2018,general_liability,A,1956000.0,3,50000,2000000.0,14,3207.0,3346.0,929.0,2417.0
CLM-01190,2019,business_interruption,B,2252000.0,0,50000,10000000.0,47,61757.0,62894.0,59087.0,3807.0
CLM-01191,2023,property,B,982000.0,2,100000,5000000.0,5,29947.0,32510.0,2918.0,29592.0
CLM-01192,2023,cyber,B,539000.0,1,100000,1000000.0,32,71296.0,81851.0,45549.0,36302.0
CLM-01193,2020,business_interruption,C,2188000.0,0,100000,10000000.0,25,15721.0,15233.0,7551.0,7682.0
CLM-01194,2022,cyber,D,2429000.0,5,50000,2000000.0,58,112481.0,110328.0,105686.0,4642.0
CLM-01195,2022,cyber,C,4132000.0,5,50000,2000000.0,32,247475.0,242714.0,164352.0,78362.0
CLM-01196,2024,general_liability,A,5134000.0,0,25000,2000000.0,56,22545.0,24592.0,20012.0,4580.0
CLM-01197,2023,auto,A,5130000.0,2,50000,5000000.0,15,96591.0,95336.0,29245.0,66091.0
CLM-01198,2019,auto,B,1099000.0,0,100000,2000000.0,29,33303.0,35607.0,18630.0,16977.0
CLM-01199,2022,general_liability,A,1619000.0,1,100000,2000000.0,49,44894.0,45409.0,39351.0,6058.0
CLM-01200,2023,business_interruption,C,2668000.0,0,50000,5000000.0,10,166393.0,175037.0,32812.0,142225.0
